mode,map,seed,config,minutes,result,stuck8,stuck10,worst_s,rescues,wall_s
Siege,ashfield,1,full,5.6,won,3,0,10,0,3
Siege,ashfield,2,obstacles,14.0,open,22,15,13,0,7
Siege,dunebreak,1,obstacles,6.8,won,2,1,11,0,3
Siege,dunebreak,2,light,3.6,won,1,1,11,0,2
Siege,frostpeak,1,light,3.5,won,1,0,9,0,2
Siege,frostpeak,2,full,14.0,open,8,4,14,0,7
Siege,ironport,1,full,7.3,won,0,0,0,0,3
Siege,ironport,2,obstacles,14.0,open,17,8,14,0,7
Siege,redrock,1,obstacles,5.6,won,5,3,15,0,3
Siege,redrock,2,light,9.6,won,1,0,9,0,4
Siege,whiteout,1,light,2.6,won,1,1,11,0,2
Siege,whiteout,2,full,12.9,won,5,5,14,0,7
Siege,greenvale,1,full,5.5,won,2,0,9,0,3
Siege,greenvale,2,obstacles,8.4,won,2,1,11,0,5
Siege,rustyard,1,obstacles,8.2,won,6,2,11,0,5
Siege,rustyard,2,light,11.2,won,7,3,11,0,5
Siege,emberridge,1,light,3.7,won,0,0,0,0,2
Siege,emberridge,2,full,14.0,open,10,3,11,0,7
Siege,junglepass,1,full,9.3,won,1,0,9,0,5
Siege,junglepass,2,obstacles,7.6,won,11,6,15,0,5
Siege,skyhold,1,obstacles,9.7,won,2,1,10,0,5
Siege,skyhold,2,light,7.1,won,0,0,0,0,3
Siege,metrocity,1,light,3.0,won,0,0,0,0,1
Siege,metrocity,2,full,14.0,open,9,4,16,0,7
Siege,landingbeach,1,full,4.8,won,3,0,10,0,3
Siege,landingbeach,2,obstacles,14.0,open,4,3,14,0,9
Siege,hydrodam,1,obstacles,6.0,won,5,1,10,0,5
Siege,hydrodam,2,light,8.1,won,3,0,10,0,5
Siege,capital,1,light,4.7,won,1,0,9,0,3
Siege,capital,2,full,10.9,won,19,8,20,0,7
Siege,launchsite,1,full,6.4,won,2,1,11,0,3
Siege,launchsite,2,obstacles,6.7,won,11,4,24,0,4
Siege,saltflat,1,obstacles,7.8,won,0,0,0,0,4
Siege,saltflat,2,light,3.5,won,0,0,0,0,2
Siege,borderbridge,1,light,3.3,won,2,2,18,0,1
Siege,borderbridge,2,full,14.0,open,17,6,14,0,7
Siege,swamp,1,full,14.0,open,54,20,24,0,8
Siege,swamp,2,obstacles,11.6,won,6,5,14,0,7
Siege,coralisles,1,obstacles,6.3,won,4,2,14,0,4
Siege,coralisles,2,light,14.0,open,16,7,19,0,8
