model,class,budgetClass,units,triangles,budgetMin,budgetMax,budgetStatus,overPct,hdTriangles,hdOver,partsRequired,partsMissing,muzzlesNeeded,muzzlesFound,muzzlesMissing,mountsMissing,flareMounts,apsMount,bossPartNodesMissing,reference,refConf,glbSize,propW,propH,propFlag,lod1Share,staticGrade,poorBecause,reasons
aa_57mm_vehicle,tracked,heavy,aa_57mm_vehicle,6028,4000,7000,ok,,,,14,mantlet idler roof_mg stowage,1,1,,,,,,,,5.74x2.59x2.67,,,,0.5,Kém,4 parts missing,"missing parts: mantlet, idler, roof_mg, stowage"
aa_gun_tower,tower,tower,aa_gun_tower,1724,2000,4000,under,,,,4,,1,1,,,,,,,,5.89x5.70x3.21,,,,0.588,Cần sửa,,triangles 1724 under 2000
aa_gun_vehicle,tracked,heavy,aa_gun_vehicle,3556,4000,7000,under,,,,14,mantlet idler skirts sight roof_mg smoke stowage,1,1,,,,,,,,5.64x2.62x2.98,,,,0.556,Kém,7 parts missing,"triangles 3556 under 4000 | missing parts: mantlet, idler, skirts, sight, roof_mg, smoke, stowage"
aa_turret,tower,tower,aa_turret,6306,2000,4000,over,+58%,,,4,,2,2,,,,,,,,5.44x4.50x3.21,,,,0.689,Kém,far over budget,triangles 6306 over 4000 (+58%) | LOD1 share 69%
aa_turret_a,tower,tower,aa_turret,6670,2000,4000,over,+67%,,,4,,2,1,Muzzle_missile 0/1,,,,,,,5.44x4.50x3.28,,,,0.674,Kém,far over budget,triangles 6670 over 4000 (+67%) | muzzles: Muzzle_missile 0/1 | LOD1 share 67%
aa_turret_b,tower,tower,aa_turret,2610,2000,4000,ok,,,,4,,2,2,,,,,,,,4.50x4.50x2.76,,,,0.619,Tốt,,
aa_vehicle,tracked,heavy,aa_vehicle,4964,4000,7000,ok,,12556,,14,mantlet idler sight roof_mg smoke stowage,2,2,,Mount_missile 0/1,,,,Flakpanzer Gepard 1A2 (aa_vehicle),approx,6.49x3.08x2.88,-1.7%,+3.7%,,0.486,Kém,6 parts missing,"missing parts: mantlet, idler, sight, roof_mg, smoke, stowage | mounts: Mount_missile 0/1"
aerial_tanker,jet,jet,aerial_tanker,4164,4000,7000,ok,,,,9,tail exhaust pylons stores,0,0,,,0/2,,,B-52H (same frame as the heavy bomber) (aerial_tanker),approx,19.98x22.62x5.68,-2.6%,+11.2%,off,0.35,Kém,4 parts missing,"missing parts: tail, exhaust, pylons, stores | Mount_Flare 0/2 | proportions vs B-52H (same frame as the heavy bomber): h/L +11%"
airborne_light_tank,tracked,heavy,airborne_light_tank,5550,4000,7000,ok,,,,14,mantlet idler roof_mg stowage,1,1,,,,,,,,6.45x2.62x1.85,,,,0.448,Kém,4 parts missing,"missing parts: mantlet, idler, roof_mg, stowage"
airborne_light_tank_chute,air_other,air_other,airborne_light_tank_chute,3514,0,7000,ok,,,,1,,0,0,,,,,,,,9.00x9.00x11.05,,,,0.344,Cần sửa,,LOD1 share 34%
airborne_vehicle,tracked,heavy,airborne_vehicle,3260,4000,7000,under,,,,14,mantlet idler skirts sight roof_mg smoke stowage,2,2,,,,,,,,5.16x2.62x1.88,,,,0.61,Kém,7 parts missing,"triangles 3260 under 4000 | missing parts: mantlet, idler, skirts, sight, roof_mg, smoke, stowage"
airborne_vehicle_chute,air_other,air_other,airborne_vehicle_chute,3262,0,7000,ok,,,,1,,0,0,,,,,,,,9.16x8.60x10.52,,,,0.293,Cần sửa,,LOD1 share 29%
ammo_carrier,wheeled,light,ammo_carrier,3388,3000,5000,ok,,,,7,axles,1,1,,,,,,M977 / M985 HEMTT (ammo_carrier),approx,8.37x2.02x2.48,+0.7%,+6.3%,,0.543,Cần sửa,,missing parts: axles
ammo_dump,tower,tower,ammo_depot,5276,2000,4000,over,+32%,,,4,base roof,0,0,,,,,,,,4.92x6.09x2.88,,,,0.524,Cần sửa,,"triangles 5276 over 4000 (+32%) | missing parts: base, roof"
amphib_light_vehicle,tracked,heavy,amphib_light_vehicle,4606,4000,7000,ok,,,,14,mantlet idler skirts roof_mg smoke stowage,1,1,,,,,,M2A3 Bradley (same frame as the IFV) (amphib_light_vehicle),approx,5.58x3.06x2.47,-0.2%,-2.7%,,0.524,Kém,6 parts missing,"missing parts: mantlet, idler, skirts, roof_mg, smoke, stowage"
armored_bulldozer,tracked,heavy,armored_bulldozer,3244,4000,7000,under,,,,14,turret mantlet idler skirts hatches sight smoke stowage,1,1,,,,,,Caterpillar D9R (IDF kit) (armored_bulldozer),approx,6.14x3.70x3.53,+13.5%,+16.3%,off,0.578,Kém,8 parts missing,"triangles 3244 under 4000 | missing parts: turret, mantlet, idler, skirts, hatches, sight, smoke, stowage | proportions vs Caterpillar D9R (IDF kit): w/L +14%, h/L +16%"
armored_car,wheeled,light,armored_car,2622,3000,5000,under,,,,7,glass stowage,2,2,,,,,,Pandur I 6x6 (armored_car),approx,4.87x2.08x1.49,-2.6%,-4.2%,,0.58,Cần sửa,,"triangles 2622 under 3000 | missing parts: glass, stowage"
armored_train,boss,boss,armored_train,21954,10000,20000,over,+10%,,,3,,7,5,muzzles 5/7,,,,,BP-35 armoured train (armored_train),inspiration,25.06x3.40x4.94,,,,0.088,Cần sửa,,triangles 21954 over 20000 (+10%) | muzzles: muzzles 5/7 | LOD1 share 9%
artillery,tracked,heavy,artillery,5326,4000,7000,ok,,12260,,14,mantlet idler skirts smoke,2,2,,,,,,M109A6 Paladin (artillery),high,7.80x3.18x2.89,+18.0%,+4.4%,off,0.417,Kém,4 parts missing,"missing parts: mantlet, idler, skirts, smoke | proportions vs M109A6 Paladin: w/L +18%"
artillery_emplacement,tower,tower,artillery_emplacement,7946,2000,4000,over,+99%,,,4,antenna,1,1,,,,,,,,8.54x6.81x3.36,,,,0.558,Kém,far over budget,triangles 7946 over 4000 (+99%) | missing parts: antenna
artillery_emplacement_a,tower,tower,artillery_emplacement,8426,2000,4000,over,+111%,,,4,,1,1,,,,,,,,10.05x7.15x3.91,,,,0.499,Kém,far over budget,triangles 8426 over 4000 (+111%)
artillery_emplacement_b,tower,tower,artillery_emplacement,5878,2000,4000,over,+47%,,,4,antenna,1,1,,,,,,,,7.00x6.81x3.31,,,,0.729,Cần sửa,,triangles 5878 over 4000 (+47%) | missing parts: antenna | LOD1 share 73%
at_gun_emplacement,tower,tower,at_gun_emplacement,1384,2000,4000,under,,,,4,base antenna,1,1,,,,,,,,5.81x4.70x1.80,,,,0.627,Cần sửa,,"triangles 1384 under 2000 | missing parts: base, antenna"
atgm_tower,tower,tower,atgm_tower,5374,2000,4000,over,+34%,,,4,,1,1,,,,,,,,5.19x5.19x4.96,,,,0.545,Cần sửa,,triangles 5374 over 4000 (+34%)
atgm_tower_a,tower,tower,atgm_tower,5926,2000,4000,over,+48%,,,4,,1,1,,,,,,,,5.19x5.19x6.83,,,,0.46,Cần sửa,,triangles 5926 over 4000 (+48%)
atgm_tower_b,tower,tower,atgm_tower,5974,2000,4000,over,+49%,,,4,,1,1,,,,,,,,5.19x5.19x4.96,,,,0.515,Cần sửa,,triangles 5974 over 4000 (+49%)
attack_helicopter,helicopter,helicopter,attack_helicopter,4722,4000,7000,ok,,6902,,8,,5,4,Muzzle_rocket 1/2,Mount_rocket 0/1; Mount_aam 0/1,0/2,,,AH-64D Apache Longbow (attack_helicopter),approx,6.35x4.44x2.02,-15.3%,+45.8%,far,0.381,Cần sửa,,"muzzles: Muzzle_rocket 1/2 | mounts: Mount_rocket 0/1, Mount_aam 0/1 | Mount_Flare 0/2 | proportions vs AH-64D Apache Longbow: w/L -15%, h/L +46%"
attack_jet,jet,jet,attack_jet,2732,4000,7000,under,,3800,,9,tail,5,5,,Mount_aam 0/1,0/2,,,Su-25 Frogfoot (attack_jet),high,6.15x6.04x1.84,+6.3%,-3.2%,,0.313,Cần sửa,,triangles 2732 under 4000 | missing parts: tail | mounts: Mount_aam 0/1 | Mount_Flare 0/2 | LOD1 share 31%
auto_loader_howitzer,tracked,heavy,auto_loader_howitzer,6520,4000,7000,ok,,,,14,mantlet idler stowage,1,1,,,,,,,,8.00x3.16x2.93,,,,0.366,Cần sửa,,"missing parts: mantlet, idler, stowage"
ballistic_launcher,wheeled,light,ballistic_launcher,2818,3000,5000,under,,,,7,axles stowage,1,1,,,,,,9P78-1 Iskander-M TEL (MZKT-7930) (ballistic_launcher),approx,10.71x2.53x4.21,+0.6%,,,0.364,Cần sửa,,"triangles 2818 under 3000 | missing parts: axles, stowage"
barrage_balloon,tower,tower,barrage_balloon,1748,2000,4000,under,,,,4,walls roof antenna,0,0,,,,,,,,9.20x3.78x15.97,,,,0.324,Cần sửa,,"triangles 1748 under 2000 | missing parts: walls, roof, antenna | LOD1 share 32%"
behemoth,boss,boss,behemoth mara_behemoth behemoth_mk0 behemoth_mk2,21610,10000,20000,over,+8%,,,3,,10,19,,,,0/1,,"Object 279 (four tracks, flat hull), a giant (behemoth)",inspiration,13.79x8.20x5.92,,,,0.16,Cần sửa,,triangles 21610 over 20000 (+8%) | Mount_APS missing | LOD1 share 16%
behemoth_inferno,boss,boss,behemoth_inferno,20046,10000,20000,over,+0%,,,3,,4,9,,,,,,Object 279 with a TOS-1A pack (behemoth_inferno),inspiration,12.59x6.50x5.53,,,,0.214,Cần sửa,,triangles 20046 over 20000 (+0%) | LOD1 share 21%
behemoth_tempest,boss,boss,behemoth_tempest,17418,10000,20000,ok,,,,3,,3,5,,,,0/1,railgun:Main_cannon*,Object 279 with a railgun (behemoth_tempest),inspiration,15.84x6.50x6.30,,,,0.157,Cần sửa,,Mount_APS missing | boss part nodes missing: railgun:Main_cannon* | LOD1 share 16%
blast_wall,obstacle,obstacle,blast_wall,792,0,6000,ok,,,,0,,0,0,,,,,,,,1.90x4.75x2.41,,,,1.0,Cần sửa,,LOD1 share 100%
bmpt,tracked,heavy,bmpt,5056,4000,7000,ok,,,,14,mantlet idler roof_mg smoke stowage,5,5,,,,,,BMPT Terminator (bmpt),none,6.08x2.96x2.38,,,,0.496,Kém,5 parts missing,"missing parts: mantlet, idler, roof_mg, smoke, stowage"
bridging_vehicle,tracked,heavy,bridging_vehicle,5148,4000,7000,ok,,,,14,mantlet idler smoke stowage,1,1,,,,,,,,6.44x3.06x2.01,,,,0.467,Kém,4 parts missing,"missing parts: mantlet, idler, smoke, stowage"
bulwark_post,structure,structure,bulwark_post,1710,2000,6000,under,,,,4,,1,1,,,,,,,,4.37x4.36x2.40,,,,0.723,Cần sửa,,triangles 1710 under 2000 | LOD1 share 72%
bunker_shelter_tower,tower,tower,bunker_shelter_tower,1228,2000,4000,under,,,,4,,0,0,,,,,,,,6.05x5.00x2.23,,,,0.57,Cần sửa,,triangles 1228 under 2000
bunker_vehicle,tracked,heavy,bunker_vehicle,7792,4000,7000,over,+11%,,,14,mantlet idler skirts stowage,2,2,,,,,,Strv 103 blade on an engineer hull (bunker_vehicle),inspiration,9.86x4.07x2.60,,,,0.509,Kém,4 parts missing,"triangles 7792 over 7000 (+11%) | missing parts: mantlet, idler, skirts, stowage"
c_ram,tower,tower,c_ram,6246,2000,4000,over,+56%,,,4,walls,1,1,,,,0/1,,,,5.59x5.59x5.41,,,,0.496,Kém,far over budget,triangles 6246 over 4000 (+56%) | missing parts: walls | Mount_APS missing
c_ram_a,tower,tower,c_ram,6694,2000,4000,over,+67%,,,4,walls,1,1,,,,0/1,,,,5.65x5.65x6.26,,,,0.486,Kém,far over budget,triangles 6694 over 4000 (+67%) | missing parts: walls | Mount_APS missing
c_ram_b,tower,tower,c_ram,7590,2000,4000,over,+90%,,,4,walls,1,1,,,,0/1,,,,5.59x5.59x5.41,,,,0.44,Kém,far over budget,triangles 7590 over 4000 (+90%) | missing parts: walls | Mount_APS missing
caspian,boss,boss,caspian,6766,10000,20000,under,,,,3,superstructure,3,1,muzzles 1/3,,,,,Lun-class ekranoplan (caspian),high,52.87x38.97x16.00,+23.6%,+16.3%,off,0.094,Cần sửa,,"triangles 6766 under 10000 | missing parts: superstructure | muzzles: muzzles 1/3 | proportions vs Lun-class ekranoplan: w/L +24%, h/L +16% | LOD1 share 9%"
cerberus,boss,boss,cerberus,12434,10000,20000,ok,,,,3,,10,12,,,,,,,,16.24x6.95x5.45,,,,0.304,Cần sửa,,LOD1 share 30%
coastal_ashm_vehicle,wheeled,light,coastal_ashm_vehicle,3508,3000,5000,ok,,,,7,axles stowage,1,1,,,,,,,,7.29x2.68x2.95,,,,0.343,Cần sửa,,"missing parts: axles, stowage | LOD1 share 34%"
coastal_battery,structure,structure,coastal_battery,4394,2000,6000,ok,,,,4,walls,1,1,,,,,,,,10.25x8.21x4.63,,,,0.406,Cần sửa,,missing parts: walls
combat_wreck_car,wheeled,light,combat_wreck_car,2794,3000,5000,under,,,,7,axles stowage,1,1,,,,,,Pandur I 6x6 (same frame as the armored car) (combat_wreck_car),approx,4.81x2.11x1.50,+0.0%,-2.3%,,0.46,Cần sửa,,"triangles 2794 under 3000 | missing parts: axles, stowage"
command_airship,boss,boss,command_airship argus,22840,10000,20000,over,+14%,,,3,,8,6,muzzles 6/8,,,,,Airlander 10 (command_airship),high,45.55x31.53x16.10,+46.4%,+25.1%,far,0.157,Kém,proportions > 25 % off (high-confidence reference),"triangles 22840 over 20000 (+14%) | muzzles: muzzles 6/8 | proportions vs Airlander 10: w/L +46%, h/L +25% | LOD1 share 16%"
command_hq,hq,hq,,5982,2000,6000,ok,,,,4,base walls,0,0,,,,,,,,13.87x16.05x17.57,,,,0.354,Cần sửa,,"missing parts: base, walls"
command_vehicle,wheeled,light,command_vehicle,3084,3000,5000,ok,,,,7,glass,1,1,,,,,,M1130 Stryker CV (command_vehicle),high,5.71x2.10x2.14,-5.9%,-1.2%,,0.506,Cần sửa,,missing parts: glass
counter_battery_radar,wheeled,light,counter_battery_radar,2396,3000,5000,under,,,,7,axles stowage,1,1,,,,,,AN/TPQ-53 on an FMTV (counter_battery_radar),none,6.66x2.30x2.90,,,,0.496,Cần sửa,,"triangles 2396 under 3000 | missing parts: axles, stowage"
cp_relay,tower,tower,cp_relay,2434,2000,4000,ok,,,,4,walls,0,0,,,,,,,,3.99x4.01x7.76,,,,0.434,Cần sửa,,missing parts: walls
cp_relay_a,tower,tower,cp_relay,2462,2000,4000,ok,,,,4,walls,0,0,,,,,,,,3.99x4.01x7.76,,,,,Cần sửa,,missing parts: walls
cp_relay_b,tower,tower,cp_relay,1512,2000,4000,under,,,,4,walls antenna,0,0,,,,,,,,4.30x3.99x3.74,,,,,Cần sửa,,"triangles 1512 under 2000 | missing parts: walls, antenna"
daedalus,boss,boss,daedalus,14772,10000,20000,ok,,,,3,running_gear,4,6,,,,0/1,,Daedalus (flying fortress) (daedalus),inspiration,37.08x20.42x12.79,,,,0.208,Cần sửa,,missing parts: running_gear | Mount_APS missing | LOD1 share 21%
dazzler_vehicle,wheeled,light,dazzler_vehicle,4640,3000,5000,ok,,,,7,axles stowage,1,1,,,,,,,,9.15x2.80x3.90,,,,0.293,Cần sửa,,"missing parts: axles, stowage | LOD1 share 29%"
demolition_line_vehicle,tracked,heavy,demolition_line_vehicle,6202,4000,7000,ok,,,,14,mantlet idler roof_mg smoke,1,1,,,,,,,,6.55x2.94x2.00,,,,0.506,Kém,4 parts missing,"missing parts: mantlet, idler, roof_mg, smoke"
dragons_teeth,obstacle,obstacle,dragons_teeth,1556,0,6000,ok,,,,0,,0,0,,,,,,,,2.48x5.17x1.27,,,,0.567,Tốt,,
dragons_teeth_a,obstacle,obstacle,dragons_teeth,2124,0,6000,ok,,,,0,,0,0,,,,,,,,2.44x5.25x1.46,,,,0.503,Tốt,,
dragons_teeth_b,obstacle,obstacle,dragons_teeth,4232,0,6000,ok,,,,0,,0,0,,,,,,,,2.44x5.09x1.37,,,,0.485,Tốt,,
drone_hangar,tower,tower,drone_hangar,7794,2000,4000,over,+95%,,,4,,1,1,,,,,,,,7.99x7.99x4.97,,,,0.365,Kém,far over budget,triangles 7794 over 4000 (+95%)
drone_hangar_a,tower,tower,drone_hangar,6634,2000,4000,over,+66%,,,4,,1,1,,,,,,,,7.99x7.99x5.45,,,,0.377,Kém,far over budget,triangles 6634 over 4000 (+66%)
drone_hangar_b,tower,tower,drone_hangar,9770,2000,4000,over,+144%,,,4,,1,1,,,,,,,,7.99x7.99x4.97,,,,0.284,Kém,far over budget,triangles 9770 over 4000 (+144%) | LOD1 share 28%
drone_hijack_vehicle,wheeled,light,drone_hijack_vehicle,3446,3000,5000,ok,,,,6,axles stowage,0,0,,,,,,,,9.13x2.78x3.80,,,,0.335,Cần sửa,,"missing parts: axles, stowage | LOD1 share 34%"
drone_mothership,boss,boss,drone_mothership locust,20206,10000,20000,over,+1%,,,3,,9,10,,,,,,Airlander 10 (drone_mothership),high,28.30x14.04x11.86,+4.9%,+48.3%,far,0.151,Kém,proportions > 25 % off (high-confidence reference),triangles 20206 over 20000 (+1%) | proportions vs Airlander 10: h/L +48% | LOD1 share 15%
drone_net_tower,obstacle,obstacle,drone_net_tower,1378,0,6000,ok,,,,0,,0,0,,,,,,,,6.00x4.08x4.60,,,,0.599,Tốt,,
drop_pod,air_other,air_other,drop_pod,2612,0,7000,ok,,,,1,,0,0,,,,,,Soyuz descent module (drop_pod),approx,3.21x3.23x6.31,+0.5%,+90.2%,far,0.59,Cần sửa,,proportions vs Soyuz descent module: h/L +90%
earth_borer,boss,boss,earth_borer,23130,10000,20000,over,+16%,,,3,,3,2,muzzles 2/3,,,,,Soviet 'Battle Mole' / TBM (earth_borer),inspiration,23.45x5.78x6.94,,,,0.184,Cần sửa,,triangles 23130 over 20000 (+16%) | muzzles: muzzles 2/3 | LOD1 share 18%
elite_aa,tracked,heavy,elite_aa,5456,4000,7000,ok,,,,14,mantlet idler sight roof_mg smoke stowage,2,2,,,,,,Flakpanzer Gepard 1A2 (Skyranger kit) (elite_aa),approx,7.46x3.54x3.31,-1.7%,+3.7%,,0.481,Kém,6 parts missing,"missing parts: mantlet, idler, sight, roof_mg, smoke, stowage"
elite_apc,tracked,heavy,elite_apc,5480,4000,7000,ok,,,,14,mantlet idler roof_mg stowage,3,3,,,,,,M2A3 Bradley (elite_apc),high,6.39x3.50x3.02,-0.4%,+3.8%,,0.534,Kém,4 parts missing,"missing parts: mantlet, idler, roof_mg, stowage"
elite_attack_helicopter,helicopter,helicopter,elite_attack_helicopter,4398,4000,7000,ok,,,,8,,4,4,,Mount_aam 0/1,,,,AH-64D Apache Longbow (elite_attack_helicopter),approx,6.98x4.88x2.22,-15.3%,+45.8%,far,0.413,Cần sửa,,"mounts: Mount_aam 0/1 | proportions vs AH-64D Apache Longbow: w/L -15%, h/L +46%"
elite_heavy_tank,tracked,heavy,elite_heavy_tank,5754,4000,7000,ok,,,,14,mantlet idler stowage,3,3,,,,,,Object 195 / T-95 (elite_heavy_tank),none,9.64x3.46x2.51,,,,0.355,Cần sửa,,"missing parts: mantlet, idler, stowage"
elite_mbt,tracked,heavy,elite_mbt,7288,4000,7000,over,+4%,,,14,mantlet idler,3,3,,,,,,T-90 (elite_mbt),high,8.96x3.53x2.65,+0.4%,+27.9%,far,0.375,Kém,proportions > 25 % off (high-confidence reference),"triangles 7288 over 7000 (+4%) | missing parts: mantlet, idler | proportions vs T-90: h/L +28%"
elite_mlrs,wheeled,light,elite_mlrs,2692,3000,5000,under,,,,7,axles stowage,2,2,,,,,,M142 HIMARS (elite_mlrs),high,7.00x2.30x3.01,-4.2%,-5.9%,,0.575,Cần sửa,,"triangles 2692 under 3000 | missing parts: axles, stowage"
elite_tank_destroyer,tracked,heavy,elite_tank_destroyer,4794,4000,7000,ok,,,,14,mantlet idler skirts smoke stowage,2,2,,,,,,2S25 Sprut-SD (elite_tank_destroyer),approx,9.10x3.06x2.30,+4.2%,-19.0%,off,0.348,Kém,5 parts missing,"missing parts: mantlet, idler, skirts, smoke, stowage | proportions vs 2S25 Sprut-SD: h/L -19% | LOD1 share 35%"
engineer_vehicle,tracked,heavy,engineer_vehicle,3670,4000,7000,under,,,,14,mantlet idler skirts sight roof_mg smoke stowage,1,1,,,,,,M88A1 recovery vehicle (engineer_vehicle),approx,6.45x3.02x2.01,+12.8%,-17.3%,off,0.529,Kém,7 parts missing,"triangles 3670 under 4000 | missing parts: mantlet, idler, skirts, sight, roof_mg, smoke, stowage | proportions vs M88A1 recovery vehicle: w/L +13%, h/L -17%"
ew_jammer,wheeled,light,ew_jammer,2274,3000,5000,under,,,,7,axles stowage,1,1,,,,,,Krasukha-4 (BAZ-6910) (ew_jammer),none,9.01x2.76x3.85,,,,0.487,Cần sửa,,"triangles 2274 under 3000 | missing parts: axles, stowage"
ew_tower,tower,tower,ew_tower,5936,2000,4000,over,+48%,,,4,,0,0,,,,,,,,3.99x3.99x10.08,,,,0.249,Cần sửa,,triangles 5936 over 4000 (+48%) | LOD1 share 25%
ew_tower_a,tower,tower,ew_tower,6268,2000,4000,over,+57%,,,4,,0,0,,,,,,,,4.24x4.29x9.29,,,,0.328,Kém,far over budget,triangles 6268 over 4000 (+57%) | LOD1 share 33%
ew_tower_b,tower,tower,ew_tower,5376,2000,4000,over,+34%,,,4,,0,0,,,,,,,,3.99x3.99x9.64,,,,0.256,Cần sửa,,triangles 5376 over 4000 (+34%) | LOD1 share 26%
fibre_fpv_carrier,wheeled,light,fibre_fpv_carrier,1324,3000,5000,under,,,,7,axles,2,1,Muzzle_rocket 0/1,Mount_rocket 0/1,,,,,,4.69x2.00x1.62,,,,0.698,Kém,far under budget,triangles 1324 under 3000 | missing parts: axles | muzzles: Muzzle_rocket 0/1 | mounts: Mount_rocket 0/1 | LOD1 share 70%
fighter_jet,jet,jet,fighter_jet,4308,4000,7000,ok,,14216,,9,tail,3,3,,Mount_aam 0/1,0/2,,,Su-27 Flanker (fighter_jet),high,8.64x5.85x2.15,+1.0%,-7.9%,,0.178,Cần sửa,,missing parts: tail | mounts: Mount_aam 0/1 | Mount_Flare 0/2 | LOD1 share 18%
fire_control_centre,tower,tower,fire_control_centre,612,2000,4000,under,,,,4,walls roof,0,0,,,,,,,,6.38x5.80x5.45,,,,0.477,Kém,far under budget,"triangles 612 under 2000 | missing parts: walls, roof"
flame_tank,tracked,heavy,flame_tank,5258,4000,7000,ok,,,,14,mantlet idler skirts sight roof_mg smoke stowage,2,2,,,,,,TO-55 (T-55 hull) (flame_tank),approx,7.12x2.68x1.91,+2.8%,+2.8%,,0.463,Kém,7 parts missing,"missing parts: mantlet, idler, skirts, sight, roof_mg, smoke, stowage"
flare_searchlight_tower,tower,tower,flare_searchlight_tower,2296,2000,4000,ok,,,,4,base walls,0,0,,,,,,,,3.60x3.60x5.02,,,,0.442,Cần sửa,,"missing parts: base, walls"
flare_tower,tower,tower,flare_tower,680,2000,4000,under,,,,4,walls antenna,0,0,,,,,,,,3.31x3.00x4.47,,,,0.612,Kém,far under budget,"triangles 680 under 2000 | missing parts: walls, antenna"
fortress_bastion,boss,boss,fortress_bastion bastion_mk0,25064,10000,20000,over,+25%,,,3,,11,13,,,,,mortar:Main_cannon*,Crawler-Transporter gun bastion (fortress_bastion),inspiration,22.07x9.10x8.88,,,,0.121,Cần sửa,,triangles 25064 over 20000 (+25%) | boss part nodes missing: mortar:Main_cannon* | LOD1 share 12%
fortress_hive,boss,boss,fortress_hive,19334,10000,20000,ok,,,,3,,5,5,,,,,,Crawler-Transporter drone hive (fortress_hive),inspiration,16.09x9.10x8.31,,,,0.188,Cần sửa,,LOD1 share 19%
fpv_carrier,wheeled,light,fpv_carrier,2484,3000,5000,under,,,,7,axles,2,2,,,,,,KamAZ-63968 Typhoon-K (fpv_carrier),approx,7.42x2.04x2.88,-3.1%,+2.4%,,0.541,Cần sửa,,triangles 2484 under 3000 | missing parts: axles
garuda,boss,boss,garuda,2840,10000,20000,under,,,,3,body,8,6,muzzles 6/8,,,,,B-2A Spirit (garuda),high,27.87x70.00x4.48,+0.6%,-34.9%,far,0.076,Kém,far under budget; proportions > 25 % off (high-confidence reference),triangles 2840 under 10000 | missing parts: body | muzzles: muzzles 6/8 | proportions vs B-2A Spirit: h/L -35% | LOD1 share 8%
glide_bomber,jet,jet,glide_bomber,1624,4000,7000,under,,,,9,intakes exhaust pylons,1,1,,,0/2,,,,,9.35x5.90x1.94,,,,0.263,Kém,far under budget,"triangles 1624 under 4000 | missing parts: intakes, exhaust, pylons | Mount_Flare 0/2 | LOD1 share 26%"
gps_jammer_vehicle,wheeled,light,gps_jammer_vehicle,4396,3000,5000,ok,,,,7,axles stowage,1,1,,,,,,,,9.15x2.72x3.85,,,,0.312,Cần sửa,,"missing parts: axles, stowage | LOD1 share 31%"
grad_truck,wheeled,light,elite_grad,6342,3000,5000,over,+27%,,,7,stowage,2,2,,,,,,BM-21 Grad (Ural-375D) (elite_grad),high,7.52x2.55x3.74,+3.8%,+18.3%,off,0.42,Cần sửa,,triangles 6342 over 5000 (+27%) | missing parts: stowage | proportions vs BM-21 Grad (Ural-375D): h/L +18%
ground_cruise_missile_vehicle,wheeled,light,ground_cruise_missile_vehicle,3868,3000,5000,ok,,,,7,axles stowage,1,1,,,,,,,,7.31x2.74x3.00,,,,0.342,Cần sửa,,"missing parts: axles, stowage | LOD1 share 34%"
ground_drone_carrier,tracked,heavy,ground_drone_carrier,4274,4000,7000,ok,,,,14,mantlet idler skirts roof_mg smoke stowage,1,1,,,,,,,,5.07x2.04x2.39,,,,0.599,Kém,6 parts missing,"missing parts: mantlet, idler, skirts, roof_mg, smoke, stowage"
guard_tower,tower,tower,guard_tower,6772,2000,4000,over,+69%,,,4,,1,1,,,,,,,,3.50x3.79x11.62,,,,0.233,Kém,far over budget,triangles 6772 over 4000 (+69%) | LOD1 share 23%
guard_tower_a,tower,tower,guard_tower,7488,2000,4000,over,+87%,,,4,,1,1,,,,,,,,3.50x3.79x13.72,,,,0.203,Kém,far over budget,triangles 7488 over 4000 (+87%) | LOD1 share 20%
guard_tower_b,tower,tower,guard_tower,2746,2000,4000,ok,,,,4,antenna,1,1,,,,,,,,4.32x3.50x1.81,,,,0.681,Cần sửa,,missing parts: antenna | LOD1 share 68%
gun_turret,tower,tower,gun_turret,6430,2000,4000,over,+61%,,,4,,1,1,,,,,,,,8.90x4.99x4.00,,,,0.265,Kém,far over budget,triangles 6430 over 4000 (+61%) | LOD1 share 26%
gun_turret_a,tower,tower,gun_turret,6702,2000,4000,over,+68%,,,4,,1,1,,,,,,,,10.90x4.99x4.00,,,,0.206,Kém,far over budget,triangles 6702 over 4000 (+68%) | LOD1 share 21%
gun_turret_b,tower,tower,gun_turret,7006,2000,4000,over,+75%,,,4,,1,1,,,,,,,,7.20x4.99x4.00,,,,0.361,Kém,far over budget,triangles 7006 over 4000 (+75%)
gunship_heli,helicopter,helicopter,gunship_heli,4660,4000,7000,ok,,,,8,stub_wings,5,5,,Turret (main mount),0/2,,,Mi-24 Hind (gunship_heli),high,7.62x6.58x2.10,-12.7%,-25.6%,far,0.348,Kém,proportions > 25 % off (high-confidence reference),"missing parts: stub_wings | mounts: Turret (main mount) | Mount_Flare 0/2 | proportions vs Mi-24 Hind: w/L -13%, h/L -26% | LOD1 share 35%"
headquarters,hq,hq,headquarters,14164,2000,6000,over,+136%,,,4,,5,5,,Mount_mg 1/2,,,,,,12.73x14.10x9.40,,,,0.285,Kém,far over budget,triangles 14164 over 6000 (+136%) | mounts: Mount_mg 1/2 | LOD1 share 28%
heavy_aa,wheeled,light,heavy_aa,4524,3000,5000,ok,,,,7,axles stowage,2,2,,,,,,Pantsir-S1 (KamAZ-6560) (heavy_aa),none,9.80x2.68x2.85,,,,0.286,Cần sửa,,"missing parts: axles, stowage | LOD1 share 29%"
heavy_bomber,jet,jet,heavy_bomber,3540,4000,7000,under,,,,9,,3,3,,Mount_gun 0/1,0/2,,,B-52H Stratofortress (heavy_bomber),high,19.80x22.62x5.70,-1.8%,+12.6%,off,0.136,Cần sửa,,triangles 3540 under 4000 | mounts: Mount_gun 0/1 | Mount_Flare 0/2 | proportions vs B-52H Stratofortress: h/L +13% | LOD1 share 14%
heavy_flak_tower,tower,tower,heavy_flak_tower,1116,2000,4000,under,,,,4,antenna,1,1,,,,,,,,6.97x6.70x3.81,,,,0.844,Cần sửa,,triangles 1116 under 2000 | missing parts: antenna | LOD1 share 84%
heavy_lift_helicopter,helicopter,helicopter,heavy_lift_helicopter,3858,4000,7000,under,,,,8,weapons,0,0,,,0/2,,,,,7.55x6.58x2.11,,,,0.39,Cần sửa,,triangles 3858 under 4000 | missing parts: weapons | Mount_Flare 0/2
heavy_rocket_artillery,wheeled,light,heavy_rocket_artillery,3668,3000,5000,ok,,,,7,axles stowage,1,1,,,,,,9A52-2 Smerch (MAZ-543M) (heavy_rocket_artillery),approx,10.00x2.44x3.04,-3.2%,+20.6%,off,0.491,Cần sửa,,"missing parts: axles, stowage | proportions vs 9A52-2 Smerch (MAZ-543M): h/L +21%"
heavy_tank,tracked,heavy,heavy_tank,5662,4000,7000,ok,,13536,,14,mantlet idler stowage,3,3,,,,,,Object 195 / T-95 (heavy_tank),none,8.38x3.01x2.18,,,,0.357,Cần sửa,,"missing parts: mantlet, idler, stowage"
heavy_turret,tower,tower,heavy_turret spawn_bastion,9514,2000,4000,over,+138%,,,4,,2,2,,,,,,,,10.26x7.99x6.11,,,,0.334,Kém,far over budget,triangles 9514 over 4000 (+138%) | LOD1 share 33%
heavy_turret_a,tower,tower,heavy_turret spawn_bastion,9670,2000,4000,over,+142%,,,4,,2,1,Muzzle_main 1/2 (main),,,,,,,12.66x7.99x6.11,,,,0.276,Kém,far over budget; main muzzle missing,triangles 9670 over 4000 (+142%) | muzzles: Muzzle_main 1/2 (main) | LOD1 share 28%
heavy_turret_b,tower,tower,heavy_turret spawn_bastion,11958,2000,4000,over,+199%,,,4,,2,1,Muzzle_main 1/2 (main),,,,,,,10.26x7.99x6.11,,,,0.315,Kém,far over budget; main muzzle missing,triangles 11958 over 4000 (+199%) | muzzles: Muzzle_main 1/2 (main) | LOD1 share 32%
helipad,obstacle,obstacle,airfield airfield.hangar airfield.service,1032,0,6000,ok,,,,0,,0,0,,,,,,,,10.00x10.00x0.12,,,,0.202,Cần sửa,,LOD1 share 20%
helipad_a,obstacle,obstacle,airfield airfield.hangar airfield.service,1252,0,6000,ok,,,,0,,0,0,,,,,,,,10.00x10.00x3.77,,,,0.335,Cần sửa,,LOD1 share 34%
helipad_b,obstacle,obstacle,airfield airfield.hangar airfield.service,1988,0,6000,ok,,,,0,,0,0,,,,,,,,10.00x10.00x1.94,,,,0.358,Tốt,,
hover_gunboat,ground,light,hover_gunboat,2202,3000,5000,under,,,,2,,1,1,,,,,,air-cushion gunboat with an AK-630 (hover_gunboat),inspiration,14.00x3.94x3.67,,,,0.45,Cần sửa,,triangles 2202 under 3000
hydra_sub,boss,boss,hydra,7548,10000,20000,under,,,,3,,3,6,,,,,,,,34.80x7.20x7.83,,,,0.117,Cần sửa,,triangles 7548 under 10000 | LOD1 share 12%
hyperion,boss,boss,hyperion,7914,10000,20000,under,,,,3,,7,8,,,,0/1,,,,66.80x43.70x19.88,,,,0.155,Cần sửa,,triangles 7914 under 10000 | Mount_APS missing | LOD1 share 16%
ifv,tracked,heavy,ifv,5040,4000,7000,ok,,,,14,mantlet idler roof_mg stowage,3,3,,,,,,M2A3 Bradley (ifv),high,5.55x3.04x2.50,-0.4%,-1.2%,,0.534,Kém,4 parts missing,"missing parts: mantlet, idler, roof_mg, stowage"
inflatable_decoy,tower,tower,inflatable_decoy,1378,2000,4000,under,,,,4,base walls roof antenna,0,0,,,,,,,,5.33x4.82x2.32,,,,0.467,Kém,4 parts missing,"triangles 1378 under 2000 | missing parts: base, walls, roof, antenna"
interceptor_drone_vehicle,wheeled,light,interceptor_drone_vehicle,1494,3000,5000,under,,,,7,axles stowage,2,1,Muzzle_aam 0/1,Mount_aam 0/1,,,,,,5.00x2.10x2.71,,,,0.652,Kém,far under budget,"triangles 1494 under 3000 | missing parts: axles, stowage | muzzles: Muzzle_aam 0/1 | mounts: Mount_aam 0/1 | LOD1 share 65%"
interceptor_jet,jet,jet,interceptor_jet,1500,4000,7000,under,,,,9,exhaust pylons,2,1,Muzzle_aam 0/1,Mount_aam 0/1,0/2,,,,,9.15x5.40x2.18,,,,0.247,Kém,far under budget,"triangles 1500 under 4000 | missing parts: exhaust, pylons | muzzles: Muzzle_aam 0/1 | mounts: Mount_aam 0/1 | Mount_Flare 0/2 | LOD1 share 25%"
iron_beam,wheeled,light,iron_beam,2888,3000,5000,under,,,,7,axles stowage,1,1,,,,0/1,,Rafael Iron Beam (iron_beam),none,8.21x2.05x2.88,,,,0.555,Cần sửa,,"triangles 2888 under 3000 | missing parts: axles, stowage | Mount_APS missing"
ixion,boss,boss,ixion,17324,10000,20000,ok,,,,3,,3,4,,,,,,BelAZ-75710 (ixion),high,25.98x12.02x10.06,-3.5%,-2.3%,,0.367,Tốt,,
kraken,boss,boss,kraken,10796,10000,20000,ok,,,,3,,7,15,,,,0/1,,,,109.80x19.00x23.60,,,,0.041,Cần sửa,,Mount_APS missing | LOD1 share 4%
kronos,boss,boss,kronos,13194,10000,20000,ok,,,,3,,5,3,muzzles 3/5,,,,,Bagger 288 (kronos),high,48.56x16.20x16.06,+59.5%,-24.2%,far,0.092,Kém,proportions > 25 % off (high-confidence reference),"muzzles: muzzles 3/5 | proportions vs Bagger 288: w/L +60%, h/L -24% | LOD1 share 9%"
lancet_truck,wheeled,light,lancet_truck,2314,3000,5000,under,,,,7,axles,2,2,,,,,,KamAZ-63968 Typhoon-K (lancet_truck),approx,7.42x2.04x2.70,-3.1%,-3.9%,,0.464,Cần sửa,,triangles 2314 under 3000 | missing parts: axles
landing_craft,ship,ship,landing_craft,498,8000,15000,under,,,,7,mast turrets ciws boats,1,1,,,,,,LCM-8 (landing_craft),high,16.76x7.00x4.78,+46.2%,,far,0.289,Kém,far under budget; 4 parts missing; proportions > 25 % off (high-confidence reference),"triangles 498 under 8000 | missing parts: mast, turrets, ciws, boats | proportions vs LCM-8: w/L +46% | LOD1 share 29%"
landing_hovercraft,boss,boss,landing_hovercraft,16984,10000,20000,ok,,,,3,,6,7,,,,0/1,,LCAC (landing_hovercraft),high,29.29x15.90x9.08,+1.8%,,,0.126,Cần sửa,,Mount_APS missing | LOD1 share 13%
laser_ad_station,tower,tower,laser_ad_station,390,2000,4000,under,,,,4,walls,1,1,,,,0/1,,,,5.80x3.90x4.34,,,,0.831,Kém,far under budget,triangles 390 under 2000 | missing parts: walls | Mount_APS missing | LOD1 share 83%
laser_tank,tracked,heavy,laser_tank,3844,4000,7000,under,,,,14,mantlet idler skirts roof_mg smoke stowage,1,1,,,,,,beam director on a tracked chassis (laser_tank),inspiration,6.09x2.82x2.74,,,,0.549,Kém,6 parts missing,"triangles 3844 under 4000 | missing parts: mantlet, idler, skirts, roof_mg, smoke, stowage"
leviathan,boss,boss,leviathan scylla,26744,10000,20000,over,+34%,,,3,,7,30,,,,0/1,,Iowa-class battleship (leviathan),high,87.11x16.50x25.41,+55.2%,,far,0.043,Kém,proportions > 25 % off (high-confidence reference),triangles 26744 over 20000 (+34%) | Mount_APS missing | proportions vs Iowa-class battleship: w/L +55% | LOD1 share 4%
light_attack_heli,helicopter,helicopter,light_attack_heli,3418,4000,7000,under,,,,8,,2,1,Muzzle_missile 0/1,Turret (main mount),0/2,,,AH-6 Little Bird (same frame as the scout) (light_attack_heli),approx,3.85x3.21x1.53,-1.6%,+56.9%,far,0.533,Cần sửa,,triangles 3418 under 4000 | muzzles: Muzzle_missile 0/1 | mounts: Turret (main mount) | Mount_Flare 0/2 | proportions vs AH-6 Little Bird (same frame as the scout): h/L +57%
light_tank,tracked,heavy,light_tank,4350,4000,7000,ok,,10762,,14,mantlet idler skirts roof_mg smoke stowage,2,2,,,,,,PT-76 (light_tank),high,6.34x2.62x1.87,+0.0%,-3.6%,,0.509,Kém,6 parts missing,"missing parts: mantlet, idler, skirts, roof_mg, smoke, stowage"
logistics_station,tower,tower,logistics_station,1576,2000,4000,under,,,,4,walls roof antenna,0,0,,,,,,,,10.00x8.02x3.47,,,,0.321,Cần sửa,,"triangles 1576 under 2000 | missing parts: walls, roof, antenna | LOD1 share 32%"
long_sam,wheeled,light,long_sam,2980,3000,5000,under,,,,7,axles stowage,1,1,,,,,,S-400 5P85SM2 TEL (long_sam),none,11.02x2.46x2.59,,,,0.462,Cần sửa,,"triangles 2980 under 3000 | missing parts: axles, stowage"
main_battle_tank,tracked,heavy,main_battle_tank decoy_tank,7196,4000,7000,over,+3%,16462,,14,mantlet idler,3,3,,,,,,Leopard 2A4 (main_battle_tank),high,7.79x3.07x2.31,+3.0%,+15.5%,off,0.377,Cần sửa,,"triangles 7196 over 7000 (+3%) | missing parts: mantlet, idler | proportions vs Leopard 2A4: h/L +15%"
manpads_tower,tower,tower,manpads_tower,1750,2000,4000,under,,,,4,,1,1,,,,,,,,3.24x3.24x2.43,,,,0.838,Cần sửa,,triangles 1750 under 2000 | LOD1 share 84%
mega_gunship,boss,boss,mega_gunship,11476,10000,20000,ok,,,,3,,9,7,muzzles 7/9,,,,,CH-47F Chinook (mega_gunship),high,20.59x13.33x6.08,+6.6%,+56.5%,far,0.175,Kém,proportions > 25 % off (high-confidence reference),muzzles: muzzles 7/9 | proportions vs CH-47F Chinook: h/L +57% | LOD1 share 18%
mg_bunker,tower,tower,mg_bunker,3904,2000,4000,ok,,,,4,base,1,1,,,,,,,,4.40x4.44x3.33,,,,0.694,Cần sửa,,missing parts: base | LOD1 share 69%
mg_bunker_a,tower,tower,mg_bunker,4204,2000,4000,over,+5%,,,4,base,1,1,,,,,,,,5.35x4.44x3.33,,,,0.622,Cần sửa,,triangles 4204 over 4000 (+5%) | missing parts: base
mg_bunker_b,tower,tower,mg_bunker,4060,2000,4000,over,+1%,,,4,base,1,1,,,,,,,,5.05x4.44x3.33,,,,0.613,Cần sửa,,triangles 4060 over 4000 (+1%) | missing parts: base
microwave_vehicle,wheeled,light,microwave_vehicle,1664,3000,5000,under,,,,6,axles stowage,0,0,,,,,,,,6.00x2.14x3.10,,,,0.632,Cần sửa,,"triangles 1664 under 3000 | missing parts: axles, stowage"
mine_layer,tracked,heavy,mine_layer,3872,4000,7000,under,,,,14,mantlet idler skirts sight roof_mg smoke stowage,1,1,,,,,,GMZ-3 (mine_layer),none,7.62x2.74x1.97,,,,0.422,Kém,7 parts missing,"triangles 3872 under 4000 | missing parts: mantlet, idler, skirts, sight, roof_mg, smoke, stowage"
mine_rocket_truck,wheeled,light,mine_rocket_truck,5012,3000,5000,over,+0%,,,6,axles stowage,0,0,,,,,,,,6.16x2.05x2.60,,,,0.381,Cần sửa,,"triangles 5012 over 5000 (+0%) | missing parts: axles, stowage"
minefield,obstacle,obstacle,minefield,3198,0,6000,ok,,,,0,,0,0,,,,,,,,4.87x4.87x1.11,,,,0.465,Tốt,,
minefield_a,obstacle,obstacle,minefield,3780,0,6000,ok,,,,0,,0,0,,,,,,,,4.87x4.87x1.11,,,,,Tốt,,
minefield_b,obstacle,obstacle,minefield,4560,0,6000,ok,,,,0,,0,0,,,,,,,,4.87x4.87x1.11,,,,,Tốt,,
missile_battery,tower,tower,missile_battery,7242,2000,4000,over,+81%,,,4,,1,1,,,,,,,,6.99x9.09x7.33,,,,0.436,Kém,far over budget,triangles 7242 over 4000 (+81%)
missile_battery_a,tower,tower,missile_battery,8654,2000,4000,over,+116%,,,4,,1,1,,,,,,,,6.99x9.09x7.33,,,,0.388,Kém,far over budget,triangles 8654 over 4000 (+116%)
missile_battery_b,tower,tower,missile_battery,7290,2000,4000,over,+82%,,,4,,1,1,,,,,,,,6.99x10.09x7.94,,,,0.386,Kém,far over budget,triangles 7290 over 4000 (+82%)
missile_boat,ship,ship,missile_boat,630,8000,15000,under,,,,7,turrets ciws boats,2,2,,,,,,,,14.00x3.85x4.40,,,,0.267,Kém,far under budget,"triangles 630 under 8000 | missing parts: turrets, ciws, boats | LOD1 share 27%"
mlrs,wheeled,light,mlrs,2652,3000,5000,under,,,,7,axles stowage,1,1,,,,,,M142 HIMARS (mlrs),high,6.09x2.00x2.62,-4.2%,-5.9%,,0.576,Cần sửa,,"triangles 2652 under 3000 | missing parts: axles, stowage"
mobile_fortress,boss,boss,mobile_fortress fenrir,23256,10000,20000,over,+16%,,,3,,8,9,,,,,,NASA Crawler-Transporter (mobile_fortress),high,16.09x9.10x8.30,-35.0%,+237.6%,far,0.172,Kém,proportions > 25 % off (high-confidence reference),"triangles 23256 over 20000 (+16%) | proportions vs NASA Crawler-Transporter: w/L -35%, h/L +238% | LOD1 share 17%"
mobile_repair_vehicle,wheeled,light,mobile_repair_vehicle,3668,3000,5000,ok,,,,7,axles stowage,1,1,,,,,,M88A1 (same frame as the engineer vehicle) (mobile_repair_vehicle),approx,6.49x3.00x2.06,+11.5%,-15.9%,off,0.382,Cần sửa,,"missing parts: axles, stowage | proportions vs M88A1 (same frame as the engineer vehicle): w/L +11%, h/L -16%"
moloch,boss,boss,moloch,10244,10000,20000,ok,,,,3,running_gear,7,13,,,,,,tracked mobile factory (moloch),inspiration,26.48x14.40x12.06,,,,0.115,Cần sửa,,missing parts: running_gear | LOD1 share 12%
monster,boss,boss,monster,23626,10000,20000,over,+18%,,,3,,11,14,,,,,mortar:Main_cannon*,2B1 Oka / Object 271 (monster),inspiration,40.05x21.90x12.93,,,,0.122,Cần sửa,,triangles 23626 over 20000 (+18%) | boss part nodes missing: mortar:Main_cannon* | LOD1 share 12%
morrigan,boss,boss,morrigan,1344,10000,20000,under,,,,3,running_gear,4,4,,,,,,Su-57 (morrigan),high,20.80x13.49x3.58,-7.5%,-24.9%,off,0.204,Kém,far under budget,triangles 1344 under 10000 | missing parts: running_gear | proportions vs Su-57: h/L -25% | LOD1 share 20%
mortar_carrier,tracked,heavy,mortar_carrier,3242,4000,7000,under,,,,14,mantlet idler skirts smoke stowage,2,2,,,,,,M1064 (M113A3 hull) (mortar_carrier),high,4.21x2.30x3.22,-1.2%,+48.6%,far,0.637,Kém,5 parts missing; proportions > 25 % off (high-confidence reference),"triangles 3242 under 4000 | missing parts: mantlet, idler, skirts, smoke, stowage | proportions vs M1064 (M113A3 hull): h/L +49%"
next_gen_tank,tracked,heavy,next_gen_tank,6620,4000,7000,ok,,,,14,mantlet idler smoke stowage,1,1,,,,0/1,,Leopard 2A4 (same frame as the MBT) (next_gen_tank),approx,7.79x3.10x2.29,+4.0%,+14.5%,off,0.387,Kém,4 parts missing,"missing parts: mantlet, idler, smoke, stowage | Mount_APS missing | proportions vs Leopard 2A4 (same frame as the MBT): h/L +14%"
nlos_atgm_vehicle,wheeled,light,nlos_atgm_vehicle,2048,3000,5000,under,,,,7,axles stowage,2,2,,,,,,,,6.20x2.14x3.02,,,,0.503,Cần sửa,,"triangles 2048 under 3000 | missing parts: axles, stowage"
nuke_train,boss,boss,nuke_train,36310,10000,20000,over,+82%,,,3,,6,9,,,,,,RT-23 Molodets BZhRK (nuke_train),inspiration,41.23x3.44x4.93,,,,0.051,Kém,far over budget,triangles 36310 over 20000 (+82%) | LOD1 share 5%
nyx,boss,boss,nyx,3526,10000,20000,under,,,,3,superstructure,7,3,muzzles 3/7,,,0/1,,,,52.90x8.90x11.00,,,,0.118,Kém,far under budget,triangles 3526 under 10000 | missing parts: superstructure | muzzles: muzzles 3/7 | Mount_APS missing | LOD1 share 12%
one_shot_atgm_tower,tower,tower,one_shot_atgm_tower,2186,2000,4000,ok,,,,4,,1,1,,,,,,,,4.81x4.80x3.57,,,,0.658,Cần sửa,,LOD1 share 66%
prop_attack_plane,jet,jet,prop_attack_plane,2994,4000,7000,under,,,,9,tail intakes exhaust,2,2,,,0/2,,,,,6.05x6.04x1.77,,,,0.539,Cần sửa,,"triangles 2994 under 4000 | missing parts: tail, intakes, exhaust | Mount_Flare 0/2"
radar_atgm_vehicle,tracked,heavy,radar_atgm_vehicle,2672,4000,7000,under,,,,14,mantlet idler skirts hatches sight roof_mg smoke stowage,1,1,,,,,,,,5.67x2.64x2.54,,,,0.576,Kém,8 parts missing,"triangles 2672 under 4000 | missing parts: mantlet, idler, skirts, hatches, sight, roof_mg, smoke, stowage"
radar_scout,wheeled,light,radar_scout,1192,3000,5000,under,,,,7,axles glass stowage,1,1,,,,,,,,4.66x2.04x4.22,,,,0.661,Kém,far under budget,"triangles 1192 under 3000 | missing parts: axles, glass, stowage | LOD1 share 66%"
radar_site,tower,tower,radar_station,900,2000,4000,under,,,,4,walls,0,0,,,,,,,,7.90x8.12x8.04,,,,0.56,Kém,far under budget,triangles 900 under 2000 | missing parts: walls
radar_support_vehicle,wheeled,light,radar_support_vehicle,3368,3000,5000,ok,,,,7,axles stowage,1,1,,,,,,,,4.63x2.02x4.00,,,,0.54,Cần sửa,,"missing parts: axles, stowage"
rail_supergun,boss,boss,rail_supergun,36726,10000,20000,over,+84%,,,3,,5,6,,,,,,EM railgun on a BZhRK train (rail_supergun),inspiration,63.92x8.84x16.53,,,,0.034,Kém,far over budget,triangles 36726 over 20000 (+84%) | LOD1 share 3%
railgun_truck,wheeled,light,railgun_truck,2924,3000,5000,under,,,,7,axles stowage,1,1,,,,,,EM railgun on an 8x8 (railgun_truck),inspiration,9.90x2.48x2.90,,,,0.352,Cần sửa,,"triangles 2924 under 3000 | missing parts: axles, stowage"
recoilless_gun_tower,tower,tower,recoilless_gun_tower,2318,2000,4000,ok,,,,4,,1,1,,,,,,,,4.28x4.27x2.98,,,,0.687,Cần sửa,,LOD1 share 69%
recoilless_jeep,wheeled,light,recoilless_jeep,1606,3000,5000,under,,,,7,axles stowage,1,1,,,,,,,,3.74x1.50x1.56,,,,0.649,Cần sửa,,"triangles 1606 under 3000 | missing parts: axles, stowage"
recon_drone,jet,jet,recon_drone,890,4000,7000,under,,,,9,canopy tail intakes exhaust flares,1,1,,,,,,Bayraktar TB2 (recon_drone),high,2.67x4.83x0.48,-2.0%,-46.3%,far,0.452,Kém,far under budget; 5 parts missing; proportions > 25 % off (high-confidence reference),"triangles 890 under 4000 | missing parts: canopy, tail, intakes, exhaust, flares | proportions vs Bayraktar TB2: h/L -46%"
recon_jet,jet,jet,recon_jet,768,4000,7000,under,,,,9,intakes exhaust pylons stores flares,0,0,,,,,,,,12.60x6.80x1.71,,,,0.326,Kém,far under budget; 5 parts missing,"triangles 768 under 4000 | missing parts: intakes, exhaust, pylons, stores, flares | LOD1 share 33%"
repair_bay,tower,tower,repair_bay,1152,2000,4000,under,,,,4,antenna,0,0,,,,,,,,14.50x10.12x6.25,,,,0.378,Cần sửa,,triangles 1152 under 2000 | missing parts: antenna
river_gunboat,ground,light,river_gunboat,2302,3000,5000,under,,,,2,,1,1,,,,,,,,7.91x3.12x2.79,,,,0.327,Cần sửa,,triangles 2302 under 3000 | LOD1 share 33%
river_patrol_boat,ground,light,river_patrol_boat,1624,3000,5000,under,,,,2,,2,2,,,,,,,,4.64x2.10x1.54,,,,0.374,Cần sửa,,triangles 1624 under 3000
rocket_technical,wheeled,light,rocket_technical,2948,3000,5000,under,,,,7,axles stowage,2,2,,,,,,"Toyota Hilux (7th gen, double cab) (rocket_technical)",approx,4.39x1.54x1.87,+0.3%,+24.7%,off,0.481,Cần sửa,,"triangles 2948 under 3000 | missing parts: axles, stowage | proportions vs Toyota Hilux (7th gen, double cab): h/L +25%"
rocket_turret,tower,tower,rocket_turret,4410,2000,4000,over,+10%,,,4,,1,1,,,,,,,,4.67x4.69x3.40,,,,0.547,Cần sửa,,triangles 4410 over 4000 (+10%)
rocket_turret_a,tower,tower,rocket_turret,5554,2000,4000,over,+39%,,,4,,1,1,,,,,,,,4.67x4.69x3.40,,,,0.566,Cần sửa,,triangles 5554 over 4000 (+39%)
rocket_turret_b,tower,tower,rocket_turret,3526,2000,4000,ok,,,,4,,1,1,,,,,,,,4.67x4.69x3.40,,,,0.537,Tốt,,
sam_launcher,tracked,heavy,sam_launcher,4418,4000,7000,ok,,,,14,mantlet idler skirts hatches sight smoke stowage,1,1,,,,,,9A310M1 Buk TELAR (sam_launcher),approx,7.19x2.74x2.97,+9.0%,+1.0%,,0.491,Kém,7 parts missing,"missing parts: mantlet, idler, skirts, hatches, sight, smoke, stowage"
scout_heli,helicopter,helicopter,scout_heli,2602,4000,7000,under,,,,8,stub_wings,2,2,,Turret (main mount),0/2,,,MH-6 Little Bird (scout_heli),approx,3.88x3.16x1.55,-3.9%,+58.3%,far,0.557,Cần sửa,,triangles 2602 under 4000 | missing parts: stub_wings | mounts: Turret (main mount) | Mount_Flare 0/2 | proportions vs MH-6 Little Bird: h/L +58%
scout_jeep,wheeled,light,scout_jeep,2422,3000,5000,under,,3738,,7,axles,1,1,,,,,,M151A2 MUTT (scout_jeep),high,2.63x1.40x1.42,+9.7%,+0.7%,,0.621,Cần sửa,,triangles 2422 under 3000 | missing parts: axles
sea_corvette,ship,ship,sea_corvette,1884,8000,15000,under,,,,7,boats,2,2,,,,0/1,,,,30.00x5.66x12.22,,,,0.162,Kém,far under budget,triangles 1884 under 8000 | missing parts: boats | Mount_APS missing | LOD1 share 16%
sea_cruiser,ship,ship,sea_cruiser,5416,8000,15000,under,,,,7,boats,4,4,,,,0/1,,Kirov-class battlecruiser (sea_cruiser),high,64.35x11.12x20.72,+52.8%,,far,0.081,Kém,proportions > 25 % off (high-confidence reference),triangles 5416 under 8000 | missing parts: boats | Mount_APS missing | proportions vs Kirov-class battlecruiser: w/L +53% | LOD1 share 8%
searchlight,tower,tower,searchlight,1292,2000,4000,under,,,,4,base antenna,0,0,,,,,,,,3.90x3.90x3.01,,,,0.616,Cần sửa,,"triangles 1292 under 2000 | missing parts: base, antenna"
shahed_truck,wheeled,light,shahed_truck,2616,3000,5000,under,,,,7,axles,2,2,,,,,,,,6.66x2.30x2.90,,,,0.673,Cần sửa,,triangles 2616 under 3000 | missing parts: axles | LOD1 share 67%
shield_carrier,wheeled,light,shield_carrier,2476,3000,5000,under,,,,7,axles glass stowage,1,1,,,,,,Boxer 8x8 (shield_carrier),high,6.29x2.46x2.86,+3.7%,+52.1%,far,0.592,Kém,proportions > 25 % off (high-confidence reference),"triangles 2476 under 3000 | missing parts: axles, glass, stowage | proportions vs Boxer 8x8: h/L +52%"
shield_tower,tower,tower,shield_tower shield_tower.ward,5404,2000,4000,over,+35%,,,4,walls roof antenna,0,0,,,,,,,,7.19x7.19x9.22,,,,0.373,Cần sửa,,"triangles 5404 over 4000 (+35%) | missing parts: walls, roof, antenna"
shield_tower_a,tower,tower,shield_tower shield_tower.ward,7260,2000,4000,over,+82%,,,4,walls antenna,0,0,,,,,,,,7.19x7.19x9.22,,,,0.442,Kém,far over budget,"triangles 7260 over 4000 (+82%) | missing parts: walls, antenna"
shield_tower_b,tower,tower,shield_tower shield_tower.ward,6236,2000,4000,over,+56%,,,4,walls roof antenna,0,0,,,,,,,,8.34x8.34x4.50,,,,0.334,Kém,far over budget,"triangles 6236 over 4000 (+56%) | missing parts: walls, roof, antenna | LOD1 share 33%"
shorad_vehicle,wheeled,light,shorad_vehicle,2000,3000,5000,under,,,,7,axles stowage,2,2,,,,,,,,3.67x1.86x2.17,,,,0.613,Cần sửa,,"triangles 2000 under 3000 | missing parts: axles, stowage"
siege_tank,tracked,heavy,siege_tank,5924,4000,7000,ok,,,,14,hull mantlet idler skirts smoke stowage,3,3,,,,,,2S4 Tyulpan (siege_tank),approx,9.13x3.34x3.44,-2.8%,-0.0%,,0.488,Kém,6 parts missing,"missing parts: hull, mantlet, idler, skirts, smoke, stowage"
silver_bug,boss,boss,silver_bug icarus_mk0,21760,10000,20000,over,+9%,,,3,,7,8,,,,0/1,,Icarus (alien craft) (silver_bug),inspiration,36.32x18.23x13.15,,,,0.082,Cần sửa,,triangles 21760 over 20000 (+9%) | Mount_APS missing | LOD1 share 8%
sky_fortress,boss,boss,sky_fortress,3084,10000,20000,under,,,,3,,5,5,,,,,,AC-130U Spooky (drawn 1.3 x) (sky_fortress),high,17.62x24.08x6.93,+0.8%,+0.1%,,0.251,Kém,far under budget,triangles 3084 under 10000 | LOD1 share 25%
sky_gunship,jet,jet,sky_gunship,3652,4000,7000,under,,4492,,9,tail intakes exhaust pylons,3,3,,,0/2,,,AC-130U Spooky (sky_gunship),high,11.93x16.30x4.82,+0.8%,+2.9%,,0.257,Kém,4 parts missing,"triangles 3652 under 4000 | missing parts: tail, intakes, exhaust, pylons | Mount_Flare 0/2 | LOD1 share 26%"
smoke_carrier,tracked,heavy,smoke_carrier,3698,4000,7000,under,,,,14,mantlet idler skirts sight roof_mg stowage,1,1,,,,,,M58 Wolf (M113 hull) (smoke_carrier),approx,4.21x2.28x2.62,-2.1%,+21.0%,off,0.647,Kém,6 parts missing,"triangles 3698 under 4000 | missing parts: mantlet, idler, skirts, sight, roof_mg, stowage | proportions vs M58 Wolf (M113 hull): h/L +21%"
sp_mortar,wheeled,light,sp_mortar,2806,3000,5000,under,,,,7,axles glass stowage,2,2,,,,,,,,6.33x2.32x2.72,,,,0.488,Cần sửa,,"triangles 2806 under 3000 | missing parts: axles, glass, stowage"
stealth_bomber,jet,jet,stealth_bomber,2096,4000,7000,under,,,,9,tail pylons flares,2,2,,,,,,B-2A Spirit (stealth_bomber),high,8.40x21.00x1.50,+0.2%,-27.7%,far,0.36,Kém,proportions > 25 % off (high-confidence reference),"triangles 2096 under 4000 | missing parts: tail, pylons, flares | proportions vs B-2A Spirit: h/L -28%"
stealth_fighter,jet,jet,stealth_fighter,3336,4000,7000,under,,,,9,tail intakes pylons,2,2,,,0/2,,,F-22A Raptor (stealth_fighter),high,7.60x5.50x1.28,+0.9%,-37.3%,far,0.156,Kém,proportions > 25 % off (high-confidence reference),"triangles 3336 under 4000 | missing parts: tail, intakes, pylons | Mount_Flare 0/2 | proportions vs F-22A Raptor: h/L -37% | LOD1 share 16%"
stealth_naval_strike,jet,jet,stealth_naval_strike,2124,4000,7000,under,,,,9,fuselage tail pylons flares,1,1,,,,,,B-2A Spirit (same frame as the stealth bomber) (stealth_naval_strike),approx,8.33x21.00x1.50,+1.1%,-27.2%,far,0.103,Kém,4 parts missing,"triangles 2124 under 4000 | missing parts: fuselage, tail, pylons, flares | proportions vs B-2A Spirit (same frame as the stealth bomber): h/L -27% | LOD1 share 10%"
strike_drone,jet,jet,strike_drone,1968,4000,7000,under,,,,9,canopy tail intakes exhaust flares,2,2,,,,,,MQ-9A Reaper (strike_drone),high,4.17x8.04x1.24,+6.2%,-14.0%,off,0.167,Kém,far under budget; 5 parts missing,"triangles 1968 under 4000 | missing parts: canopy, tail, intakes, exhaust, flares | proportions vs MQ-9A Reaper: h/L -14% | LOD1 share 17%"
stymphalos,boss,boss,stymphalos,4186,10000,20000,under,,,,3,body lift,9,5,muzzles 5/9,,,,,,,15.43x26.00x2.55,,,,0.147,Kém,far under budget,"triangles 4186 under 10000 | missing parts: body, lift | muzzles: muzzles 5/9 | LOD1 share 15%"
super_gun,structure,structure,super_gun,4266,2000,6000,ok,,,,4,walls,0,0,,,,,,,,10.38x8.00x5.21,,,,0.393,Cần sửa,,missing parts: walls
supply_truck,wheeled,light,supply_truck,2862,3000,5000,under,,,,7,axles,1,1,,,,,,M977 HEMTT (supply_truck),approx,8.37x2.02x2.44,+0.6%,+4.6%,,0.472,Cần sửa,,triangles 2862 under 3000 | missing parts: axles
supreme_command,boss,boss,supreme_command,10214,10000,20000,ok,,,,3,,2,2,,,,,,armoured mobile HQ on an MZKT-7930 (supreme_command),inspiration,14.63x5.04x11.17,,,,0.239,Cần sửa,,LOD1 share 24%
swarm_carrier,jet,jet,swarm_carrier,3464,4000,7000,under,,,,9,tail intakes exhaust pylons stores,0,0,,,0/2,,,C-130H Hercules (swarm_carrier),high,11.93x16.30x4.79,+0.7%,+1.1%,,0.182,Kém,5 parts missing,"triangles 3464 under 4000 | missing parts: tail, intakes, exhaust, pylons, stores | Mount_Flare 0/2 | LOD1 share 18%"
tank_destroyer,tracked,heavy,tank_destroyer,4702,4000,7000,ok,,11494,,14,mantlet idler skirts smoke stowage,2,2,,,,,,2S25 Sprut-SD (tank_destroyer),approx,7.92x2.66x2.00,+4.2%,-19.0%,off,0.352,Kém,5 parts missing,"missing parts: mantlet, idler, skirts, smoke, stowage | proportions vs 2S25 Sprut-SD: h/L -19%"
targeting_station,structure,structure,targeting_station,4446,2000,6000,ok,,,,4,roof,0,0,,,,,,,,6.50x8.15x11.03,,,,0.349,Cần sửa,,missing parts: roof | LOD1 share 35%
thermobaric_launcher,tracked,heavy,thermobaric_launcher,4982,4000,7000,ok,,,,14,mantlet idler smoke stowage,2,2,,,,,,TOS-1A Solntsepyok (thermobaric_launcher),approx,6.03x2.85x2.81,+24.7%,,off,0.564,Kém,4 parts missing,"missing parts: mantlet, idler, smoke, stowage | proportions vs TOS-1A Solntsepyok: w/L +25%"
titan_tank,tracked,heavy,titan_tank,8384,4000,7000,over,+20%,,,14,mantlet idler smoke stowage,5,5,,,,0/1,,"Rheinmetall NPzK concept, a super tank (titan_tank)",inspiration,11.22x5.30x2.84,,,,0.302,Kém,4 parts missing,"triangles 8384 over 7000 (+20%) | missing parts: mantlet, idler, smoke, stowage | Mount_APS missing | LOD1 share 30%"
towed_at_gun,wheeled,light,towed_at_gun,1996,3000,5000,under,,,,7,axles cab glass lights,1,1,,,,,,,,7.97x2.60x2.03,,,,0.256,Kém,4 parts missing,"triangles 1996 under 3000 | missing parts: axles, cab, glass, lights | LOD1 share 26%"
troop_shelter,tower,tower,troop_shelter,916,2000,4000,under,,,,4,base antenna,0,0,,,,,,,,6.69x6.30x2.42,,,,0.782,Kém,far under budget,"triangles 916 under 2000 | missing parts: base, antenna | LOD1 share 78%"
turtle_tank,tracked,heavy,turtle_tank,3938,4000,7000,under,,,,14,hull mantlet idler skirts hatches sight roof_mg smoke stowage,2,2,,,,,,T-72A hull with a turtle shed (turtle_tank),approx,7.44x2.97x2.79,+5.9%,,,0.448,Kém,9 parts missing,"triangles 3938 under 4000 | missing parts: hull, mantlet, idler, skirts, hatches, sight, roof_mg, smoke, stowage"
twin_rotor_gunship,helicopter,helicopter,twin_rotor_gunship,4366,4000,7000,ok,,,,8,tail_rotor,2,2,,Mount_mg 0/1; Turret (main mount),0/2,,,,,11.94x5.67x4.80,,,,0.311,Cần sửa,,"missing parts: tail_rotor | mounts: Mount_mg 0/1, Turret (main mount) | Mount_Flare 0/2 | LOD1 share 31%"
twin_tank,tracked,heavy,twin_tank,7154,4000,7000,over,+2%,,,14,mantlet idler,3,3,,,,,,twin Rh-120 L/44 tank (twin_tank),inspiration,8.96x3.53x2.66,,,,0.367,Cần sửa,,"triangles 7154 over 7000 (+2%) | missing parts: mantlet, idler"
typhon,boss,boss,typhon,6876,10000,20000,under,,,,3,,3,4,,,,,,Project 941 Akula (Typhoon) (typhon),high,59.00x12.25x14.05,+58.0%,,far,0.259,Kém,proportions > 25 % off (high-confidence reference),triangles 6876 under 10000 | proportions vs Project 941 Akula (Typhoon): w/L +58% | LOD1 share 26%
uav_loiter_strike,jet,jet,uav_loiter_strike,1084,4000,7000,under,,,,9,canopy tail intakes flares,1,1,,,,,,,,4.26x8.06x1.24,,,,0.255,Kém,far under budget; 4 parts missing,"triangles 1084 under 4000 | missing parts: canopy, tail, intakes, flares | LOD1 share 26%"
vbied,wheeled,light,vbied,1574,3000,5000,under,,,,7,axles glass,1,1,,,,,,armoured VBIED pickup (Mosul) (vbied),inspiration,4.58x1.69x1.62,,,,0.661,Cần sửa,,"triangles 1574 under 3000 | missing parts: axles, glass | LOD1 share 66%"
visual_jammer,tower,tower,visual_jammer,592,2000,4000,under,,,,4,walls roof,0,0,,,,,,,,5.80x4.80x6.20,,,,0.486,Kém,far under budget,"triangles 592 under 2000 | missing parts: walls, roof"
wall_gun,obstacle,obstacle,wall_gun,2672,0,6000,ok,,,,0,,0,0,,,,,,,,2.15x12.02x2.75,,,,0.626,Tốt,,
wall_hesco,obstacle,obstacle,wall_hesco,3276,0,6000,ok,,,,0,,0,0,,,,,,,,2.00x12.02x2.75,,,,0.697,Cần sửa,,LOD1 share 70%
wall_t,obstacle,obstacle,wall_t,1798,0,6000,ok,,,,0,,0,0,,,,,,,,1.90x12.00x3.92,,,,0.181,Cần sửa,,LOD1 share 18%
wheeled_gun,wheeled,light,wheeled_gun,3058,3000,5000,ok,,,,7,axles glass stowage,3,3,,,,,,B1 Centauro (wheeled_gun),high,8.96x2.36x2.33,-23.4%,-18.6%,off,0.351,Cần sửa,,"missing parts: axles, glass, stowage | proportions vs B1 Centauro: w/L -23%, h/L -19%"
wheeled_howitzer,wheeled,light,wheeled_howitzer,2136,3000,5000,under,,,,7,axles stowage,1,1,,,,,,,,7.98x2.14x2.64,,,,0.355,Cần sửa,,"triangles 2136 under 3000 | missing parts: axles, stowage"
wingman_drone,jet,jet,wingman_drone,1064,4000,7000,under,,,,9,canopy tail flares,1,1,,,,,,XQ-58A Valkyrie (wingman_drone),high,3.51x3.33x0.79,+5.3%,,,0.271,Kém,far under budget,"triangles 1064 under 4000 | missing parts: canopy, tail, flares | LOD1 share 27%"
zu23_technical,wheeled,light,zu23_technical,1996,3000,5000,under,,,,7,axles,1,1,,,,,,"Toyota Hilux (7th gen, double cab) (zu23_technical)",approx,4.39x1.54x1.58,+0.3%,+5.2%,,0.525,Cần sửa,,triangles 1996 under 3000 | missing parts: axles
