model,class,gold_set,units,triangles,hard_pass,hard_fails,soft_score,soft_grade,gate,l8_visual,l8_final,agent_visual,shared_all,shared_body,shared_with,silhouette,edges,regions,asym_raw,asym_noslab,pieces,unique_pieces,parts_m2,tier1,tier2,tier3,tier2_m2,tier3_m2,area_scaled,sloped_dirs,zones,c0_p05,c0_p95,c0_wear,c0_dust,no_color,s_silhouette,s_edges,s_regions,s_parts_m2,s_tiers,s_asymmetry
aa_gun_tower,tower,tower_small,aa_gun_tower,5924,True,,90.1,Tốt,PASS,,,NA,0.064,0.071,,1.9118,0.161,7.2871,0.096,0.3802,203,99,0.7355,10,109,84,0.8098,0.6241,134.5995,3,12,0.2387,0.8796,0.0725,0.2502,0,1.0,0.758,0.686,0.986,0.918,1.0
aa_gun_vehicle,tracked,tracked_heavy,aa_gun_vehicle,8256,True,,95.5,Tốt,PASS,,,NA,0.097,0.078,,1.343,0.2011,5.3935,0.1913,,267,73,0.5756,9,146,112,1.1511,0.8831,126.8314,10,8,0.1649,0.8064,0.0391,0.2002,0,1.0,0.92,0.782,1.0,1.0,1.0
aa_turret,tower,tower_small,aa_turret,5202,True,,88.4,Tốt,PASS,,,NA,0.06,0.052,,2.0136,0.179,5.5651,0.0345,0.1265,173,111,0.9687,19,85,69,0.7418,0.6022,114.5867,27,15,0.1257,0.9716,0.1165,0.3735,0,1.0,0.842,0.524,1.0,0.863,1.0
aa_turret_a,tower,tower_small,aa_turret.flak,5952,True,,88.9,Tốt,PASS,,,NA,0.036,0.023,,2.1574,0.1779,5.3427,0.0331,0.1298,196,110,0.8968,21,94,81,0.7663,0.6604,122.6601,8,15,0.1311,0.9716,0.1173,0.3897,0,1.0,0.837,0.503,1.0,0.919,1.0
aa_turret_b,tower,tower_small,aa_turret.sam,2852,True,,88.3,Tốt,PASS,,,NA,0.015,0.019,,2.0619,0.1618,7.0544,0.0485,0.4876,154,105,1.2264,20,99,35,1.1563,0.4088,85.6165,5,20,0.4194,0.8143,0.0433,0.2335,0,1.0,0.762,0.664,1.0,0.794,1.0
aa_vehicle,tracked,tracked_heavy,aa_vehicle,11760,True,,99.0,Tốt,PASS,,,NA,0.111,0.044,demolition_line_vehicle,1.4555,0.2973,8.6533,0.0052,,363,102,0.5035,18,195,150,0.9626,0.7404,202.5805,6,8,0.1714,0.9113,0.0705,0.2458,0,1.0,1.0,1.0,1.0,0.931,1.0
aircraft_hangar,tower,tower_big,aircraft_hangar,10154,True,,87.0,Tốt,PASS,,,NA,0.038,0.03,,1.6919,0.2093,7.6969,0.0199,0.1504,403,170,0.4897,61,201,141,0.579,0.4062,347.1423,12,18,0.2524,1.0,0.1019,0.2302,0,0.635,1.0,1.0,0.962,0.792,1.0
ammo_carrier,wheeled,wheeled_heavy,ammo_carrier,7492,True,,91.2,Tốt,PASS,,,NA,0.091,0.12,supply_truck,1.8834,0.2929,9.5406,0.0074,,261,112,0.7023,17,167,77,1.0471,0.4828,159.4865,10,13,0.1605,0.9641,0.089,0.1986,0,1.0,1.0,1.0,1.0,0.745,0.5
armored_bulldozer,tracked,tracked_heavy,armored_bulldozer,9246,True,,91.5,Tốt,PASS,,,NA,0.093,0.177,mine_layer,1.6967,0.2111,6.3854,0.0037,,325,94,0.4901,19,190,116,0.9907,0.6049,191.7807,3,10,0.1691,0.8561,0.0548,0.2147,0,1.0,0.965,0.926,0.999,0.877,0.5
armored_car,wheeled,wheeled_light,armored_car,6804,True,,78.3,Cần sửa,FAIL,,,NA,0.011,0.019,,1.3184,0.2913,7.8992,0.0135,,243,61,0.9993,10,55,178,0.9011,2.9161,61.0399,11,8,0.0952,0.8544,0.0545,0.3158,0,0.551,0.966,0.606,0.851,0.929,1.0
armored_train,boss,boss_rail (LOO),armored_train,56714,True,,93.3,Tốt,PASS,,,NA,0.023,0.036,,1.4725,0.2495,8.0456,0.0608,,2431,189,5.6175,0,149,2282,4.4286,67.8259,33.645,6,20,0.2702,0.7985,0.0259,0.1157,0,0.733,1.0,1.0,1.0,1.0,1.0
artillery,tracked,tracked_heavy (LOO),artillery,9958,True,,100.0,Tốt,PASS,,,NA,0.117,0.145,tank_destroyer,1.4021,0.2734,9.609,0.0332,,315,96,0.613,16,175,124,1.1175,0.7918,156.6037,5,8,0.1852,0.9035,0.062,0.1961,0,1.0,1.0,1.0,1.0,1.0,1.0
atgm_tower,tower,tower_small,atgm_tower,5408,True,,90.9,Tốt,PASS,,,NA,0.156,0.183,armored_train,1.9613,0.2611,11.503,0.0436,0.2447,250,121,0.6339,70,116,64,0.6077,0.3353,190.889,8,19,0.3709,0.8879,0.0617,0.1635,0,1.0,1.0,1.0,0.849,0.593,1.0
atgm_tower_a,tower,tower_small,atgm_tower.top,5744,True,,92.9,Tốt,PASS,,,NA,0.165,0.184,armored_train,2.2737,0.2614,11.9529,0.0431,0.241,267,130,0.6681,61,135,71,0.6938,0.3649,194.5683,10,19,0.3616,0.8702,0.0562,0.1441,0,1.0,1.0,1.0,0.895,0.664,1.0
atgm_tower_b,tower,tower_small,atgm_tower.multi,5788,True,,91.7,Tốt,PASS,,,NA,0.144,0.164,armored_train,1.9516,0.2731,12.9409,0.0436,0.2447,271,127,0.643,73,125,73,0.6329,0.3696,197.509,7,19,0.3752,0.8867,0.0622,0.1625,0,1.0,1.0,1.0,0.862,0.632,1.0
attack_helicopter,helicopter,helicopter_heavy (LOO),attack_helicopter,4722,True,,98.3,Tốt,PASS,Tốt,Cần sửa,NA,0.005,0.006,,2.2882,0.2678,16.8142,0.0287,,136,58,1.5657,2,58,76,1.5657,2.0516,37.0449,23,9,0.3709,0.9898,0.1387,0.1856,0,1.0,1.0,1.0,1.0,0.89,1.0
attack_jet,jet,jet_fighter,attack_jet,4914,True,,99.8,Tốt,PASS,,,NA,0.001,0.001,,1.5292,0.3699,17.5372,0.0351,,160,65,1.4314,6,45,109,0.991,2.4004,45.409,20,8,0.2316,0.7907,0.0133,0.2458,0,1.0,1.0,1.0,1.0,0.984,1.0
ballistic_launcher,wheeled,wheeled_heavy,ballistic_launcher,7454,True,,81.5,Tốt,PASS,,,NA,0.133,0.122,long_sam,1.3156,0.405,11.3406,0.0309,,226,79,0.6075,16,121,89,0.9305,0.6845,130.0313,4,11,0.1674,0.9381,0.0659,0.0604,0,0.446,1.0,1.0,0.901,0.821,1.0
barrage_balloon,tower,tower_big,barrage_balloon,3930,True,,99.5,Tốt,PASS,,,NA,0.039,0.058,,2.4243,0.1645,7.8691,0.0834,,108,45,0.9247,12,62,34,1.2741,0.6987,48.662,16,10,0.1546,0.8137,0.0406,0.162,0,1.0,0.965,1.0,1.0,1.0,1.0
bastion_mk0,boss,boss_ground,bastion_mk0,39357,True,,100.0,Tốt,PASS,,,NA,0.011,0.008,,1.8338,0.187,4.9846,0.0351,,1455,156,0.687,25,425,1005,1.8717,4.426,227.0654,4,17,0.242,0.8058,0.0299,0.136,0,1.0,1.0,1.0,1.0,1.0,1.0
behemoth,boss,boss_ground,behemoth mara_behemoth behemoth_mk0,25692,True,,93.2,Tốt,PASS,,,NA,0.032,0.049,,1.8859,0.1963,5.8834,0.0316,,707,120,0.4386,20,354,333,1.2938,1.2171,273.6087,8,12,0.2702,0.9041,0.062,0.1884,0,1.0,1.0,1.0,0.83,0.77,1.0
behemoth_inferno,boss,boss_ground,behemoth_inferno,38564,True,,96.6,Tốt,PASS,,,NA,0.008,0.014,,1.6981,0.1894,5.0411,0.0603,,1048,174,0.6036,18,438,592,1.5195,2.0538,288.2473,8,16,0.2459,0.8137,0.0421,0.1583,0,0.878,1.0,1.0,1.0,0.98,1.0
behemoth_tempest,boss,boss_ground,behemoth_tempest,16670,True,,85.7,Tốt,PASS,,,NA,0.045,0.083,,1.618,0.2244,5.7489,0.0038,,429,71,0.5495,12,102,315,0.7894,2.4379,129.2083,8,9,0.113,1.0,0.114,0.3265,0,0.777,1.0,1.0,1.0,0.75,0.5
blast_wall,obstacle,obstacle_flat,blast_wall,3500,True,,46.7,Kém,FAIL,,,NA,0.003,0.005,,1.031,0.2467,12.5155,0.0077,,150,50,0.4208,16,88,46,0.7405,0.3871,118.8309,4,5,0.1618,0.879,0.0574,0.3945,0,0.021,1.0,1.0,0.347,0.281,0.5
bulwark_post,structure,structure (LOO),bulwark_post,5140,True,,83.2,Tốt,PASS,,,NA,0.011,0.005,,2.2686,0.2103,6.4419,0.109,0.2442,189,112,1.2142,43,100,46,1.0841,0.4987,92.2409,34,15,0.1814,0.9541,0.1213,0.2598,0,0.699,1.0,0.817,1.0,0.564,1.0
bunker_shelter_tower,tower,tower_big,bunker_shelter_tower,5034,True,,67.8,Cần sửa,FAIL,,,NA,0.067,0.063,,1.3232,0.1764,5.9791,0.0168,0.0156,169,76,0.3937,39,100,30,0.5181,0.1554,193.0169,22,15,0.2112,0.9375,0.0784,0.2226,0,0.297,1.0,0.825,0.774,0.5,1.0
c_ram,tower,tower_big,c_ram,5930,True,,97.6,Tốt,PASS,,,NA,0.076,0.078,,2.5266,0.2334,12.0475,0.3372,,207,104,0.7152,38,120,49,0.8252,0.337,145.4203,8,18,0.1311,0.9375,0.0681,0.3165,0,1.0,1.0,1.0,1.0,0.837,1.0
c_ram_a,tower,tower_big,c_ram.centurion,5972,True,,97.2,Tốt,PASS,,,NA,0.076,0.078,,2.5059,0.2377,13.1536,0.3368,,203,104,0.7052,30,127,46,0.8612,0.3119,147.4676,8,19,0.1306,0.9289,0.0668,0.3013,0,1.0,1.0,1.0,1.0,0.812,1.0
c_ram_b,tower,tower_big (LOO),c_ram.dome,5704,True,,98.0,Tốt,PASS,,,NA,0.08,0.078,,2.5391,0.2125,10.2627,0.3429,,223,98,0.6382,32,106,85,0.6903,0.5536,153.5527,6,17,0.1327,0.9289,0.0643,0.1961,0,1.0,1.0,1.0,0.97,0.909,1.0
coastal_battery,structure,structure,coastal_battery,5806,True,,61.0,Cần sửa,FAIL,,,NA,0.103,0.054,heavy_turret_a,1.5372,0.1407,4.9055,0.0239,0.111,198,100,0.5412,25,84,89,0.4546,0.4817,184.7783,18,20,0.3047,0.9381,0.0645,0.266,0,0.371,0.876,0.757,0.507,0.475,1.0
coeus,boss,boss_air,coeus,34364,True,,87.6,Tốt,PASS,,,NA,0.014,0.006,,1.5767,0.1108,2.7949,0.0191,,523,178,1.4227,12,140,371,1.119,2.9654,125.1106,12,14,0.381,1.0,0.2175,0.0548,0,0.712,1.0,0.938,1.0,0.717,1.0
command_airship,boss,boss_air,command_airship argus,18808,True,,92.0,Tốt,PASS,,,NA,0.046,0.06,,2.1969,0.1154,2.3263,0.0227,,734,136,1.0524,30,163,541,1.2613,4.1863,129.2297,6,13,0.1876,0.8143,0.0358,0.1593,0,1.0,1.0,0.781,0.841,0.897,1.0
command_hq,hq,hq (LOO),,8872,True,,91.1,Tốt,PASS,,,NA,0.015,0.02,,1.9824,0.1101,2.7945,0.001,0.3451,362,114,0.5791,39,180,143,0.9144,0.7264,196.8597,4,22,0.1411,0.9987,0.1036,0.2734,0,1.0,0.785,0.622,1.0,1.0,1.0
command_vehicle,wheeled,wheeled_heavy,command_vehicle,6494,True,,95.0,Tốt,PASS,,,NA,0.016,0.015,,1.5719,0.3086,10.3072,0.104,,203,100,1.1986,11,96,96,1.1507,1.1507,83.4303,11,13,0.2915,0.9375,0.0704,0.1767,0,0.809,1.0,1.0,1.0,0.989,1.0
cp_relay,tower,tower_mast,cp_relay,4912,True,,97.1,Tốt,PASS,,,NA,0.102,0.077,drone_hangar,2.9745,0.2687,12.4422,0.0495,0.4934,240,122,1.2554,18,171,51,1.7596,0.5248,97.1796,5,14,0.3047,0.833,0.0505,0.1632,0,1.0,1.0,0.961,1.0,0.845,1.0
cp_relay_a,tower,tower_mast,cp_relay,4858,True,,95.8,Tốt,PASS,,,NA,0.103,0.077,drone_hangar,3.0638,0.2855,13.3665,0.0495,0.4592,233,116,1.0926,20,170,43,1.6012,0.405,106.1686,4,13,0.2956,0.8216,0.0449,0.1817,0,1.0,1.0,1.0,1.0,0.72,1.0
cp_relay_b,tower,tower_small,cp_relay,2852,True,,84.8,Tốt,PASS,,,NA,0.107,0.045,drone_hangar,2.187,0.2717,7.5331,0.0235,0.5381,143,65,0.5796,35,93,15,0.8293,0.1338,112.1444,4,12,0.282,0.8702,0.0532,0.3024,0,1.0,1.0,0.71,0.777,0.576,1.0
daedalus,boss,boss_ground,daedalus,33636,True,,89.0,Tốt,PASS,,,NA,0.024,0.025,,1.4976,0.1726,4.7997,0.0362,,1226,296,1.9158,16,191,1019,1.2362,6.5952,154.5063,23,15,0.223,1.0,0.1585,0.1006,0,0.626,1.0,1.0,1.0,0.891,1.0
demolition_line_vehicle,tracked,tracked_heavy,demolition_line_vehicle,8546,True,,94.3,Tốt,PASS,,,NA,0.205,0.167,aa_vehicle,1.667,0.2455,8.1973,0.0139,,289,81,0.4245,15,161,113,0.8437,0.5922,190.8194,7,10,0.1638,0.8696,0.0567,0.178,0,1.0,1.0,1.0,0.866,0.802,1.0
drone_hangar,tower,tower_big,drone_hangar,9772,True,,96.2,Tốt,PASS,,,NA,0.035,0.024,,2.6584,0.1883,7.7673,0.0281,0.0927,587,219,0.4743,85,233,269,0.5046,0.5826,461.7137,4,22,0.2958,0.8064,0.0227,0.2096,0,1.0,1.0,1.0,0.932,0.836,1.0
drone_hangar_a,tower,tower_big,drone_hangar.lancet,9830,True,,96.1,Tốt,PASS,,,NA,0.032,0.021,,2.723,0.1974,7.9877,0.0281,0.0927,573,222,0.4692,89,245,239,0.5178,0.5051,473.1878,4,22,0.2958,0.8064,0.0241,0.2006,0,1.0,1.0,1.0,0.922,0.845,1.0
drone_hangar_b,tower,tower_big,drone_hangar.swarm,11012,True,,96.4,Tốt,PASS,,,NA,0.033,0.023,,2.5819,0.186,7.7122,0.0281,0.0927,670,226,0.468,85,268,317,0.555,0.6565,482.8949,4,23,0.2987,0.8058,0.0235,0.1837,0,1.0,1.0,1.0,0.92,0.87,1.0
drone_mothership,boss,boss_air (LOO),drone_mothership locust,18880,True,,95.7,Tốt,PASS,,,NA,0.005,0.005,,1.9328,0.1462,4.1706,0.0321,,470,116,1.2648,19,116,335,1.2648,3.6525,91.717,44,13,0.212,1.0,0.1105,0.0775,0,1.0,1.0,1.0,0.947,0.786,1.0
drone_net_tower,obstacle,tower_mast,drone_net_tower,5802,True,,93.5,Tốt,PASS,,,NA,0.047,0.06,,6.8989,0.3426,29.139,0.1203,,207,54,0.7506,52,91,64,1.2649,0.8896,71.94,16,12,0.2744,0.9375,0.0698,0.0822,0,1.0,1.0,1.0,0.788,0.852,1.0
drop_pod,air_other,air_other,drop_pod,6090,True,,72.4,Cần sửa,FAIL,,,NA,0.004,0.0,,1.5175,0.2189,11.3249,0.0036,,202,55,0.5526,8,65,129,0.653,1.2961,99.5332,12,9,0.1382,0.9829,0.0858,0.1306,0,0.274,1.0,1.0,0.857,0.897,0.5
earth_borer,boss,boss_ground,earth_borer,11364,True,,83.0,Tốt,PASS,,,NA,0.052,0.051,,1.468,0.1338,3.1985,0.0887,,494,93,0.816,1,258,235,2.2638,2.062,113.9678,16,12,0.1477,0.8137,0.0453,0.186,0,0.588,0.885,0.67,1.0,1.0,1.0
elite_aa,tracked,tracked_heavy,elite_aa,11904,True,,90.1,Tốt,PASS,,,NA,0.049,0.062,,1.5894,0.2216,6.8615,0.0005,,363,102,0.4426,22,215,126,0.9329,0.5467,230.4646,9,13,0.1354,0.8963,0.0668,0.2467,0,1.0,1.0,0.995,0.902,0.81,0.5
elite_apc,tracked,tracked_heavy,elite_apc,11260,True,,96.0,Tốt,PASS,,,NA,0.094,0.102,elite_aa,1.508,0.2533,7.0302,0.0056,,364,100,0.4511,18,229,117,1.0329,0.5277,221.6985,8,11,0.1618,0.9002,0.0628,0.2031,0,1.0,1.0,1.0,0.92,0.841,1.0
elite_attack_helicopter,helicopter,helicopter_heavy (LOO),elite_attack_helicopter,5606,True,,96.9,Tốt,PASS,,,NA,0.01,0.009,,2.12,0.321,16.6716,0.1679,,194,51,1.0916,3,68,123,1.4555,2.6327,46.7193,42,12,0.2786,0.8137,0.0313,0.0409,0,1.0,1.0,1.0,0.872,0.965,1.0
elite_heavy_tank,tracked,tracked_heavy,elite_heavy_tank,13350,True,,99.0,Tốt,PASS,,,NA,0.104,0.081,elite_tank_destroyer,1.4112,0.2421,6.4167,0.0205,,381,105,0.6785,14,196,171,1.2666,1.105,154.7494,12,13,0.1354,0.8885,0.0673,0.1608,0,1.0,1.0,0.93,1.0,1.0,1.0
elite_mbt,tracked,tracked_heavy (LOO),elite_mbt,10002,True,,93.1,Tốt,PASS,,,NA,0.076,0.082,,1.3279,0.2652,6.9078,0.0004,,341,105,0.6904,15,220,106,1.4466,0.697,152.0785,8,13,0.1744,0.9261,0.0671,0.1618,0,0.959,1.0,0.938,1.0,1.0,0.5
elite_mlrs,wheeled,wheeled_heavy,elite_mlrs,7494,True,,86.7,Tốt,PASS,,,NA,0.116,0.084,engineer_vehicle,1.8445,0.2421,6.2132,0.024,,231,105,0.5629,21,108,102,0.579,0.5468,186.5276,16,13,0.1168,0.981,0.1052,0.2026,0,1.0,1.0,0.747,0.835,0.586,1.0
elite_tank_destroyer,tracked,tracked_heavy,elite_tank_destroyer,11140,True,,99.5,Tốt,PASS,,,NA,0.111,0.135,elite_heavy_tank,1.3758,0.2346,6.6838,0.0108,,369,94,0.8698,10,214,145,1.9802,1.3417,108.0698,11,13,0.1876,0.8148,0.0485,0.1867,0,1.0,1.0,0.969,1.0,1.0,1.0
engineer_vehicle,tracked,tracked_heavy,engineer_vehicle,8144,True,,95.9,Tốt,PASS,,,NA,0.093,0.127,light_tank,1.4459,0.2811,9.5364,0.0077,,270,97,0.5326,26,157,87,0.8621,0.4777,182.1184,4,11,0.157,0.8951,0.0624,0.159,0,1.0,1.0,1.0,1.0,0.728,1.0
ew_jammer,wheeled,wheeled_heavy,ew_jammer,7472,True,,95.1,Tốt,PASS,,,NA,0.033,0.055,,1.6109,0.2792,9.6951,0.0303,,297,117,0.7806,16,185,96,1.2342,0.6405,149.8923,7,11,0.2428,0.9125,0.065,0.0409,0,0.864,1.0,1.0,1.0,0.898,1.0
ew_tower,tower,tower_mast,ew_tower,5998,True,,94.4,Tốt,PASS,,,NA,0.058,0.034,,2.5749,0.328,15.9495,0.0049,0.6364,296,122,1.6933,18,188,90,2.6094,1.2492,72.0484,18,18,0.2539,0.9119,0.061,0.1763,0,0.977,1.0,1.0,1.0,1.0,0.5
ew_tower_a,tower,tower_mast (LOO),ew_tower.drone,5664,True,,95.5,Tốt,PASS,,,NA,0.044,0.044,,2.9498,0.3414,18.095,0.1219,0.5839,198,100,1.1411,11,137,50,1.5633,0.5705,87.6356,19,19,0.3592,1.0,0.1379,0.2066,0,1.0,1.0,1.0,1.0,0.699,1.0
ew_tower_b,tower,tower_mast (LOO),ew_tower.spoof,5740,True,,94.8,Tốt,PASS,,,NA,0.063,0.038,,2.8435,0.3003,14.2775,0.0041,0.5524,280,108,1.2393,24,177,79,2.0312,0.9066,87.1427,18,17,0.2348,0.8143,0.0458,0.1607,0,1.0,1.0,0.986,1.0,1.0,0.5
fenrir,boss,boss_ground,fenrir,33588,True,,95.7,Tốt,PASS,,,NA,0.005,0.016,,1.6573,0.2028,6.56,0.0817,,1034,169,1.0114,23,386,625,2.31,3.7402,167.1012,7,18,0.2708,0.8137,0.0397,0.1313,0,0.826,1.0,1.0,1.0,1.0,1.0
fighter_jet,jet,jet_heavy,fighter_jet,4308,True,,85.2,Tốt,PASS,Tốt,Cần sửa,NA,0.005,0.005,,1.4455,0.229,9.8927,0.0388,,131,51,0.8985,12,33,86,0.5814,1.5151,56.7637,12,9,0.4175,1.0,0.1563,0.0981,0,1.0,1.0,1.0,0.69,0.429,1.0
fire_control_centre,tower,tower_big,fire_control_centre,4990,True,,78.7,Cần sửa,FAIL,,,NA,0.016,0.028,,2.8269,0.1201,5.3135,0.3539,0.357,230,112,0.478,50,147,33,0.6274,0.1408,234.304,14,13,0.1366,0.8899,0.0579,0.3338,0,1.0,0.705,0.733,0.939,0.559,0.5
flame_tank,tracked,tracked_heavy,flame_tank,10726,True,,96.0,Tốt,PASS,,,NA,0.048,0.063,,1.4284,0.2947,10.0294,0.0838,,301,111,0.5282,19,177,105,0.8422,0.4996,210.1636,4,13,0.1447,0.8399,0.0531,0.1469,0,1.0,1.0,1.0,1.0,0.735,1.0
flare_searchlight_tower,tower,tower_mast,flare_searchlight_tower,4162,True,,83.8,Tốt,PASS,,,NA,0.04,0.021,,3.8588,0.2029,10.1937,0.0586,0.0174,161,65,0.7768,36,89,36,1.0636,0.4302,83.6767,18,14,0.1329,0.9313,0.0688,0.0273,0,1.0,0.79,0.787,0.816,0.587,1.0
flare_tower,tower,tower_small,flare_tower,5534,True,,87.9,Tốt,PASS,,,NA,0.033,0.017,,4.0612,0.1712,8.7046,0.1069,0.0286,264,74,0.5808,60,80,124,0.6279,0.9733,127.4021,4,12,0.4175,0.9289,0.0643,0.1092,0,1.0,0.806,0.82,0.778,0.863,1.0
fortress_bastion,boss,boss_ground,fortress_bastion,60706,True,,100.0,Tốt,PASS,,,NA,0.003,0.007,,1.8343,0.1876,6.4327,0.0201,,1683,201,1.345,6,270,1407,1.8068,9.4152,149.4394,6,20,0.2462,0.8778,0.0586,0.1967,0,1.0,1.0,1.0,1.0,1.0,1.0
fpv_carrier,wheeled,wheeled_heavy,fpv_carrier,7452,True,,99.7,Tốt,PASS,,,NA,0.127,0.054,shahed_truck,1.7823,0.3323,12.8724,0.031,,301,124,0.9233,17,151,133,1.1244,0.9903,134.2973,4,11,0.1354,0.8305,0.0504,0.1935,0,1.0,1.0,1.0,1.0,0.977,1.0
gps_jammer_vehicle,wheeled,wheeled_heavy,gps_jammer_vehicle,7444,True,,93.1,Tốt,PASS,,,NA,0.088,0.061,,1.7354,0.2674,7.7851,0.0253,,227,93,0.6422,28,139,60,0.9599,0.4143,144.814,3,9,0.1219,0.9119,0.0641,0.084,0,1.0,1.0,0.936,0.953,0.665,1.0
grad_truck,wheeled,wheeled_heavy,elite_grad,7488,True,,93.7,Tốt,PASS,,,NA,0.088,0.058,,1.9846,0.2884,9.1719,0.0495,,311,95,0.5904,48,93,170,0.578,1.0565,160.9115,5,12,0.345,0.9641,0.0712,0.1333,0,1.0,1.0,1.0,0.876,0.745,1.0
ground_cruise_missile_vehicle,wheeled,wheeled_heavy,ground_cruise_missile_vehicle,5734,True,,88.3,Tốt,PASS,,,NA,0.156,0.175,heavy_rocket_artillery,1.6344,0.2263,8.9381,0.0503,,194,85,0.5888,13,119,62,0.8243,0.4295,144.363,4,10,0.1951,0.9473,0.0745,0.1288,0,0.897,0.945,1.0,0.874,0.617,1.0
guard_tower,tower,tower_mast,guard_tower,5098,True,,99.5,Tốt,PASS,,,NA,0.06,0.027,,3.8707,0.2962,12.6594,0.0133,0.028,238,78,0.9902,24,138,76,1.7518,0.9648,78.7749,8,12,0.3182,0.8495,0.0518,0.1421,0,1.0,1.0,0.978,1.0,0.987,1.0
guard_tower_a,tower,tower_mast,guard_tower.watch,5650,True,,100.0,Tốt,PASS,,,NA,0.057,0.027,,3.5024,0.3,14.5616,0.0131,0.0198,249,87,1.4573,12,143,94,2.3953,1.5745,59.701,8,12,0.3228,0.9375,0.0633,0.1424,0,1.0,1.0,1.0,1.0,1.0,1.0
guard_tower_b,tower,tower_small,guard_tower.nest,5880,True,,83.1,Tốt,PASS,,,NA,0.121,0.127,targeting_station,1.8109,0.1818,7.8677,0.012,0.0426,250,94,0.4916,26,152,72,0.7949,0.3766,191.2085,4,16,0.3559,0.9375,0.071,0.0512,0,1.0,0.855,0.741,0.659,0.731,1.0
gun_turret,tower,tower_big (LOO),gun_turret,5089,True,,93.1,Tốt,PASS,,,NA,0.114,0.154,elite_heavy_tank,1.7865,0.2023,8.3572,0.0508,0.0739,179,91,1.0114,32,73,74,0.8114,0.8225,89.9731,17,17,0.3121,0.9125,0.0625,0.2121,0,0.722,1.0,1.0,1.0,1.0,1.0
gun_turret_a,tower,tower_big,gun_turret.long,5327,True,,91.4,Tốt,PASS,,,NA,0.108,0.143,elite_heavy_tank,1.7158,0.2136,8.2956,0.0454,,183,89,1.2573,29,75,79,1.0595,1.116,70.7864,21,17,0.314,0.9381,0.0691,0.2152,0,0.657,1.0,1.0,1.0,1.0,1.0
gun_turret_b,tower,tower_big (LOO),gun_turret.auto,4241,True,,95.6,Tốt,PASS,,,NA,0.119,0.123,guard_tower_b,2.0235,0.2466,9.651,0.0871,0.1311,169,81,0.6339,29,83,57,0.6495,0.4461,127.7864,13,16,0.3002,0.862,0.0536,0.2523,0,1.0,1.0,1.0,0.961,0.757,1.0
headquarters,hq,hq (LOO),headquarters,21052,True,,96.3,Tốt,PASS,,,NA,0.067,0.055,,1.8724,0.1753,5.6185,0.0175,0.2453,658,227,0.4592,51,280,327,0.5665,0.6616,494.2936,4,22,0.2915,0.9987,0.1125,0.1641,0,1.0,1.0,1.0,0.991,0.765,1.0
heavy_aa,wheeled,wheeled_heavy,heavy_aa,7422,True,,91.4,Tốt,PASS,,,NA,0.166,0.155,railgun_truck,1.6323,0.285,8.7057,0.0036,,222,90,0.7918,10,127,85,1.1173,0.7478,113.6633,5,10,0.137,0.9634,0.0768,0.1239,0,0.894,1.0,1.0,1.0,0.94,0.5
heavy_bomber,jet,jet_heavy (LOO),heavy_bomber,5472,True,,91.0,Tốt,PASS,,,NA,0.003,0.0,,1.3718,0.115,2.9772,0.0105,,182,54,1.4721,6,49,127,1.3358,3.4623,36.6813,8,12,0.2048,0.8143,0.0356,0.177,0,0.695,1.0,1.0,1.0,0.91,1.0
heavy_rocket_artillery,wheeled,wheeled_heavy,heavy_rocket_artillery,7488,True,,97.4,Tốt,PASS,,,NA,0.087,0.071,,1.8444,0.4834,16.3097,0.1126,,204,74,0.7047,11,80,113,0.7618,1.0761,105.0077,3,11,0.1306,0.9381,0.0754,0.1222,0,1.0,1.0,1.0,1.0,0.824,1.0
heavy_tank,tracked,tracked_heavy (LOO),heavy_tank,9296,True,,93.0,Tốt,PASS,,,NA,0.203,0.136,aa_vehicle,1.3777,0.3103,9.2061,0.0019,,263,82,0.5348,15,166,82,1.0826,0.5348,153.336,7,8,0.1329,0.9375,0.0745,0.2128,0,1.0,1.0,1.0,1.0,0.868,0.5
heavy_turret,tower,tower_big,heavy_turret spawn_bastion,5630,True,,96.8,Tốt,PASS,,,NA,0.143,0.086,coastal_battery,2.04,0.1902,7.07,0.0411,0.0736,229,100,0.6113,43,122,64,0.7457,0.3912,163.5969,11,17,0.3047,0.9461,0.0669,0.2337,0,0.955,1.0,0.975,1.0,0.888,1.0
heavy_turret_a,tower,tower_big,heavy_turret.coastal,5980,True,,92.3,Tốt,PASS,,,NA,0.139,0.064,coastal_battery,1.7638,0.1943,7.1328,0.0571,0.0849,227,105,0.9291,32,102,93,0.9025,0.8229,113.0166,8,19,0.3121,0.9641,0.0797,0.234,0,0.701,1.0,0.984,1.0,1.0,1.0
heavy_turret_b,tower,tower_big,heavy_turret.bastion,5910,True,,91.3,Tốt,PASS,,,NA,0.133,0.068,coastal_battery,1.9167,0.1885,6.9062,0.0521,0.126,220,102,0.5219,41,109,70,0.5577,0.3582,195.4406,13,16,0.3293,0.9554,0.0779,0.233,0,0.842,1.0,0.953,1.0,0.73,1.0
helipad,obstacle,obstacle_flat,airfield,4370,True,,58.1,Kém,FAIL,,,NA,0.028,0.037,,1.438,0.1789,5.747,0.0213,,193,56,0.6416,30,84,79,0.9624,0.9051,87.2824,4,13,0.456,1.0,0.1777,0.1315,0,0.3,0.946,0.639,0.529,0.416,1.0
helipad_a,obstacle,obstacle_flat,airfield,6422,True,,58.8,Kém,FAIL,,,NA,0.02,0.028,,1.6341,0.1828,6.0501,0.0539,,248,80,0.5237,41,115,92,0.7528,0.6022,152.7729,4,17,0.3997,1.0,0.1514,0.161,0,0.434,0.966,0.673,0.432,0.312,1.0
helipad_b,obstacle,obstacle_flat,airfield,5582,True,,57.8,Kém,FAIL,,,NA,0.03,0.029,,1.4297,0.1761,5.4758,0.0271,,262,73,0.6124,30,153,79,1.2835,0.6627,119.2011,4,17,0.3861,1.0,0.1226,0.2041,0,0.294,0.931,0.609,0.505,0.485,1.0
hover_gunboat,ground,ground (LOO),hover_gunboat,4648,True,,91.9,Tốt,PASS,,,NA,0.032,0.048,,2.0287,0.2171,7.6393,0.0047,,168,55,0.6521,12,76,80,0.9011,0.9485,84.3446,6,9,0.1329,0.9375,0.0611,0.2937,0,1.0,0.866,0.811,0.836,1.0,1.0
hydra_sub,boss,boss_sea,hydra,18804,True,,73.7,Cần sửa,FAIL,,,NA,0.021,0.017,,1.2698,0.0086,0.384,0.0364,,383,88,2.3323,13,51,319,1.3517,8.4545,37.7315,40,12,0.2565,0.8064,0.0394,0.0889,0,0.999,0.105,0.226,1.0,0.919,1.0
hyperion,boss,boss_air,hyperion,71400,True,,88.0,Tốt,PASS,,,NA,0.022,0.014,,1.437,0.1396,3.7001,0.0149,,1016,236,1.6527,14,183,819,1.2815,5.7353,142.8004,11,18,0.402,1.0,0.2081,-0.0107,0,0.539,1.0,1.0,1.0,0.967,1.0
icarus_mk0,boss,boss_air,icarus_mk0,31652,True,,99.0,Tốt,PASS,,,NA,0.012,0.012,,1.7781,0.1991,5.9064,0.033,,843,258,3.2651,22,207,614,2.6197,7.7704,79.0179,18,22,0.1527,0.8399,0.0505,0.0706,0,0.96,1.0,1.0,1.0,1.0,1.0
ifv,tracked,tracked_light,ifv,9466,True,,85.0,Tốt,PASS,,,NA,0.087,0.147,next_gen_tank,1.342,0.2521,7.4102,0.0121,,302,106,0.5785,18,158,126,0.8623,0.6876,183.2387,6,11,0.1786,0.9289,0.0672,0.1883,0,0.709,1.0,0.887,0.965,0.643,1.0
iron_beam,wheeled,wheeled_heavy,iron_beam,7244,True,,89.0,Tốt,PASS,,,NA,0.036,0.017,,1.422,0.2886,9.9592,0.0107,,255,99,0.8507,6,167,82,1.4351,0.7047,116.369,7,11,0.2426,0.9381,0.0717,0.1298,0,0.597,1.0,1.0,1.0,0.938,1.0
ixion,boss,boss_ground,ixion,38414,True,,90.8,Tốt,PASS,,,NA,0.021,0.024,,1.6645,0.1526,4.2342,0.0453,,1177,240,0.891,19,236,922,0.8761,3.4229,269.3638,3,17,0.1211,0.9628,0.0836,0.1831,0,0.835,1.0,0.886,1.0,0.777,1.0
kraken,boss,boss_sea,kraken,75770,True,,100.0,Tốt,PASS,,,NA,0.011,0.012,,1.3111,0.1244,3.3347,0.0397,,2012,251,2.8557,26,160,1826,1.8203,20.7747,87.8952,4,18,0.2688,0.8172,0.0471,0.1224,0,1.0,1.0,1.0,1.0,1.0,1.0
landing_craft,ship,ship,landing_craft,8592,True,,96.2,Tốt,PASS,,,NA,0.015,0.017,,2.0893,0.1754,5.0927,0.0995,,462,147,0.9878,27,109,326,0.7324,2.1906,148.8179,5,12,0.1498,0.8058,0.0291,0.0076,0,1.0,1.0,0.802,0.984,0.964,1.0
landing_hovercraft,boss,boss_ground,landing_hovercraft,18890,True,,86.0,Tốt,PASS,,,NA,0.025,0.028,,1.8043,0.1244,2.7541,0.0348,,700,102,0.4806,20,191,489,0.9,2.3041,212.2325,5,14,0.1721,0.8143,0.0444,0.0335,0,1.0,0.823,0.577,0.91,0.784,1.0
laser_ad_station,tower,tower_big,laser_ad_station,5342,True,,86.6,Tốt,PASS,,,NA,0.063,0.045,,1.8878,0.2593,10.8875,0.0043,0.1189,261,89,0.3881,55,116,90,0.5058,0.3924,229.3343,6,13,0.3091,0.8143,0.0421,0.1772,0,0.815,1.0,1.0,0.763,0.729,1.0
laser_tank,tracked,tracked_heavy,laser_tank,7266,True,,92.1,Tốt,PASS,,,NA,0.105,0.062,aa_gun_vehicle,1.3182,0.2585,8.4414,0.0124,,217,71,0.4288,11,145,61,0.8757,0.3684,165.5766,5,9,0.2156,1.0,0.1058,0.2319,0,0.991,1.0,1.0,0.874,0.656,1.0
leviathan,boss,boss_sea (LOO),leviathan,86412,True,,97.7,Tốt,PASS,,,NA,0.009,0.008,,1.4402,0.1464,3.9035,0.0925,,1784,247,2.2347,34,142,1608,1.2847,14.5482,110.529,4,20,0.2522,0.8486,0.0575,0.1457,0,1.0,1.0,1.0,1.0,0.848,1.0
light_tank,tracked,tracked_heavy,light_tank,8054,True,,90.1,Tốt,PASS,,,NA,0.1,0.119,engineer_vehicle,1.2641,0.213,6.857,0.0003,,256,87,0.7417,8,156,92,1.3299,0.7843,117.3027,12,11,0.1603,0.8877,0.0599,0.2054,0,0.823,0.974,0.994,1.0,1.0,0.5
logistics_station,tower,tower_big,logistics_station,5742,True,,82.0,Tốt,PASS,,,NA,0.062,0.078,,1.6732,0.1938,5.8036,0.041,0.3724,286,106,0.4596,43,182,61,0.7891,0.2645,230.6463,4,22,0.4629,0.8544,0.0511,0.1311,0,0.618,1.0,0.801,0.903,0.765,1.0
long_sam,wheeled,wheeled_heavy (LOO),long_sam,7456,True,,99.4,Tốt,PASS,,,NA,0.114,0.097,ballistic_launcher,1.7703,0.2873,10.9776,0.1217,,197,74,0.8311,8,112,77,1.2578,0.8648,89.043,5,10,0.1527,0.9547,0.0864,0.0763,0,0.992,1.0,1.0,1.0,0.976,1.0
main_battle_tank,tracked,tracked_heavy (LOO),main_battle_tank,7196,True,,82.4,Tốt,PASS,Tốt,Cần sửa,NA,0.059,0.12,aps_tank,1.3068,0.2743,9.2374,0.0024,,161,66,0.4281,15,102,44,0.6616,0.2854,154.1813,8,8,0.1587,0.9728,0.1025,0.2234,0,0.898,1.0,1.0,0.873,0.501,0.5
manpads_tower,tower,tower_small,manpads_tower,3076,True,,92.3,Tốt,PASS,,,NA,0.046,0.047,,2.2115,0.1805,8.3333,0.04,0.4496,119,71,1.4417,19,76,24,1.5432,0.4873,49.2474,13,12,0.3695,0.9289,0.1054,0.2389,0,1.0,0.849,0.785,1.0,0.851,1.0
mega_gunship,boss,boss_air (LOO),mega_gunship,25924,True,,100.0,Tốt,PASS,,,NA,0.029,0.033,,2.2978,0.21,7.0667,0.0345,,962,166,2.4393,18,121,823,1.778,12.0936,68.0524,14,13,0.3002,0.8137,0.0387,0.0632,0,1.0,1.0,1.0,1.0,1.0,1.0
mg_bunker,tower,tower_small,mg_bunker,5490,True,,81.4,Tốt,PASS,,,NA,0.046,0.037,,1.5549,0.1687,7.3457,0.0962,0.2023,184,114,0.7061,24,101,59,0.6256,0.3655,161.4447,7,16,0.2522,0.9547,0.0641,0.2444,0,0.831,0.794,0.692,0.946,0.625,1.0
mg_bunker_a,tower,tower_big,mg_bunker.twin,5966,True,,84.9,Tốt,PASS,,,NA,0.043,0.034,,1.5398,0.1981,9.8112,0.0962,0.1982,208,120,0.7057,26,121,61,0.7116,0.3587,170.0472,12,16,0.2577,0.9291,0.0577,0.2156,0,0.496,1.0,1.0,1.0,0.833,1.0
mg_bunker_b,tower,tower_small,mg_bunker.flame,5900,True,,80.0,Tốt,PASS,,,NA,0.047,0.041,,1.5034,0.1653,7.4717,0.1687,0.2464,202,123,0.7174,27,109,66,0.6357,0.3849,171.4546,7,19,0.2415,0.8143,0.048,0.2221,0,0.754,0.778,0.704,0.961,0.645,1.0
mine_layer,tracked,tracked_heavy,mine_layer,9902,True,,100.0,Tốt,PASS,,,NA,0.13,0.147,armored_bulldozer,1.4485,0.2541,8.2404,0.2207,,370,82,0.6087,8,221,141,1.6405,1.0467,134.7112,5,9,0.1638,0.7996,0.0364,0.1551,0,1.0,1.0,1.0,1.0,1.0,1.0
missile_battery,tower,tower_big,missile_battery,5850,True,,96.2,Tốt,PASS,,,NA,0.066,0.069,,2.3013,0.2093,7.871,0.0295,0.7512,306,179,0.6226,23,204,79,0.7096,0.2748,287.5015,18,21,0.3741,0.9461,0.0606,0.135,0,1.0,1.0,1.0,1.0,0.747,1.0
missile_battery_a,tower,tower_big,missile_battery.pac3,5960,False,mounts: Mount_APS,98.0,Tốt,FAIL,,,NA,0.065,0.068,,2.1864,0.2025,7.5633,0.0237,0.7521,325,199,0.7253,20,200,105,0.729,0.3827,274.357,18,21,0.3755,0.9289,0.0577,0.1399,0,1.0,1.0,1.0,1.0,0.868,1.0
missile_battery_b,tower,tower_big,missile_battery.lrr,5840,True,,97.5,Tốt,PASS,,,NA,0.069,0.072,,2.2628,0.2088,7.556,0.2088,0.6448,306,182,0.7531,24,201,81,0.8317,0.3352,241.6817,18,21,0.3727,0.9461,0.0608,0.1224,0,1.0,1.0,1.0,1.0,0.835,1.0
missile_boat,ship,boss_sea,missile_boat,5752,True,,87.6,Tốt,PASS,,,NA,0.052,0.033,,1.7201,0.2122,7.9378,0.0366,,214,89,1.2542,17,56,141,0.7892,1.987,70.9598,12,13,0.2084,0.8216,0.0484,0.0968,0,1.0,1.0,1.0,0.831,0.401,1.0
mlrs,wheeled,wheeled_heavy,mlrs,7364,True,,96.2,Tốt,PASS,,,NA,0.09,0.049,,1.6742,0.2892,9.1458,0.0185,,245,99,0.6917,18,118,109,0.8244,0.7615,143.1296,3,9,0.1236,0.8376,0.0517,0.1291,0,0.953,1.0,1.0,1.0,0.824,1.0
mobile_fortress,boss,boss_ground,mobile_fortress,67060,True,,100.0,Tốt,PASS,,,NA,0.005,0.007,,2.4227,0.2322,7.9931,0.1979,,1757,204,0.8792,19,551,1187,2.3748,5.1159,232.0215,9,18,0.2786,0.8137,0.0344,0.1293,0,1.0,1.0,1.0,1.0,1.0,1.0
moloch,boss,boss_ground,moloch,27426,True,,82.5,Tốt,PASS,,,NA,0.007,0.014,,1.5638,0.1366,3.3511,0.0838,,915,121,0.4702,21,295,599,1.1463,2.3276,257.3486,6,13,0.1699,0.8725,0.0604,0.3003,0,0.709,0.903,0.702,0.89,0.862,1.0
monster,boss,boss_ground,monster,39598,True,,90.6,Tốt,PASS,,,NA,0.028,0.017,,1.9152,0.1325,2.3886,0.029,,1312,133,0.7899,13,352,947,2.0904,5.624,168.3857,4,12,0.2016,0.8143,0.0456,0.1163,0,1.0,0.877,0.5,1.0,1.0,1.0
mortar_carrier,tracked,tracked_light,mortar_carrier,8422,True,,93.5,Tốt,PASS,,,NA,0.058,0.142,next_gen_tank,1.4074,0.2744,7.8881,0.0409,,250,101,0.9234,16,136,98,1.2434,0.896,109.3768,10,12,0.1587,0.9119,0.0702,0.1464,0,0.845,1.0,0.945,1.0,0.881,1.0
next_gen_tank,tracked,tracked_heavy (LOO),next_gen_tank,11642,True,,100.0,Tốt,PASS,,,NA,0.076,0.086,,1.457,0.2638,8.6218,0.0236,,394,113,0.6359,17,207,170,1.1649,0.9567,177.6984,6,11,0.1557,0.882,0.0615,0.1893,0,1.0,1.0,1.0,1.0,1.0,1.0
nuke_train,boss,boss_rail,nuke_train,43182,True,,93.7,Tốt,PASS,,,NA,0.026,0.027,,1.4405,0.2126,6.5235,0.0538,,1403,202,8.4238,0,154,1249,6.4221,52.0858,23.9797,8,19,0.1663,0.8143,0.0457,0.0957,0,0.749,1.0,1.0,1.0,1.0,1.0
nyx,boss,boss_sea (LOO),nyx,26854,True,,91.3,Tốt,PASS,,,NA,0.032,0.023,,1.3363,0.0715,1.5475,0.0342,,852,143,1.602,23,107,722,1.1987,8.0886,89.2611,8,18,0.2562,0.8721,0.0724,0.15,0,0.932,0.79,0.807,1.0,0.936,1.0
one_shot_atgm_tower,tower,tower_small,one_shot_atgm_tower,5966,True,,85.4,Tốt,PASS,,,NA,0.027,0.04,,1.8221,0.2027,7.1642,0.2325,0.4014,210,104,0.6218,51,73,86,0.4365,0.5142,167.2484,8,16,0.1443,0.862,0.062,0.2113,0,1.0,0.954,0.675,0.833,0.623,1.0
railgun_truck,wheeled,wheeled_heavy (LOO),railgun_truck,7482,True,,97.5,Tốt,PASS,,,NA,0.166,0.151,heavy_aa,1.9139,0.3113,9.8122,0.0276,,237,78,0.6568,8,157,72,1.322,0.6063,118.761,3,11,0.1221,1.0,0.112,0.2348,0,1.0,1.0,1.0,0.988,0.851,1.0
recoilless_gun_tower,tower,tower_small,recoilless_gun_tower,3818,True,,96.8,Tốt,PASS,,,NA,0.039,0.033,,1.9665,0.196,9.1943,0.0553,0.2989,167,104,1.4625,15,83,69,1.1672,0.9703,71.1088,14,14,0.3233,0.9137,0.1009,0.2559,0,1.0,0.923,0.866,1.0,1.0,1.0
recoilless_jeep,wheeled,wheeled_light (LOO),recoilless_jeep,7328,True,,100.0,Tốt,PASS,,,NA,0.03,0.045,,1.9777,0.4542,21.5054,0.0092,,261,93,2.0705,16,56,189,1.2468,4.2078,44.9165,6,11,0.0951,0.8882,0.0604,0.3084,0,1.0,1.0,1.0,1.0,1.0,1.0
recon_drone,jet,jet_drone (LOO),recon_drone,2936,True,,93.0,Tốt,PASS,,,NA,0.014,0.009,,1.3785,0.3483,22.0347,0.0086,,72,28,3.2243,5,12,55,1.3819,6.3335,8.6839,24,9,0.3002,0.7985,0.0313,0.0054,0,1.0,1.0,1.0,1.0,0.866,0.5
repair_bay,tower,tower_big,repair_bay,5970,True,,79.6,Cần sửa,FAIL,,,NA,0.006,0.004,,2.6054,0.1692,3.8842,0.019,0.0293,290,92,0.3583,131,87,72,0.3388,0.2804,256.7762,11,17,0.1504,0.9137,0.0631,0.0976,0,1.0,0.992,0.536,0.704,0.506,1.0
river_gunboat,ground,ground,river_gunboat,5224,True,,86.6,Tốt,PASS,,,NA,0.033,0.036,,1.4659,0.2764,9.6251,0.0041,,145,72,0.6134,14,77,54,0.656,0.46,117.3831,8,10,0.4338,0.8216,0.0499,0.1704,0,0.705,1.0,1.0,0.942,0.677,1.0
river_patrol_boat,ground,ground (LOO),river_patrol_boat,4374,True,,86.7,Tốt,PASS,,,NA,0.238,0.191,scout_jeep,1.5269,0.3133,11.7803,0.0051,,108,66,0.9753,11,53,44,0.7832,0.6502,67.6715,12,11,0.1555,0.9722,0.1359,0.2974,0,0.603,1.0,1.0,1.0,0.777,1.0
rocket_technical,wheeled,wheeled_light (LOO),rocket_technical,6890,True,,93.7,Tốt,PASS,,,NA,0.087,0.06,,1.6838,0.3773,16.4779,0.0107,,267,85,1.2219,27,62,178,0.8913,2.5588,69.5632,4,11,0.1071,0.8137,0.0441,0.2634,0,1.0,1.0,1.0,0.863,0.765,1.0
rocket_turret,tower,tower_small,rocket_turret,5638,True,,84.0,Tốt,PASS,,,NA,0.099,0.034,,2.5627,0.2432,8.6814,0.104,0.2774,227,103,0.5151,65,78,84,0.3901,0.4201,199.968,8,16,0.1874,0.818,0.0456,0.2752,0,1.0,1.0,0.818,0.69,0.528,1.0
rocket_turret_a,tower,tower_small,rocket_turret.cluster,5366,True,,84.4,Tốt,PASS,,,NA,0.104,0.036,artillery,2.5544,0.2656,9.4654,0.104,0.2761,183,106,0.5349,46,75,62,0.3785,0.3129,198.1596,8,16,0.1786,0.8336,0.0522,0.2568,0,1.0,1.0,0.892,0.717,0.444,1.0
rocket_turret_b,tower,tower_small,rocket_turret.guided,5520,True,,91.3,Tốt,PASS,,,NA,0.101,0.04,artillery,2.1107,0.219,9.0734,0.104,0.2713,178,107,0.6982,23,83,72,0.5416,0.4698,153.2546,8,17,0.1871,0.8296,0.05,0.2678,0,1.0,1.0,0.855,0.936,0.652,1.0
sam_launcher,tracked,tracked_heavy,sam_launcher,8446,True,,86.9,Tốt,PASS,,,NA,0.078,0.054,,1.6294,0.3351,8.7675,0.0001,,294,76,0.3827,20,176,98,0.8862,0.4935,198.5997,8,9,0.1926,0.8058,0.0304,0.1617,0,1.0,1.0,1.0,0.78,0.75,0.5
scout_heli,helicopter,helicopter_heavy,scout_heli,3898,True,,95.0,Tốt,PASS,,,NA,0.022,0.042,,2.0224,0.3668,25.7131,0.5679,,145,63,3.1251,7,48,90,2.381,4.4644,20.1596,48,8,0.2623,0.8064,0.028,0.1714,0,0.999,1.0,1.0,1.0,1.0,0.5
scout_jeep,wheeled,wheeled_light,scout_jeep,6064,True,,99.4,Tốt,PASS,,,NA,0.141,0.161,river_patrol_boat,1.8087,0.4199,20.4904,0.0928,,213,69,2.1656,25,31,157,0.973,4.9276,31.8614,3,12,0.102,0.9035,0.0695,0.2628,0,1.0,1.0,1.0,1.0,0.963,1.0
scylla,boss,boss_sea,scylla,45394,True,,97.6,Tốt,PASS,,,NA,0.013,0.013,,1.6363,0.1178,3.382,0.026,,1053,185,1.9063,22,107,924,1.1026,9.5214,97.0449,10,19,0.2833,0.8933,0.0665,0.1572,0,1.0,1.0,1.0,1.0,0.842,1.0
sea_corvette,ship,ship,sea_corvette,7638,True,,91.9,Tốt,PASS,,,NA,0.031,0.038,,1.5631,0.1412,4.8445,0.0288,,343,113,1.5427,13,71,259,0.9693,3.536,73.247,10,10,0.2048,0.8137,0.0346,0.2941,0,0.92,0.832,0.763,1.0,1.0,1.0
sea_cruiser,ship,ship,sea_cruiser,14150,True,,75.8,Cần sửa,FAIL,,,NA,0.022,0.025,,1.4163,0.0956,2.2835,0.036,,701,142,2.1673,18,107,576,1.6331,8.7912,65.5198,8,14,0.1468,0.8143,0.0446,0.2699,0,0.68,0.563,0.36,1.0,1.0,1.0
shahed_truck,wheeled,wheeled_heavy,shahed_truck,6228,True,,90.3,Tốt,PASS,,,NA,0.171,0.101,fpv_carrier,1.8558,0.3985,13.7716,0.0423,,193,85,0.5737,34,89,70,0.6007,0.4725,148.1515,3,11,0.1698,0.9566,0.08,0.1021,0,1.0,1.0,1.0,0.851,0.549,1.0
shield_carrier,wheeled,wheeled_heavy,shield_carrier,7436,True,,84.7,Tốt,PASS,,,NA,0.126,0.128,sp_mortar,1.4673,0.2288,6.252,0.0794,,208,91,0.7536,9,97,102,0.8033,0.8447,120.7505,8,11,0.1439,0.9905,0.0972,0.2555,0,0.661,0.956,0.752,1.0,0.841,1.0
shield_tower,tower,tower_big,shield_tower shield_tower.ward,4786,True,,100.0,Tốt,PASS,,,NA,0.062,0.083,,2.2992,0.1793,7.5425,0.018,0.2642,219,66,0.597,23,97,99,0.8775,0.8956,110.5447,14,12,0.3964,1.0,0.1291,0.1285,0,1.0,1.0,1.0,1.0,1.0,1.0
shield_tower_a,tower,tower_big,shield_tower.bulwark,5518,True,,99.5,Tốt,PASS,,,NA,0.053,0.049,,2.6235,0.1803,7.0592,0.0177,0.2386,255,80,0.5104,26,116,113,0.7401,0.721,156.7367,14,12,0.3964,1.0,0.1503,0.1726,0,1.0,1.0,0.974,1.0,0.993,1.0
shield_tower_b,tower,tower_big,shield_tower.ward,5438,True,,97.6,Tốt,PASS,,,NA,0.039,0.041,,2.8394,0.2078,9.2362,0.0208,0.1005,224,75,0.4773,38,100,86,0.6364,0.5473,157.125,14,12,0.3609,1.0,0.1856,0.1539,0,1.0,1.0,1.0,0.938,0.924,1.0
siege_tank,tracked,tracked_heavy,siege_tank,10350,True,,99.4,Tốt,PASS,,,NA,0.045,0.033,,1.4654,0.2479,8.0859,0.0091,,304,86,0.5251,13,169,122,1.032,0.745,163.7667,8,8,0.1883,0.9204,0.0654,0.2176,0,1.0,1.0,1.0,1.0,0.962,1.0
silver_bug,boss,boss_air (LOO),silver_bug,67592,True,,95.3,Tốt,PASS,,,NA,0.022,0.023,,1.671,0.2256,7.4384,0.0224,,1407,345,2.3859,52,259,1096,1.7912,7.5797,144.5972,16,20,0.1914,1.0,0.1088,0.0638,0,0.81,1.0,1.0,1.0,1.0,1.0
sky_gunship,jet,jet_heavy,sky_gunship,3562,True,,92.5,Tốt,PASS,,,NA,0.025,0.025,,1.554,0.1187,4.3719,0.0421,,101,40,1.1908,3,30,68,0.8931,2.0243,33.5918,20,9,0.381,0.9461,0.0565,0.0943,0,1.0,1.0,1.0,0.915,0.612,1.0
sp_mortar,wheeled,wheeled_heavy,sp_mortar,7226,True,,92.6,Tốt,PASS,,,NA,0.047,0.039,,1.7154,0.2704,8.201,0.001,,215,90,0.7718,11,98,106,0.8404,0.909,116.6169,14,10,0.1384,0.9634,0.0788,0.1899,0,1.0,1.0,0.986,1.0,0.857,0.5
stealth_bomber,jet,jet_heavy,stealth_bomber,3564,True,,75.2,Cần sửa,FAIL,,,NA,0.016,0.013,,1.1338,0.1144,3.1965,0.0028,,128,46,1.5119,4,60,64,1.972,2.1035,30.4262,13,7,0.212,0.8143,0.0411,0.1737,0,0.314,1.0,1.0,1.0,0.823,0.5
stealth_fighter,jet,jet_fighter,stealth_fighter,2976,True,,76.5,Cần sửa,FAIL,,,NA,0.0,0.0,,1.4091,0.0843,2.803,0.017,,134,56,1.0594,4,53,77,1.0027,1.4567,52.8587,18,7,0.2019,0.8137,0.0364,0.2571,0,0.947,0.402,0.308,1.0,0.811,1.0
stealth_naval_strike,jet,jet_heavy,stealth_naval_strike,6704,True,,73.9,Cần sửa,FAIL,,,NA,0.002,0.002,,1.0784,0.137,3.1341,0.0015,,231,89,1.8954,10,63,158,1.3417,3.3648,46.9564,12,9,0.4338,0.8216,0.0486,0.1024,0,0.184,1.0,1.0,1.0,0.953,0.5
strike_drone,jet,jet_drone (LOO),strike_drone,3672,True,,98.9,Tốt,PASS,,,NA,0.003,0.004,,1.3868,0.3491,23.3088,0.0345,,119,37,2.496,3,28,88,1.8889,5.9365,14.8236,30,9,0.2865,0.798,0.0153,0.1256,0,1.0,1.0,1.0,0.968,0.969,1.0
super_gun,structure,structure,super_gun,7132,True,,64.3,Cần sửa,FAIL,,,NA,0.023,0.016,,1.4756,0.1567,5.8217,0.0713,0.1734,219,84,0.4827,18,92,109,0.5286,0.6263,174.0328,16,14,0.1634,0.9119,0.0583,0.2692,0,0.329,0.976,0.898,0.453,0.594,1.0
supply_truck,wheeled,wheeled_heavy,supply_truck,7494,True,,91.1,Tốt,PASS,,,NA,0.102,0.146,ammo_carrier,1.6796,0.2327,7.7282,0.0019,,272,121,0.8546,21,142,109,1.0029,0.7698,141.5894,4,12,0.1557,0.9295,0.0666,0.176,0,0.961,0.972,0.929,1.0,0.905,0.5
swarm_carrier,jet,jet_heavy (LOO),swarm_carrier,4918,True,,94.1,Tốt,PASS,,,NA,0.001,0.001,,1.6297,0.1043,3.0387,0.0065,,185,69,1.7828,4,63,118,1.6278,3.0489,38.7021,13,6,0.2481,0.9898,0.0944,0.1374,0,1.0,1.0,1.0,1.0,0.94,0.5
tank_destroyer,tracked,tracked_heavy,tank_destroyer,10558,True,,100.0,Tốt,PASS,,,NA,0.162,0.229,sam_launcher,1.3978,0.252,8.0943,0.0184,,341,86,0.8572,9,195,137,1.9437,1.3656,100.3236,11,10,0.1869,0.8064,0.0387,0.2004,0,1.0,1.0,1.0,1.0,1.0,1.0
targeting_station,structure,structure (LOO),targeting_station,6486,True,,95.0,Tốt,PASS,,,NA,0.069,0.034,,3.1341,0.1912,9.854,0.5649,,241,120,1.4522,17,136,88,1.6458,1.0649,82.6332,8,12,0.2056,0.9641,0.101,0.2026,0,1.0,1.0,1.0,1.0,1.0,0.5
theia,boss,boss_air,theia,36650,True,,81.2,Tốt,PASS,,,NA,0.009,0.009,,1.4938,0.1345,3.4213,0.0085,,573,178,1.331,8,149,416,1.1141,3.1106,133.7366,9,15,0.3609,1.0,0.2215,0.0667,0,0.609,1.0,1.0,1.0,0.731,0.5
thermobaric_launcher,tracked,tracked_heavy,thermobaric_launcher,10700,True,,93.6,Tốt,PASS,,,NA,0.038,0.031,,1.4419,0.2362,7.1478,0.0454,,344,78,0.3995,19,140,185,0.717,0.9475,195.2453,3,10,0.1527,0.8216,0.0479,0.1382,0,1.0,1.0,1.0,0.815,0.821,1.0
titan_tank,tracked,tracked_heavy,titan_tank,10282,True,,95.5,Tốt,PASS,,,NA,0.067,0.14,behemoth,1.4213,0.1947,6.1184,0.005,,295,86,0.5408,14,188,93,1.1822,0.5848,159.0208,7,10,0.191,0.9553,0.0797,0.1934,0,1.0,0.89,0.887,1.0,0.92,1.0
twin_rotor_gunship,helicopter,helicopter_heavy,twin_rotor_gunship,8392,True,,91.5,Tốt,PASS,,,NA,0.005,0.005,,1.9761,0.2304,8.0354,0.1522,,344,119,1.6289,8,96,240,1.3141,3.2852,73.0554,10,13,0.2084,0.8143,0.0396,0.0068,0,0.954,0.978,0.6,1.0,0.935,1.0
twin_tank,tracked,tracked_heavy (LOO),twin_tank,9870,True,,98.8,Tốt,PASS,,,NA,0.123,0.111,artillery,1.5237,0.2558,8.5394,0.0067,,281,96,0.6075,16,165,100,1.0442,0.6329,158.0152,7,10,0.1527,0.9381,0.0686,0.1752,0,1.0,1.0,1.0,1.0,0.921,1.0
typhon,boss,boss_sea,typhon,32624,True,,70.1,Cần sửa,FAIL,,,NA,0.015,0.013,,1.2501,0.0046,0.1219,0.0202,,889,150,2.9821,11,85,793,1.6899,15.7653,50.3003,21,17,0.2582,0.8319,0.0505,0.1131,0,0.926,0.056,0.072,1.0,1.0,1.0
vbied,wheeled,wheeled_light,vbied,4698,True,,81.0,Tốt,PASS,,,NA,0.031,0.025,,1.3296,0.315,8.3838,0.0316,,198,89,1.4631,32,71,95,1.1672,1.5617,60.8313,12,11,0.0785,0.8064,0.0339,0.2941,0,0.571,1.0,0.643,1.0,0.803,1.0
vehicle_hangar_base,tower,tower_big,vehicle_hangar,12214,True,,87.9,Tốt,PASS,,,NA,0.02,0.021,,1.8471,0.2048,6.7221,0.1018,0.1018,592,231,0.4634,139,233,220,0.4674,0.4413,498.5223,4,21,0.2524,0.8538,0.0515,0.2381,0,0.778,1.0,0.927,0.911,0.753,1.0
wall_gun,obstacle,obstacle_flat,wall_gun,5440,True,,55.9,Kém,FAIL,,,NA,0.006,0.006,,1.5225,0.2895,13.7324,0.0072,,216,35,0.3107,44,160,12,1.4203,0.1065,112.6536,4,9,0.1439,0.8784,0.0699,0.4456,0,0.358,1.0,1.0,0.256,0.457,0.5
wall_hesco,obstacle,obstacle_flat,wall_hesco,4444,True,,58.0,Kém,FAIL,,,NA,0.008,0.009,,1.5766,0.33,13.8266,0.007,,176,43,0.417,18,122,36,1.1831,0.3491,103.1147,4,8,0.1706,0.8058,0.0178,0.3053,0,0.395,1.0,1.0,0.344,0.414,0.5
wall_t,obstacle,obstacle_flat,wall_t,4722,True,,40.6,Kém,FAIL,,,NA,0.011,0.015,,1.304,0.1272,4.4765,0.0076,,150,32,0.4577,11,37,102,0.5292,1.4588,69.9186,4,10,0.262,0.8064,0.0275,0.1905,0,0.208,0.673,0.498,0.378,0.352,0.5
wheeled_gun,wheeled,wheeled_heavy,wheeled_gun,7190,True,,91.1,Tốt,PASS,,,NA,0.06,0.015,,1.4551,0.3137,10.5824,0.0363,,216,97,1.3837,8,87,121,1.2411,1.7261,70.1013,8,13,0.2305,0.9399,0.0774,0.1858,0,0.644,1.0,1.0,1.0,1.0,1.0
zu23_technical,wheeled,wheeled_light (LOO),zu23_technical,7368,True,,88.6,Tốt,PASS,,,NA,0.021,0.03,,1.573,0.3767,15.9042,0.0006,,258,95,1.4673,23,68,167,1.0503,2.5793,64.7457,4,11,0.1146,0.8137,0.0447,0.2821,0,0.814,1.0,1.0,1.0,0.881,0.5
