aps_target	attackers	hp_lost_45s	aps_interceptions	shots
titan_tank x2	ATGM / missile	16926	15.0	647.7
titan_tank x2	rockets / lobbed	4502	0.0	57.0

shooter	moving_target	shots	hits	hit_share	damage_60s
main_battle_tank	armored_car	294.3	286.7	0.97	6165
ifv	main_battle_tank	333.3	333.3	1.00	7597
tank_destroyer	armored_car	12.0	12.0	1.00	6204
light_tank	main_battle_tank	114.0	113.7	1.00	2966
aa_vehicle	attack_helicopter	181.3	180.3	0.99	8857
sam_launcher	attack_helicopter	36.0	32.0	0.89	15676
heavy_aa	attack_helicopter	1396.7	1391.7	1.00	20257
atgm_tower	main_battle_tank	22.0	21.0	0.95	7535
artillery	armored_car	6.3	5.3	0.84	2319
mortar_carrier	armored_car	9.0	7.3	0.81	1320
mlrs	ifv	25.0	25.0	1.00	2690
