id,ten_en,ten_vi,ten_ngan_vi,lop,nhanh,ke_thua_tu,base_cp,mau_hp,mau_trong_tran_hp,giap_truoc,giap_hong,giap_sau,giap_noc,cong_trinh,toc_do_m_s,xoay_than_deg_s,xoay_thap_deg_s,tam_nhin_m,ban_kinh_m,dai_m,rong_m,bay,do_cao_m,dung_yen,ban_khi_chay,toc_do_chiem,tha_du_s,he_so_sat_thuong_ra,vu_khi_chinh,vu_khi_phu,noi_tai,tu_ve,so_lan_tu_ve,hoi_tu_ve_s,mo_hinh,so_voi_ban_goc,base_cp_truoc,base_cp_sau,mau_hp_truoc,mau_hp_sau,giap_truoc_truoc,giap_truoc_sau,giap_hong_truoc,giap_hong_sau,giap_sau_truoc,giap_sau_sau,giap_noc_truoc,giap_noc_sau,toc_do_m_s_truoc,toc_do_m_s_sau,tam_nhin_m_truoc,tam_nhin_m_sau,vu_khi_chinh_truoc,vu_khi_chinh_sau,vu_khi_phu_truoc,vu_khi_phu_sau,he_so_sat_thuong_ra_truoc,he_so_sat_thuong_ra_sau,the_goc,nhanh_ab,co_o,vai_tro,trong_roster,base_rebuild_cp,runtime_rebuild_cp,xay_lai_cho_s,xay_lai_tha_s,mo_khoa,the_cu_gop_vao,co_can_bang,armour,armour_front,armour_rear,armour_side,armour_top,art,balloon_radius_m,balloon_scatter,blast_wall_cone,blast_wall_cut,blast_wall_radius_m,branch_of,branches,class,counter_battery_bonus,counter_battery_range_m,counter_battery_seconds_s,cp,death_explosion_damage,death_explosion_delay_s,death_explosion_radius_m,death_explosion_tier,decoy_mimic,dome_hp,dome_radius_m,dome_recharge_s,fires_while_moving,fort_size,hp,inherits,jammer,length_m,main_aim,main_slot,mines_damage,mines_interval,mines_max,mines_radius_m,mines_spread,mines_tier,mines_trigger,model,model_size_height_m,model_size_length_m,model_size_width_m,naval_only,no_branch,obstacle,outgoing_damage_mult,passable,radius_m,rebuild_cp,relay_income,relay_quiet,relay_second,reveal_air,reveal_stealth,scale,searchlight_dazzle,searchlight_radius_m,secondary,shelter_cut,shelter_radius_m,slow_aura_radius_m,slow_aura_share,speed_m_s,static,tower_range_aura_radius_m,tower_range_aura_range_m,tower_role,turn_rate_deg_s,turret_arc_deg,turret_turn_rate_deg_s,untargetable,vision_m,wards_hp,wards_radius_m,wards_recharge_s,weapon,width_m,nguon,raw_json
aa_gun_tower,40 mm AA gun,Pháo phòng không 40 mm,Pháo PK 40 mm,,,,0,1273,2800.6,2,2,2,2,TRUE,0,1,120,56,2.4,5.0,5.0,FALSE,0,TRUE,TRUE,1,3.5,1,bofors_l70,,,none,,,aa_gun_tower,giong,,,,,,,,,,,,,,,,,,,,,,,,,Medium,,FALSE,4,NEED_CODE_CHECK,40,3.5,NEED_CODE_CHECK,NEED_CODE_CHECK,NEED_CODE_CHECK,2,,,,,,,,,,,,,,,,,0,90,0.4,7,Huge,,,,,,Medium,1273,,,5.0,,,,,,,,,,,3.2,5.5,5.5,,,,,,2.4,,,,,,,,,,,,,,,0,TRUE,,,,1,,120,,56,,,,bofors_l70,5.0,Assets/MachineBrigade/Resources/Data/balance.json: vehicles[168],"{""id"":""aa_gun_tower"",""modelSize"":[5.5,5.5,3.2],""fort"":{""size"":""Medium""},""static"":true,""armour"":2,""hp"":1273,""speed"":0,""turnRate"":1,""turretTurnRate"":120,""radius"":2.4,""length"":5.0,""width"":5.0,""cp"":0,""vision"":56,""weapon"":""bofors_l70"",""secondary"":[],""deathExplosion"":{""damage"":90,""radius"":7,""delay"":0.4,""tier"":""Huge""}}"
aa_turret,AA turret,Tháp phòng không,Tháp PK,,,,0,1100,2420.0,2,2,2,2,TRUE,0,1,200,60,2.3,4.5,4.5,FALSE,0,TRUE,TRUE,1,3.5,1,tower_flak_30,sam,,none,,,aa_turret,giong,,,,,,,,,,,,,,,,,,,,,,,,,Small,,TRUE,6,NEED_CODE_CHECK,25,2.5,NEED_CODE_CHECK,NEED_CODE_CHECK,NEED_CODE_CHECK,2,,,,,,,,,,,,aa_turret.flak;aa_turret.sam,,,,,0,90,0.4,7,Huge,,,,,,Small,1100,,,4.5,,,,,,,,,,,,,,,,,1,,2.3,6,,,,,,,,,,,,,,0,TRUE,,,,1,,200,,60,,,,tower_flak_30,4.5,Assets/MachineBrigade/Resources/Data/balance.json: vehicles[78],"{""id"":""aa_turret"",""outgoingDamageMult"":1,""rebuildCp"":6,""branches"":[""aa_turret.flak"",""aa_turret.sam""],""fort"":{""size"":""Small""},""static"":true,""armour"":2,""hp"":1100,""speed"":0,""turnRate"":1,""turretTurnRate"":200,""radius"":2.3,""length"":4.5,""width"":4.5,""cp"":0,""vision"":60,""weapon"":""tower_flak_30"",""secondary"":[{""weapon"":""sam"",""slot"":""missile"",""aim"":""Turret""}],""deathExplosion"":{""damage"":90,""radius"":7,""delay"":0.4,""tier"":""Huge""}}"
aa_turret.flak,,,Tháp cao xạ,,,aa_turret,0,1100,2420.0,2,2,2,2,TRUE,0,1,200,60,2.3,4.5,4.5,FALSE,0,TRUE,TRUE,1,3.5,0.7869,flak_quad,,,none,,,aa_turret,doi,,,,,,,,,,,,,,,,,,,,,1,0.7869,aa_turret,flak,Small,aa_gun_23_drones_helis,FALSE,6,NEED_CODE_CHECK,25,2.5,NEED_CODE_CHECK,NEED_CODE_CHECK,NEED_CODE_CHECK,,,,,,aa_turret_a,,,,,,aa_turret,,,,,,,,,,,,,,,,,,aa_turret,,,,,,,,,,,,,,,,,,,0.7869,,,6,,,,,,,,,,,,,,,,,,aa_gun_23_drones_helis,,,,,,,,,flak_quad,,Assets/MachineBrigade/Resources/Data/balance.json: vehicles[118],"{""id"":""aa_turret.flak"",""outgoingDamageMult"":0.7869,""rebuildCp"":6,""towerRole"":""aa_gun_23_drones_helis"",""art"":""aa_turret_a"",""inherits"":""aa_turret"",""branchOf"":""aa_turret"",""weapon"":""flak_quad"",""secondary"":[]}"
aa_turret.sam,,,Stinger,,,aa_turret,0,1100,2420.0,2,2,2,2,TRUE,0,1,200,60,2.3,4.5,4.5,FALSE,0,TRUE,TRUE,1,3.5,1,stinger_post,,,none,,,aa_turret,doi,,,,,,,,,,,,,,,64,60,sam_post,stinger_post,,,,,aa_turret,sam,Small,aa_manpads_aircraft,FALSE,5,NEED_CODE_CHECK,25,2.5,NEED_CODE_CHECK,NEED_CODE_CHECK,NEED_CODE_CHECK,,,,,,aa_turret_b,,,,,,aa_turret,,,,,,,,,,,,,,,,,,aa_turret,,,,missile,,,,,,,,,,,,,,,1,,,5,,,,,,,,,,,,,,,,,,aa_manpads_aircraft,,,,,60,,,,stinger_post,,Assets/MachineBrigade/Resources/Data/balance.json: vehicles[119],"{""id"":""aa_turret.sam"",""outgoingDamageMult"":1,""rebuildCp"":5,""towerRole"":""aa_manpads_aircraft"",""art"":""aa_turret_b"",""inherits"":""aa_turret"",""branchOf"":""aa_turret"",""weapon"":""stinger_post"",""mainSlot"":""missile"",""vision"":60,""secondary"":[]}"
artillery_emplacement,Artillery emplacement,Trận địa pháo,Trận địa pháo,,,,0,1100,2420.0,1,1,1,1,TRUE,0,1,30,30,3.0,6.5,6.5,FALSE,0,TRUE,TRUE,1,3.5,1,howitzer_fixed,,,none,,,artillery_emplacement,giong,,,,,,,,,,,,,,,,,,,,,,,,,Large,,TRUE,12,NEED_CODE_CHECK,60,5,NEED_CODE_CHECK,NEED_CODE_CHECK,NEED_CODE_CHECK,1,,,,,,,,,,,,artillery_emplacement.cb;artillery_emplacement.mortar,,,,,0,150,0.4,9,Huge,,,,,,Large,1100,,,6.5,,,,,,,,,,,,,,,,,,,3.0,12,,,,,,,,,,,,,,0,TRUE,,,,1,,30,,30,,,,howitzer_fixed,6.5,Assets/MachineBrigade/Resources/Data/balance.json: vehicles[122],"{""id"":""artillery_emplacement"",""rebuildCp"":12,""branches"":[""artillery_emplacement.cb"",""artillery_emplacement.mortar""],""fort"":{""size"":""Large""},""static"":true,""armour"":1,""hp"":1100,""speed"":0,""turnRate"":1,""turretTurnRate"":30,""radius"":3.0,""length"":6.5,""width"":6.5,""cp"":0,""vision"":30,""weapon"":""howitzer_fixed"",""secondary"":[],""deathExplosion"":{""damage"":150,""radius"":9,""delay"":0.4,""tier"":""Huge""}}"
artillery_emplacement.cb,,,Phản pháo,,,artillery_emplacement,0,1100,2420.0,1,1,1,1,TRUE,0,1,30,30,3.0,6.5,6.5,FALSE,0,TRUE,TRUE,1,3.5,1,howitzer_cb,,,none,,,artillery_emplacement,giong,,,,,,,,,,,,,,,,,,,,,,,artillery_emplacement,cb,Large,counter_battery,FALSE,12,NEED_CODE_CHECK,60,5,NEED_CODE_CHECK,NEED_CODE_CHECK,NEED_CODE_CHECK,,,,,,artillery_emplacement_a,,,,,,artillery_emplacement,,,0.1,100,6,,,,,,,,,,,,,artillery_emplacement,,,,,,,,,,,,,,,,,,,,,,12,,,,,,,,,,,,,,,,,,counter_battery,,,,,,,,,howitzer_cb,,Assets/MachineBrigade/Resources/Data/balance.json: vehicles[103],"{""id"":""artillery_emplacement.cb"",""rebuildCp"":12,""towerRole"":""counter_battery"",""art"":""artillery_emplacement_a"",""inherits"":""artillery_emplacement"",""branchOf"":""artillery_emplacement"",""weapon"":""howitzer_cb"",""counterBattery"":{""range"":100,""seconds"":6,""bonus"":0.1}}"
artillery_emplacement.mortar,,,Cối nặng,,,artillery_emplacement,0,1100,2420.0,1,1,1,1,TRUE,0,1,30,30,3.0,6.5,6.5,FALSE,0,TRUE,TRUE,1,3.5,1,mortar_240_fixed,,,none,,,artillery_emplacement,giong,,,,,,,,,,,,,,,,,,,,,,,artillery_emplacement,mortar,Large,mortar_lobbed,FALSE,12,NEED_CODE_CHECK,60,5,NEED_CODE_CHECK,NEED_CODE_CHECK,NEED_CODE_CHECK,,,,,,artillery_emplacement_b,,,,,,artillery_emplacement,,,,,,,,,,,,,,,,,,artillery_emplacement,,,,,,,,,,,,,,,,,,,,,,12,,,,,,,,,,,,,,,,,,mortar_lobbed,,,,,,,,,mortar_240_fixed,,Assets/MachineBrigade/Resources/Data/balance.json: vehicles[104],"{""id"":""artillery_emplacement.mortar"",""rebuildCp"":12,""towerRole"":""mortar_lobbed"",""art"":""artillery_emplacement_b"",""inherits"":""artillery_emplacement"",""branchOf"":""artillery_emplacement"",""weapon"":""mortar_240_fixed""}"
at_gun_emplacement,Anti-tank gun emplacement,Ụ pháo chống tăng,Ụ chống tăng,,,,0,682,1500.4,2,1,1,1,TRUE,0,1,15,40,2.0,4.2,4.2,FALSE,0,TRUE,TRUE,1,3.5,1,at_gun_100,,,none,,,at_gun_emplacement,giong,,,,,,,,,,,,,,,,,,,,,,,,,Small,,TRUE,4,NEED_CODE_CHECK,25,2.5,NEED_CODE_CHECK,NEED_CODE_CHECK,NEED_CODE_CHECK,,2,1,1,1,,,,,,,,at_gun_emplacement.long;at_gun_emplacement.recoilless,,,,,0,70,0.3,6,Large,,,,,,Small,682,,,4.2,,,,,,,,,,,2.0,5.8,4.2,,,,,,2.0,4,,,,,,,,,,,,,,0,TRUE,,,,1,45,15,,40,,,,at_gun_100,4.2,Assets/MachineBrigade/Resources/Data/balance.json: vehicles[135],"{""id"":""at_gun_emplacement"",""rebuildCp"":4,""branches"":[""at_gun_emplacement.long"",""at_gun_emplacement.recoilless""],""modelSize"":[5.8,4.2,2.0],""fort"":{""size"":""Small""},""static"":true,""armour"":[2,1,1,1],""hp"":682,""speed"":0,""turnRate"":1,""turretTurnRate"":15,""turretArc"":45,""radius"":2.0,""length"":4.2,""width"":4.2,""cp"":0,""vision"":40,""weapon"":""at_gun_100"",""secondary"":[],""deathExplosion"":{""damage"":70,""radius"":6,""delay"":0.3,""tier"":""Large""}}"
at_gun_emplacement.long,,,Pháo CT,,,at_gun_emplacement,0,682,1500.4,2,1,1,1,TRUE,0,1,15,40,2.0,4.2,4.2,FALSE,0,TRUE,TRUE,1,3.5,1,at_gun_100,,,none,,,at_gun_emplacement,moi,,,,,,,,,,,,,,,,,,,,,,,at_gun_emplacement,long,Small,at_gun_long_narrow,FALSE,4,NEED_CODE_CHECK,25,2.5,NEED_CODE_CHECK,NEED_CODE_CHECK,NEED_CODE_CHECK,,,,,,,,,,,,at_gun_emplacement,,,,,,,,,,,,,,,,,,at_gun_emplacement,,,,,,,,,,,,,,,,,,,,,,4,,,,,,,,,,,,,,,,,,at_gun_long_narrow,,,,,,,,,,,Assets/MachineBrigade/Resources/Data/balance.json: vehicles[136],"{""id"":""at_gun_emplacement.long"",""rebuildCp"":4,""inherits"":""at_gun_emplacement"",""branchOf"":""at_gun_emplacement"",""towerRole"":""at_gun_long_narrow""}"
at_gun_emplacement.recoilless,,,SKZ,,,recoilless_gun_tower,0,545,1199.0,1,1,1,1,TRUE,0,1,120,32,1.8,3.5,3.5,FALSE,0,TRUE,TRUE,1,3.5,1,spg9_73mm,,,none,,,recoilless_gun_tower,moi,,,,,,,,,,,,,,,,,,,,,,,at_gun_emplacement,recoilless,Small,at_recoilless_wide,FALSE,3,NEED_CODE_CHECK,25,2.5,NEED_CODE_CHECK,NEED_CODE_CHECK,NEED_CODE_CHECK,,,,,,,,,,,,at_gun_emplacement,,,,,,,,,,,,,,,,,,recoilless_gun_tower,,,,,,,,,,,,,,,,,,,,,,3,,,,,,,,,,,,,,,,,,at_recoilless_wide,,,,,,,,,,,Assets/MachineBrigade/Resources/Data/balance.json: vehicles[137],"{""id"":""at_gun_emplacement.recoilless"",""rebuildCp"":3,""inherits"":""recoilless_gun_tower"",""branchOf"":""at_gun_emplacement"",""towerRole"":""at_recoilless_wide""}"
atgm_tower,ATGM tower,Tháp tên lửa chống tăng,Tháp ATGM,,,,0,900,1980.0,2,2,2,2,TRUE,0,1,90,55,2.3,4.8,4.8,FALSE,0,TRUE,TRUE,1,3.5,1,tower_kornet,,,none,,,atgm_tower,giong,,,,,,,,,,,,,,,,,,,,,,,,,Medium,,TRUE,7,NEED_CODE_CHECK,40,3.5,NEED_CODE_CHECK,NEED_CODE_CHECK,NEED_CODE_CHECK,2,,,,,,,,,,,,atgm_tower.top;atgm_tower.multi,,,,,0,90,0.3,6,Large,,,,,,Medium,900,,,4.8,,missile,,,,,,,,,,,,,,,,,2.3,7,,,,,,,,,,,,,,0,TRUE,,,,1,,90,,55,,,,tower_kornet,4.8,Assets/MachineBrigade/Resources/Data/balance.json: vehicles[76],"{""id"":""atgm_tower"",""rebuildCp"":7,""branches"":[""atgm_tower.top"",""atgm_tower.multi""],""fort"":{""size"":""Medium""},""static"":true,""armour"":2,""hp"":900,""speed"":0,""turnRate"":1,""turretTurnRate"":90,""radius"":2.3,""length"":4.8,""width"":4.8,""cp"":0,""vision"":55,""weapon"":""tower_kornet"",""mainSlot"":""missile"",""deathExplosion"":{""damage"":90,""radius"":6,""delay"":0.3,""tier"":""Large""}}"
atgm_tower.multi,,,Đa năng,,,atgm_tower,0,900,1980.0,2,2,2,2,TRUE,0,1,90,55,2.3,4.8,4.8,FALSE,0,TRUE,TRUE,1,3.5,1,kornet_multi,,,none,,,atgm_tower,giong,,,,,,,,,,,,,,,,,,,,,,,atgm_tower,multi,Medium,atgm_multi,FALSE,6,NEED_CODE_CHECK,40,3.5,NEED_CODE_CHECK,NEED_CODE_CHECK,NEED_CODE_CHECK,,,,,,atgm_tower_b,,,,,,atgm_tower,,,,,,,,,,,,,,,,,,atgm_tower,,,,,,,,,,,,,,,,,,,,,,6,,,,,,,,,,,,,,,,,,atgm_multi,,,,,,,,,kornet_multi,,Assets/MachineBrigade/Resources/Data/balance.json: vehicles[98],"{""id"":""atgm_tower.multi"",""rebuildCp"":6,""towerRole"":""atgm_multi"",""art"":""atgm_tower_b"",""inherits"":""atgm_tower"",""branchOf"":""atgm_tower"",""weapon"":""kornet_multi""}"
atgm_tower.top,,,Đánh từ trên,,,atgm_tower,0,900,1980.0,2,2,2,2,TRUE,0,1,90,55,2.3,4.8,4.8,FALSE,0,TRUE,TRUE,1,3.5,1,kornet_top,,,none,,,atgm_tower,giong,,,,,,,,,,,,,,,,,,,,,,,atgm_tower,top,Medium,atgm_top_attack,FALSE,7,NEED_CODE_CHECK,40,3.5,NEED_CODE_CHECK,NEED_CODE_CHECK,NEED_CODE_CHECK,,,,,,atgm_tower_a,,,,,,atgm_tower,,,,,,,,,,,,,,,,,,atgm_tower,,,,,,,,,,,,,,,,,,,,,,7,,,,,,,,,,,,,,,,,,atgm_top_attack,,,,,,,,,kornet_top,,Assets/MachineBrigade/Resources/Data/balance.json: vehicles[97],"{""id"":""atgm_tower.top"",""rebuildCp"":7,""towerRole"":""atgm_top_attack"",""art"":""atgm_tower_a"",""inherits"":""atgm_tower"",""branchOf"":""atgm_tower"",""weapon"":""kornet_top""}"
barrage_balloon,Radar aerostat (JLENS),Khí cầu neo radar (JLENS),Khí cầu radar,,,,0,364,800.8,0,0,0,0,TRUE,0,1,1,1,2.0,4.0,4.0,FALSE,0,TRUE,TRUE,1,3.5,1,none,,,none,,,barrage_balloon,giong,,,,,,,,,,,,,,,,,,,,,,,,,Small,,FALSE,2,NEED_CODE_CHECK,25,2.5,NEED_CODE_CHECK,NEED_CODE_CHECK,NEED_CODE_CHECK,0,,,,,,40,0.5,,,,,,,,,,0,,,,,,,,,,Small,364,,,4.0,,,,,,,,,,,16.0,9.0,4.0,,,,,,2.0,,,,,45,,,,,,,,,,0,TRUE,,,,1,,1,,1,,,,none,4.0,Assets/MachineBrigade/Resources/Data/balance.json: vehicles[157],"{""id"":""barrage_balloon"",""modelSize"":[9.0,4.0,16.0],""fort"":{""size"":""Small""},""static"":true,""armour"":0,""hp"":364,""speed"":0,""turnRate"":1,""turretTurnRate"":1,""radius"":2.0,""length"":4.0,""width"":4.0,""cp"":0,""vision"":1,""weapon"":""none"",""balloon"":{""radius"":40,""scatter"":0.5},""revealAir"":45}"
blast_wall,Gabion blast wall,Tường chắn đạn,Tường chắn đạn,,,,0,1364,3000.8,3,3,3,3,TRUE,0,1,1,1,2.2,1.9,4.8,FALSE,0,TRUE,TRUE,1,3.5,1,none,,,none,,,blast_wall,giong,,,,,,,,,,,,,,,,,,,,,,,,,Small,,FALSE,2,NEED_CODE_CHECK,25,2.5,NEED_CODE_CHECK,NEED_CODE_CHECK,NEED_CODE_CHECK,3,,,,,,,,50,0.3,10,,,,,,,0,,,,,,,,,,Small,1364,,,1.9,,,,,,,,,,,2.4,1.9,4.8,,,,,TRUE,2.2,,,,,,,,,,,,,,,0,TRUE,,,,1,,1,,1,,,,none,4.8,Assets/MachineBrigade/Resources/Data/balance.json: vehicles[149],"{""id"":""blast_wall"",""modelSize"":[1.9,4.8,2.4],""fort"":{""size"":""Small""},""static"":true,""passable"":true,""armour"":3,""hp"":1364,""speed"":0,""turnRate"":1,""turretTurnRate"":1,""radius"":2.2,""length"":1.9,""width"":4.8,""cp"":0,""vision"":1,""weapon"":""none"",""blastWall"":{""radius"":10,""cut"":0.3,""cone"":50}}"
bulwark_post,Field gun post,Ụ súng dã chiến,Ụ súng,Defense,,,0,500,1100.0,1,1,1,1,TRUE,0,1,160,34,1.6,2.72,2.72,FALSE,0,TRUE,TRUE,1,3.5,1,bunker_hmg,,,none,,,bulwark_post,giong,,,,,,,,,,,,,,,,,,,,,,,,,,,FALSE,,NEED_CODE_CHECK,,,NEED_CODE_CHECK,NEED_CODE_CHECK,NEED_CODE_CHECK,1,,,,,,,,,,,,,Defense,,,,0,40,0.2,4,Large,,,,,,,500,,,3.4,,,,,,,,,,bulwark_post,,,,,,,,,1.6,,,,,,,0.8,,,,,,,,0,TRUE,,,,1,,160,,34,,,,bunker_hmg,3.4,Assets/MachineBrigade/Resources/Data/balance.json: vehicles[123],"{""id"":""bulwark_post"",""class"":""Defense"",""static"":true,""model"":""bulwark_post"",""armour"":1,""hp"":500,""speed"":0,""turnRate"":1,""turretTurnRate"":160,""radius"":1.6,""length"":3.4,""width"":3.4,""scale"":0.8,""cp"":0,""vision"":34,""weapon"":""bunker_hmg"",""deathExplosion"":{""damage"":40,""radius"":4,""delay"":0.2,""tier"":""Large""}}"
bunker_shelter_tower,Bunker (medium slot),Hầm ngầm che quân,Hầm ngầm,,,,0,1818,3999.6,3,3,3,3,TRUE,0,1,1,30,2.6,6.0,5.0,FALSE,0,TRUE,TRUE,1,3.5,1,none,,,none,,,bunker_shelter_tower,giong,,,,,,,,,,,,,,,,,,,,,,,,,Medium,,FALSE,4,NEED_CODE_CHECK,40,3.5,NEED_CODE_CHECK,NEED_CODE_CHECK,NEED_CODE_CHECK,3,,,,,,,,,,,,,,,,,0,,,,,,,,,,Medium,1818,,,6.0,,,,,,,,,,bunker_shelter_tower,2.2,6.0,5.0,,,,,,2.6,,,,,,,,,,,0.5,18,,,0,TRUE,,,,1,,1,,30,,,,none,5.0,Assets/MachineBrigade/Resources/Data/balance.json: vehicles[192],"{""id"":""bunker_shelter_tower"",""model"":""bunker_shelter_tower"",""modelSize"":[6.0,5.0,2.2],""fort"":{""size"":""Medium""},""static"":true,""armour"":3,""hp"":1818,""speed"":0,""turnRate"":1,""turretTurnRate"":1,""radius"":2.6,""length"":6.0,""width"":5.0,""cp"":0,""vision"":30,""weapon"":""none"",""shelter"":{""radius"":18,""cut"":0.5}}"
c_ram,C-RAM interceptor,Trạm đánh chặn C-RAM,C-RAM,,,,0,1300,2860.0,1,1,1,1,TRUE,0,1,240,60,2.5,5.5,5.5,FALSE,0,TRUE,TRUE,1,3.5,1,c_ram_gatling,,,aps,4,0.6,c_ram,giong,,,,,,,,,,,,,,,,,,,,,,,,,Medium,,TRUE,5,NEED_CODE_CHECK,40,3.5,NEED_CODE_CHECK,NEED_CODE_CHECK,NEED_CODE_CHECK,1,,,,,,,,,,,,c_ram.centurion;c_ram.dome,,,,,0,90,0.4,7,Huge,,,,,,Medium,1300,,,5.5,,,,,,,,,,,,,,,,,,,2.5,5,,,,,,,,,,,,,,0,TRUE,,,,1,,240,,60,,,,c_ram_gatling,5.5,Assets/MachineBrigade/Resources/Data/balance.json: vehicles[82],"{""id"":""c_ram"",""rebuildCp"":5,""branches"":[""c_ram.centurion"",""c_ram.dome""],""fort"":{""size"":""Medium""},""static"":true,""armour"":1,""hp"":1300,""speed"":0,""turnRate"":1,""turretTurnRate"":240,""radius"":2.5,""length"":5.5,""width"":5.5,""cp"":0,""vision"":60,""weapon"":""c_ram_gatling"",""aps"":{""radius"":35,""charges"":4,""recharge"":0.6,""rockets"":true,""shells"":0.3,""burst"":0.5},""deathExplosion"":{""damage"":90,""radius"":7,""delay"":0.4,""tier"":""Huge""}}"
c_ram.centurion,,,Centurion,,,c_ram,0,1300,2860.0,1,1,1,1,TRUE,0,1,240,60,2.5,5.5,5.5,FALSE,0,TRUE,TRUE,1,3.5,1,c_ram_gatling,,,aps,5,0.35,c_ram,giong,,,,,,,,,,,,,,,,,,,,,,,c_ram,centurion,Medium,intercept_close_fast,FALSE,5,NEED_CODE_CHECK,40,3.5,NEED_CODE_CHECK,NEED_CODE_CHECK,NEED_CODE_CHECK,,,,,,c_ram_a,,,,,,c_ram,,,,,,,,,,,,,,,,,,c_ram,,,,,,,,,,,,,,,,,,,,,,5,,,,,,,,,,,,,,,,,,intercept_close_fast,,,,,,,,,,,Assets/MachineBrigade/Resources/Data/balance.json: vehicles[101],"{""id"":""c_ram.centurion"",""rebuildCp"":5,""towerRole"":""intercept_close_fast"",""art"":""c_ram_a"",""inherits"":""c_ram"",""branchOf"":""c_ram"",""aps"":{""radius"":35,""charges"":5,""recharge"":0.35,""rockets"":true,""shells"":0.4,""burst"":0.3}}"
c_ram.dome,,,Vòm Sắt,,,c_ram,0,1300,2860.0,1,1,1,1,TRUE,0,1,240,64,2.5,5.5,5.5,FALSE,0,TRUE,TRUE,1,3.5,1,tamir,,,aps,6,,c_ram,giong,,,,,,,,,,,,,,,,,,,,,,,c_ram,dome,Medium,intercept_far_slow,FALSE,5,NEED_CODE_CHECK,40,3.5,NEED_CODE_CHECK,NEED_CODE_CHECK,NEED_CODE_CHECK,,,,,,c_ram_b,,,,,,c_ram,,,,,,,,,,,,,,,,,,c_ram,,,,,,,,,,,,,,,,,,,,,,5,,,,,,,,,,,,,,,,,,intercept_far_slow,,,,,64,,,,tamir,,Assets/MachineBrigade/Resources/Data/balance.json: vehicles[102],"{""id"":""c_ram.dome"",""rebuildCp"":5,""towerRole"":""intercept_far_slow"",""art"":""c_ram_b"",""inherits"":""c_ram"",""branchOf"":""c_ram"",""weapon"":""tamir"",""vision"":64,""aps"":{""radius"":60,""charges"":6,""reload"":12,""rockets"":true,""shells"":0.5,""direct"":false,""missiles"":true}}"
coastal_battery,Coastal Battery,Trận địa pháo bờ biển,Pháo bờ biển,Defense,,,0,3000,6600.0,4,3,3,3,TRUE,0,1,18,130,3.8,8,8,FALSE,0,TRUE,TRUE,1,3.5,1,gun_155_coastal,,,none,,,coastal_battery,giong,,,,,,,,,,,,,,,,,,,,,,,,,,,FALSE,,NEED_CODE_CHECK,,,NEED_CODE_CHECK,NEED_CODE_CHECK,NEED_CODE_CHECK,,4,3,3,3,,,,,,,,,Defense,,,,0,220,0.5,12,Ultimate,,,,,,,3000,,,8,,,,,,,,,,coastal_battery,,,,TRUE,,,,,3.8,,,,,,,,,,,,,,,0,TRUE,,,,1,,18,,130,,,,gun_155_coastal,8,Assets/MachineBrigade/Resources/Data/balance.json: vehicles[228],"{""id"":""coastal_battery"",""class"":""Defense"",""static"":true,""model"":""coastal_battery"",""armour"":[4,3,3,3],""hp"":3000,""speed"":0,""turnRate"":1,""turretTurnRate"":18,""radius"":3.8,""length"":8,""width"":8,""cp"":0,""vision"":130,""weapon"":""gun_155_coastal"",""navalOnly"":true,""deathExplosion"":{""damage"":220,""radius"":12,""delay"":0.5,""tier"":""Ultimate""}}"
cp_relay,CP relay,Trạm tiếp tế CP,Trạm CP,,,,0,600,1320.0,1,1,1,1,TRUE,0,1,1,30,1.8,4,4,FALSE,0,TRUE,TRUE,1,3.5,1,none,,,none,,,cp_relay,giong,,,,,,,,,,,,,,,,,,,,,,,,noBranch,Small,cp_income,TRUE,6,NEED_CODE_CHECK,25,2.5,NEED_CODE_CHECK,NEED_CODE_CHECK,NEED_CODE_CHECK,1,,,,,,,,,,,,,,,,,0,50,0.3,5,Large,,,,,,Small,600,,,4,,,,,,,,,,,,,,,TRUE,,,,1.8,6,0.1,5,0.06,,,,,,,,,,,0,TRUE,,,cp_income,1,,1,,30,,,,none,4,Assets/MachineBrigade/Resources/Data/balance.json: vehicles[126],"{""id"":""cp_relay"",""rebuildCp"":6,""towerRole"":""cp_income"",""noBranch"":true,""fort"":{""size"":""Small""},""static"":true,""armour"":1,""hp"":600,""speed"":0,""turnRate"":1,""turretTurnRate"":1,""radius"":1.8,""length"":4,""width"":4,""cp"":0,""vision"":30,""weapon"":""none"",""relay"":{""income"":0.1,""second"":0.06,""quiet"":5},""deathExplosion"":{""damage"":50,""radius"":5,""delay"":0.3,""tier"":""Large""}}"
decoy_tank,Inflatable decoy tank,Xe tăng bơm hơi,Xe mồi nhử,,,,0,136,299.2,0,0,0,0,TRUE,0,1,1,1,2.5,,,FALSE,0,TRUE,TRUE,1,3.5,1,none,,,none,,,main_battle_tank,giong,,,,,,,,,,,,,,,,,,,,,,,,,,,FALSE,,NEED_CODE_CHECK,,,NEED_CODE_CHECK,NEED_CODE_CHECK,NEED_CODE_CHECK,0,,,,,,,,,,,,,,,,,0,,,,,main_battle_tank,,,,,,136,,,,,,,,,,,,,main_battle_tank,2.6,7.5,3.6,,,,,,2.5,,,,,,,,,,,,,,,0,TRUE,,,,1,,1,,1,,,,none,,Assets/MachineBrigade/Resources/Data/balance.json: vehicles[161],"{""id"":""decoy_tank"",""model"":""main_battle_tank"",""modelSize"":[7.5,3.6,2.6],""static"":true,""armour"":0,""hp"":136,""speed"":0,""turnRate"":1,""turretTurnRate"":1,""radius"":2.5,""cp"":0,""vision"":1,""weapon"":""none"",""decoy"":{""mimic"":""main_battle_tank""}}"
dragons_teeth,Dragon's teeth,Răng rồng,Răng rồng,,,,0,2400,5280.0,3,3,3,3,TRUE,0,1,1,8,2.2,5,2.5,FALSE,0,TRUE,TRUE,1,3.5,1,none,,,none,,,dragons_teeth,giong,,,,,,,,,,,,,,,,,,,,,,,,,Small,,TRUE,3,NEED_CODE_CHECK,25,2.5,NEED_CODE_CHECK,NEED_CODE_CHECK,NEED_CODE_CHECK,3,,,,,,,,,,,,dragons_teeth.hedgehog;dragons_teeth.wire,,,,,0,,,,,,,,,,Small,2400,,,5,,,,,,,,,,,,,,,,TRUE,,,2.2,3,,,,,,,,,,,,,,0,TRUE,,,,1,,1,,8,,,,none,2.5,Assets/MachineBrigade/Resources/Data/balance.json: vehicles[80],"{""id"":""dragons_teeth"",""rebuildCp"":3,""branches"":[""dragons_teeth.hedgehog"",""dragons_teeth.wire""],""fort"":{""size"":""Small""},""static"":true,""obstacle"":true,""armour"":3,""hp"":2400,""speed"":0,""turnRate"":1,""turretTurnRate"":1,""radius"":2.2,""length"":5,""width"":2.5,""cp"":0,""vision"":8,""weapon"":""none""}"
dragons_teeth.hedgehog,,,Chông sắt,,,dragons_teeth,0,4800,10560.0,3,3,3,3,TRUE,0,1,1,8,2.2,5,2.5,FALSE,0,TRUE,TRUE,1,3.5,1,none,,,none,,,dragons_teeth,giong,,,,,,,,,,,,,,,,,,,,,,,dragons_teeth,hedgehog,Small,obstacle_block,FALSE,3,NEED_CODE_CHECK,25,2.5,NEED_CODE_CHECK,NEED_CODE_CHECK,NEED_CODE_CHECK,,,,,,dragons_teeth_a,,,,,,dragons_teeth,,,,,,,,,,,,,,,,,4800,dragons_teeth,,,,,,,,,,,,,,,,,,,,,,3,,,,,,,,,,,,,,,,,,obstacle_block,,,,,,,,,,,Assets/MachineBrigade/Resources/Data/balance.json: vehicles[90],"{""id"":""dragons_teeth.hedgehog"",""rebuildCp"":3,""towerRole"":""obstacle_block"",""art"":""dragons_teeth_a"",""inherits"":""dragons_teeth"",""branchOf"":""dragons_teeth"",""hp"":4800}"
dragons_teeth.wire,,,Rào thép gai,,,dragons_teeth,0,2400,5280.0,3,3,3,3,TRUE,0,1,1,8,2.2,5,2.5,FALSE,0,TRUE,TRUE,1,3.5,1,none,,,none,,,dragons_teeth,giong,,,,,,,,,,,,,,,,,,,,,,,dragons_teeth,wire,Small,wire_slow,FALSE,3,NEED_CODE_CHECK,25,2.5,NEED_CODE_CHECK,NEED_CODE_CHECK,NEED_CODE_CHECK,,,,,,dragons_teeth_b,,,,,,dragons_teeth,,,,,,,,,,,,,,,,,,dragons_teeth,,,,,,,,,,,,,,,,,,,,TRUE,,3,,,,,,,,,,,,6,0.5,,,,,wire_slow,,,,,,,,,,,Assets/MachineBrigade/Resources/Data/balance.json: vehicles[91],"{""id"":""dragons_teeth.wire"",""rebuildCp"":3,""towerRole"":""wire_slow"",""art"":""dragons_teeth_b"",""inherits"":""dragons_teeth"",""branchOf"":""dragons_teeth"",""passable"":true,""slowAura"":{""radius"":6,""share"":0.5}}"
drone_hangar,Drone hangar,Nhà chứa drone,Nhà chứa drone,,,,0,2200,4840.0,2,2,2,2,TRUE,0,1,1,60,3.6,8,8,FALSE,0,TRUE,TRUE,1,3.5,1,fpv_hangar,,,none,,,drone_hangar,giong,,,,,,,,,,,,,,,,,,,,,,,,,Large,,TRUE,12,NEED_CODE_CHECK,60,5,NEED_CODE_CHECK,NEED_CODE_CHECK,NEED_CODE_CHECK,2,,,,,,,,,,,,drone_hangar.lancet;drone_hangar.swarm,,,,,0,160,0.4,10,Ultimate,,,,,,Large,2200,,,8,Hull,door_l,,,,,,,,,,,,,,,,,3.6,12,,,,,,,,,,,,,,0,TRUE,,,,1,,1,,60,,,,fpv_hangar,8,Assets/MachineBrigade/Resources/Data/balance.json: vehicles[83],"{""id"":""drone_hangar"",""rebuildCp"":12,""branches"":[""drone_hangar.lancet"",""drone_hangar.swarm""],""fort"":{""size"":""Large""},""static"":true,""armour"":2,""hp"":2200,""speed"":0,""turnRate"":1,""turretTurnRate"":1,""radius"":3.6,""length"":8,""width"":8,""cp"":0,""vision"":60,""weapon"":""fpv_hangar"",""mainSlot"":""door_l"",""mainAim"":""Hull"",""deathExplosion"":{""damage"":160,""radius"":10,""delay"":0.4,""tier"":""Ultimate""}}"
drone_hangar.lancet,,,Lancet,,,drone_hangar,0,2200,4840.0,2,2,2,2,TRUE,0,1,1,60,3.6,8,8,FALSE,0,TRUE,TRUE,1,3.5,1,lancet_hangar,,,none,,,drone_hangar,giong,,,,,,,,,,,,,,,,,,,,,,,drone_hangar,lancet,Large,drone_loitering,FALSE,14,NEED_CODE_CHECK,60,5,NEED_CODE_CHECK,NEED_CODE_CHECK,NEED_CODE_CHECK,,,,,,drone_hangar_a,,,,,,drone_hangar,,,,,,,,,,,,,,,,,,drone_hangar,,,,,,,,,,,,,,,,,,,,,,14,,,,,,,,,,,,,,,,,,drone_loitering,,,,,,,,,lancet_hangar,,Assets/MachineBrigade/Resources/Data/balance.json: vehicles[107],"{""id"":""drone_hangar.lancet"",""rebuildCp"":14,""towerRole"":""drone_loitering"",""art"":""drone_hangar_a"",""inherits"":""drone_hangar"",""branchOf"":""drone_hangar"",""weapon"":""lancet_hangar""}"
drone_hangar.swarm,,,Bầy đàn,,,drone_hangar,0,2200,4840.0,2,2,2,2,TRUE,0,1,1,60,3.6,8,8,FALSE,0,TRUE,TRUE,1,3.5,1,fpv_hangar_swarm,,,none,,,drone_hangar,giong,,,,,,,,,,,,,,,,,,,,,,,drone_hangar,swarm,Large,drone_fpv_swarm,FALSE,14,NEED_CODE_CHECK,60,5,NEED_CODE_CHECK,NEED_CODE_CHECK,NEED_CODE_CHECK,,,,,,drone_hangar_b,,,,,,drone_hangar,,,,,,,,,,,,,,,,,,drone_hangar,,,,,,,,,,,,,,,,,,,,,,14,,,,,,,,,,,,,,,,,,drone_fpv_swarm,,,,,,,,,fpv_hangar_swarm,,Assets/MachineBrigade/Resources/Data/balance.json: vehicles[108],"{""id"":""drone_hangar.swarm"",""rebuildCp"":14,""towerRole"":""drone_fpv_swarm"",""art"":""drone_hangar_b"",""inherits"":""drone_hangar"",""branchOf"":""drone_hangar"",""weapon"":""fpv_hangar_swarm""}"
drone_net_tower,Drone net corridor,Lưới chắn drone,Lưới drone,,,,0,364,800.8,0,0,0,0,TRUE,0,1,1,20,1.6,3.0,8.0,FALSE,0,TRUE,TRUE,1,3.5,1,net_zap,,,none,,,drone_net_tower,giong,,,,,,,,,,,,,,,,,,,,,,,,,Small,,FALSE,2,NEED_CODE_CHECK,25,2.5,NEED_CODE_CHECK,NEED_CODE_CHECK,NEED_CODE_CHECK,0,,,,,,,,,,,,,,,,,0,,,,,,,,,,Small,364,,,3.0,,,,,,,,,,drone_net_tower,4.6,6.0,4.0,,,,,TRUE,1.6,,,,,,,,,,,,,,,0,TRUE,,,,1,,1,,20,,,,net_zap,8.0,Assets/MachineBrigade/Resources/Data/balance.json: vehicles[199],"{""id"":""drone_net_tower"",""model"":""drone_net_tower"",""modelSize"":[6.0,4.0,4.6],""fort"":{""size"":""Small""},""static"":true,""passable"":true,""armour"":0,""hp"":364,""speed"":0,""turnRate"":1,""turretTurnRate"":1,""radius"":1.6,""length"":3.0,""width"":8.0,""cp"":0,""vision"":20,""weapon"":""net_zap""}"
ew_tower,EW tower,Tháp gây nhiễu EW,Tháp EW,,,,0,800,1760.0,1,1,1,1,TRUE,0,1,60,50,1.8,4,4,FALSE,0,TRUE,TRUE,1,3.5,1,none,,,none,,,ew_tower,giong,,,,,,,,,,,,,,,,,,,,,,,,,Small,,TRUE,3,NEED_CODE_CHECK,25,2.5,NEED_CODE_CHECK,NEED_CODE_CHECK,NEED_CODE_CHECK,1,,,,,,,,,,,,ew_tower.drone;ew_tower.spoof,,,,,0,60,0.3,5,Large,,,,,,Small,800,,30,4,,,,,,,,,,,,,,,,,,,1.8,3,,,,,,,,,,,,,,0,TRUE,,,,1,,60,,50,,,,none,4,Assets/MachineBrigade/Resources/Data/balance.json: vehicles[79],"{""id"":""ew_tower"",""rebuildCp"":3,""branches"":[""ew_tower.drone"",""ew_tower.spoof""],""fort"":{""size"":""Small""},""static"":true,""armour"":1,""hp"":800,""speed"":0,""turnRate"":1,""turretTurnRate"":60,""radius"":1.8,""length"":4,""width"":4,""cp"":0,""vision"":50,""weapon"":""none"",""jammer"":30,""deathExplosion"":{""damage"":60,""radius"":5,""delay"":0.3,""tier"":""Large""}}"
ew_tower.drone,,,Chống drone,,,ew_tower,0,800,1760.0,1,1,1,1,TRUE,0,1,60,50,1.8,4,4,FALSE,0,TRUE,TRUE,1,3.5,1,none,,,none,,,ew_tower,giong,,,,,,,,,,,,,,,,,,,,,,,ew_tower,drone,Small,jam_drones_guided,FALSE,3,NEED_CODE_CHECK,25,2.5,NEED_CODE_CHECK,NEED_CODE_CHECK,NEED_CODE_CHECK,,,,,,ew_tower_a,,,,,,ew_tower,,,,,,,,,,,,,,,,,,ew_tower,45,,,,,,,,,,,,,,,,,,,,,3,,,,,,,,,,,,,,,,,,jam_drones_guided,,,,,,,,,,,Assets/MachineBrigade/Resources/Data/balance.json: vehicles[88],"{""id"":""ew_tower.drone"",""rebuildCp"":3,""towerRole"":""jam_drones_guided"",""art"":""ew_tower_a"",""inherits"":""ew_tower"",""branchOf"":""ew_tower"",""jammer"":45}"
ew_tower.spoof,,,Đánh lừa radar,,,ew_tower,0,800,1760.0,1,1,1,1,TRUE,0,1,60,50,1.8,4,4,FALSE,0,TRUE,TRUE,1,3.5,1,none,,,none,,,ew_tower,giong,,,,,,,,,,,,,,,,,,,,,,,ew_tower,spoof,Small,radar_spoof_counterbattery,FALSE,3,NEED_CODE_CHECK,25,2.5,NEED_CODE_CHECK,NEED_CODE_CHECK,NEED_CODE_CHECK,,,,,,ew_tower_b,,,,,,ew_tower,,,0,80,6,,,,,,,,,,,,,ew_tower,,,,,,,,,,,,,,,,,,,,,,3,,,,,,,,,,,,,,,,,,radar_spoof_counterbattery,,,,,,,,,,,Assets/MachineBrigade/Resources/Data/balance.json: vehicles[89],"{""id"":""ew_tower.spoof"",""rebuildCp"":3,""towerRole"":""radar_spoof_counterbattery"",""art"":""ew_tower_b"",""inherits"":""ew_tower"",""branchOf"":""ew_tower"",""counterBattery"":{""range"":80,""seconds"":6,""bonus"":0}}"
flare_searchlight_tower,Flare tower (small slot),Tháp pháo sáng (ô nhỏ),Tháp pháo sáng,,,,0,455,1001.0,1,1,1,1,TRUE,0,1,90,55,1.8,3.6,3.6,FALSE,0,TRUE,TRUE,1,3.5,1,illum_flare,,,flare,0,NEED_CODE_CHECK,flare_searchlight_tower,giong,,,,,,,,,,,,,,,,,,,,,,,,,Small,,FALSE,2,NEED_CODE_CHECK,25,2.5,NEED_CODE_CHECK,NEED_CODE_CHECK,NEED_CODE_CHECK,1,,,,,,,,,,,,,,,,,0,25,0.2,4,Large,,,,,,Small,455,,,3.6,,,,,,,,,,flare_searchlight_tower,5.0,3.6,3.6,,,,,,1.8,,,,,,,,,,,,,,,0,TRUE,,,,1,,90,,55,,,,illum_flare,3.6,Assets/MachineBrigade/Resources/Data/balance.json: vehicles[190],"{""id"":""flare_searchlight_tower"",""model"":""flare_searchlight_tower"",""modelSize"":[3.6,3.6,5.0],""fort"":{""size"":""Small""},""static"":true,""armour"":1,""hp"":455,""speed"":0,""turnRate"":1,""turretTurnRate"":90,""radius"":1.8,""length"":3.6,""width"":3.6,""cp"":0,""vision"":55,""weapon"":""illum_flare"",""flares"":{""every"":15,""range"":40,""radius"":25,""seconds"":15},""deathExplosion"":{""damage"":25,""radius"":4,""delay"":0.2,""tier"":""Large""}}"
flare_tower,Flare tower,Tháp pháo sáng,Tháp pháo sáng,,,,0,455,1001.0,1,1,1,1,TRUE,0,1,90,60,1.8,3.6,3.6,FALSE,0,TRUE,TRUE,1,3.5,1,illum_flare,,,flare,0,NEED_CODE_CHECK,flare_tower,giong,,,,,,,,,,,,,,,,,,,,,,,,,Small,,FALSE,2,NEED_CODE_CHECK,25,2.5,NEED_CODE_CHECK,NEED_CODE_CHECK,NEED_CODE_CHECK,1,,,,,,,,,,,,,,,,,0,30,0.2,4,Large,,,,,,Small,455,,,3.6,,,,,,,,,,,5.0,3.6,3.6,,,,,,1.8,,,,,,,,,,,,,,,0,TRUE,,,,1,,90,,60,,,,illum_flare,3.6,Assets/MachineBrigade/Resources/Data/balance.json: vehicles[164],"{""id"":""flare_tower"",""modelSize"":[3.6,3.6,5.0],""fort"":{""size"":""Small""},""static"":true,""armour"":1,""hp"":455,""speed"":0,""turnRate"":1,""turretTurnRate"":90,""radius"":1.8,""length"":3.6,""width"":3.6,""cp"":0,""vision"":60,""weapon"":""illum_flare"",""flares"":{""every"":15,""range"":40,""radius"":30,""seconds"":15},""deathExplosion"":{""damage"":30,""radius"":4,""delay"":0.2,""tier"":""Large""}}"
guard_tower,Guard tower,Tháp canh,Tháp canh,,,,0,700,1540.0,1,1,1,1,TRUE,0,1,200,60,1.8,3.5,3.5,FALSE,0,TRUE,TRUE,1,3.5,1,tower_hmg,,,none,,,guard_tower,giong,,,,,,,,,,,,,,,,,,,,,,,,,Small,,TRUE,5,NEED_CODE_CHECK,25,2.5,NEED_CODE_CHECK,NEED_CODE_CHECK,NEED_CODE_CHECK,1,,,,,,,,,,,,guard_tower.watch;guard_tower.nest,,,,,0,60,0.3,5,Large,,,,,,Small,700,,,3.5,,,,,,,,,,,,,,,,,,,1.8,5,,,,,TRUE,,,,,,,,,0,TRUE,25,0.1,,1,,200,,60,,,,tower_hmg,3.5,Assets/MachineBrigade/Resources/Data/balance.json: vehicles[124],"{""id"":""guard_tower"",""rebuildCp"":5,""branches"":[""guard_tower.watch"",""guard_tower.nest""],""fort"":{""size"":""Small""},""static"":true,""armour"":1,""hp"":700,""speed"":0,""turnRate"":1,""turretTurnRate"":200,""radius"":1.8,""length"":3.5,""width"":3.5,""cp"":0,""vision"":60,""revealStealth"":true,""towerRangeAura"":{""radius"":25,""range"":0.1},""weapon"":""tower_hmg"",""secondary"":[],""deathExplosion"":{""damage"":60,""radius"":5,""delay"":0.3,""tier"":""Large""}}"
guard_tower.nest,,,Ổ súng,,,guard_tower,0,700,1540.0,1,1,1,1,TRUE,0,1,200,48,1.8,3.5,3.5,FALSE,0,TRUE,TRUE,1,3.5,1,tower_ac25,,,none,,,guard_tower,giong,,,,,,,,,,,,,,,,,,,,,,,guard_tower,nest,Small,autocannon_25,FALSE,5,NEED_CODE_CHECK,25,2.5,NEED_CODE_CHECK,NEED_CODE_CHECK,NEED_CODE_CHECK,,,,,,guard_tower_b,,,,,,guard_tower,,,,,,,,,,,,,,,,,,guard_tower,,,,,,,,,,,,,,,,,,,,,,5,,,,,,,,,,,,,,,,,,autocannon_25,,,,,48,,,,tower_ac25,,Assets/MachineBrigade/Resources/Data/balance.json: vehicles[85],"{""id"":""guard_tower.nest"",""rebuildCp"":5,""towerRole"":""autocannon_25"",""art"":""guard_tower_b"",""inherits"":""guard_tower"",""branchOf"":""guard_tower"",""weapon"":""tower_ac25"",""vision"":48}"
guard_tower.watch,,,Tháp quan sát,,,guard_tower,0,700,1540.0,1,1,1,1,TRUE,0,1,200,78,1.8,3.5,3.5,FALSE,0,TRUE,TRUE,1,3.5,1,tower_hmg,,,none,,,guard_tower,giong,,,,,,,,,,,,,,,,,,,,,,,guard_tower,watch,Small,observation_reach,FALSE,5,NEED_CODE_CHECK,25,2.5,NEED_CODE_CHECK,NEED_CODE_CHECK,NEED_CODE_CHECK,,,,,,guard_tower_a,,,,,,guard_tower,,,,,,,,,,,,,,,,,,guard_tower,,,,,,,,,,,,,,,,,,,,,,5,,,,,,,,,,,,,,,,30,0.15,observation_reach,,,,,78,,,,,,Assets/MachineBrigade/Resources/Data/balance.json: vehicles[84],"{""id"":""guard_tower.watch"",""rebuildCp"":5,""towerRole"":""observation_reach"",""art"":""guard_tower_a"",""inherits"":""guard_tower"",""branchOf"":""guard_tower"",""vision"":78,""towerRangeAura"":{""radius"":30,""range"":0.15}}"
gun_turret,Gun turret,Tháp pháo,Tháp pháo,,,,0,1800,3960.0,3,3,3,3,TRUE,0,1,28,42,2.5,5,5,FALSE,0,TRUE,TRUE,1,3.5,1,turret_gun_120,,,none,,,gun_turret,giong,,,,,,,,,,,,,,,,,,,,,,,,,Medium,,TRUE,11,NEED_CODE_CHECK,40,3.5,NEED_CODE_CHECK,NEED_CODE_CHECK,NEED_CODE_CHECK,3,,,,,,,,,,,,gun_turret.long;gun_turret.auto,,,,,0,120,0.4,8,Huge,,,,,,Medium,1800,,,5,,,,,,,,,,,,,,,,,,,2.5,11,,,,,,,,,,,,,,0,TRUE,,,,1,,28,,42,,,,turret_gun_120,5,Assets/MachineBrigade/Resources/Data/balance.json: vehicles[77],"{""id"":""gun_turret"",""rebuildCp"":11,""branches"":[""gun_turret.long"",""gun_turret.auto""],""fort"":{""size"":""Medium""},""static"":true,""armour"":3,""hp"":1800,""speed"":0,""turnRate"":1,""turretTurnRate"":28,""radius"":2.5,""length"":5,""width"":5,""cp"":0,""vision"":42,""weapon"":""turret_gun_120"",""secondary"":[],""deathExplosion"":{""damage"":120,""radius"":8,""delay"":0.4,""tier"":""Huge""}}"
gun_turret.auto,,,Pháo 57 mm,,,gun_turret,0,1800,3960.0,3,3,3,3,TRUE,0,1,28,42,2.5,5,5,FALSE,0,TRUE,TRUE,1,3.5,1,gun_57_auto,,,none,,,gun_turret,giong,,,,,,,,,,,,,,,,,,,,,,,gun_turret,auto,Medium,gun_57_light,FALSE,11,NEED_CODE_CHECK,40,3.5,NEED_CODE_CHECK,NEED_CODE_CHECK,NEED_CODE_CHECK,,,,,,gun_turret_b,,,,,,gun_turret,,,,,,,,,,,,,,,,,,gun_turret,,,,,,,,,,,,,,,,,,,,,,11,,,,,,,,,,,,,,,,,,gun_57_light,,,,,,,,,gun_57_auto,,Assets/MachineBrigade/Resources/Data/balance.json: vehicles[96],"{""id"":""gun_turret.auto"",""rebuildCp"":11,""towerRole"":""gun_57_light"",""art"":""gun_turret_b"",""inherits"":""gun_turret"",""branchOf"":""gun_turret"",""weapon"":""gun_57_auto""}"
gun_turret.long,,,Pháo bắn tỉa,,,gun_turret,0,1800,3960.0,3,3,3,3,TRUE,0,1,28,42,2.5,5,5,FALSE,0,TRUE,TRUE,1,3.5,1,turret_gun_120_long,,,none,,,gun_turret,giong,,,,,,,,,,,,,,,,,,,,,,,gun_turret,long,Medium,gun_sniper_120,FALSE,11,NEED_CODE_CHECK,40,3.5,NEED_CODE_CHECK,NEED_CODE_CHECK,NEED_CODE_CHECK,,,,,,gun_turret_a,,,,,,gun_turret,,,,,,,,,,,,,,,,,,gun_turret,,,,,,,,,,,,,,,,,,,,,,11,,,,,,,,,,,,,,,,,,gun_sniper_120,,,,,,,,,turret_gun_120_long,,Assets/MachineBrigade/Resources/Data/balance.json: vehicles[95],"{""id"":""gun_turret.long"",""rebuildCp"":11,""towerRole"":""gun_sniper_120"",""art"":""gun_turret_a"",""inherits"":""gun_turret"",""branchOf"":""gun_turret"",""weapon"":""turret_gun_120_long""}"
heavy_flak_tower,Heavy flak tower,Tháp cao xạ hạng nặng,Cao xạ nặng,,,,0,1364,3000.8,2,2,2,2,TRUE,0,1,40,64,2.6,5.5,5.5,FALSE,0,TRUE,TRUE,1,3.5,1,flak_88,,,none,,,heavy_flak_tower,giong,,,,,,,,,,,,,,,,,,,,,,,,,Medium,,TRUE,7,NEED_CODE_CHECK,40,3.5,NEED_CODE_CHECK,NEED_CODE_CHECK,NEED_CODE_CHECK,2,,,,,,,,,,,,heavy_flak_tower.heavy;heavy_flak_tower.bofors,,,,,0,120,0.4,8,Huge,,,,,,Medium,1364,,,5.5,,,,,,,,,,,3.4,7.0,6.0,,,,,,2.6,7,,,,,,,,,,,,,,0,TRUE,,,,1,,40,,64,,,,flak_88,5.5,Assets/MachineBrigade/Resources/Data/balance.json: vehicles[129],"{""id"":""heavy_flak_tower"",""rebuildCp"":7,""branches"":[""heavy_flak_tower.heavy"",""heavy_flak_tower.bofors""],""modelSize"":[7.0,6.0,3.4],""fort"":{""size"":""Medium""},""static"":true,""armour"":2,""hp"":1364,""speed"":0,""turnRate"":1,""turretTurnRate"":40,""radius"":2.6,""length"":5.5,""width"":5.5,""cp"":0,""vision"":64,""weapon"":""flak_88"",""secondary"":[],""deathExplosion"":{""damage"":120,""radius"":8,""delay"":0.4,""tier"":""Huge""}}"
heavy_flak_tower.bofors,,,PK 40,,,aa_gun_tower,0,1273,2800.6,2,2,2,2,TRUE,0,1,120,56,2.4,5.0,5.0,FALSE,0,TRUE,TRUE,1,3.5,1,bofors_l70,,,none,,,aa_gun_tower,moi,,,,,,,,,,,,,,,,,,,,,,,heavy_flak_tower,bofors,Medium,aa_40_steady,FALSE,6,NEED_CODE_CHECK,40,3.5,NEED_CODE_CHECK,NEED_CODE_CHECK,NEED_CODE_CHECK,,,,,,,,,,,,heavy_flak_tower,,,,,,,,,,,,,,,,,,aa_gun_tower,,,,,,,,,,,,,,,,,,,,,,6,,,,,,,,,,,,,,,,,,aa_40_steady,,,,,,,,,,,Assets/MachineBrigade/Resources/Data/balance.json: vehicles[131],"{""id"":""heavy_flak_tower.bofors"",""rebuildCp"":6,""inherits"":""aa_gun_tower"",""branchOf"":""heavy_flak_tower"",""towerRole"":""aa_40_steady""}"
heavy_flak_tower.heavy,,,Cao xạ nặng,,,heavy_flak_tower,0,1364,3000.8,2,2,2,2,TRUE,0,1,40,64,2.6,5.5,5.5,FALSE,0,TRUE,TRUE,1,3.5,1,flak_88,,,none,,,heavy_flak_tower,moi,,,,,,,,,,,,,,,,,,,,,,,heavy_flak_tower,heavy,Medium,aa_heavy_flak_area,FALSE,7,NEED_CODE_CHECK,40,3.5,NEED_CODE_CHECK,NEED_CODE_CHECK,NEED_CODE_CHECK,,,,,,,,,,,,heavy_flak_tower,,,,,,,,,,,,,,,,,,heavy_flak_tower,,,,,,,,,,,,,,,,,,,,,,7,,,,,,,,,,,,,,,,,,aa_heavy_flak_area,,,,,,,,,,,Assets/MachineBrigade/Resources/Data/balance.json: vehicles[130],"{""id"":""heavy_flak_tower.heavy"",""rebuildCp"":7,""inherits"":""heavy_flak_tower"",""branchOf"":""heavy_flak_tower"",""towerRole"":""aa_heavy_flak_area""}"
heavy_turret,Heavy gun turret,Tháp pháo hạng nặng,Pháo hạng nặng,,,,0,2800,6160.0,4,3,3,3,TRUE,0,1,20,60,3.8,8,8,FALSE,0,TRUE,TRUE,1,3.5,1,gun_155_twin_ap,,,none,,,heavy_turret,giong,,,,,,,,,,,,,,,,,,,,,,,,,Large,,TRUE,18,NEED_CODE_CHECK,60,5,NEED_CODE_CHECK,NEED_CODE_CHECK,NEED_CODE_CHECK,,4,3,3,3,,,,,,,,heavy_turret.coastal;heavy_turret.bastion,,,,,0,220,0.5,12,Ultimate,,,,,,Large,2800,,,8,,,,,,,,,,,,,,,,,,,3.8,18,,,,,,,,,,,,,,0,TRUE,,,,1,,20,,60,,,,gun_155_twin_ap,8,Assets/MachineBrigade/Resources/Data/balance.json: vehicles[74],"{""id"":""heavy_turret"",""rebuildCp"":18,""branches"":[""heavy_turret.coastal"",""heavy_turret.bastion""],""fort"":{""size"":""Large""},""static"":true,""armour"":[4,3,3,3],""hp"":2800,""speed"":0,""turnRate"":1,""turretTurnRate"":20,""radius"":3.8,""length"":8,""width"":8,""cp"":0,""vision"":60,""weapon"":""gun_155_twin_ap"",""secondary"":[],""deathExplosion"":{""damage"":220,""radius"":12,""delay"":0.5,""tier"":""Ultimate""}}"
heavy_turret.bastion,,,Pháo đài thép,,,heavy_turret,0,4340,9548.0,4,3,3,3,TRUE,0,1,20,60,3.8,8,8,FALSE,0,TRUE,TRUE,1,3.5,1,gun_155_twin_ap,hmg_roof;hmg_roof,,none,,,heavy_turret,giong,,,,,,,,,,,,,,,,,,,,,,,heavy_turret,bastion,Large,fortress_close_defence,FALSE,18,NEED_CODE_CHECK,60,5,NEED_CODE_CHECK,NEED_CODE_CHECK,NEED_CODE_CHECK,,,,,,heavy_turret_b,,,,,,heavy_turret,,,,,,,,,,,,,,,,,4340,heavy_turret,,,,,,,,,,,,,,,,,,,,,,18,,,,,,,,,,,,,,,,,,fortress_close_defence,,,,,,,,,,,Assets/MachineBrigade/Resources/Data/balance.json: vehicles[110],"{""id"":""heavy_turret.bastion"",""rebuildCp"":18,""towerRole"":""fortress_close_defence"",""art"":""heavy_turret_b"",""secondary"":[{""weapon"":""hmg_roof"",""slot"":""gun"",""aim"":""Free""},{""weapon"":""hmg_roof"",""slot"":""gun"",""aim"":""Free""}],""inherits"":""heavy_turret"",""branchOf"":""heavy_turret"",""hp"":4340}"
heavy_turret.coastal,,,Pháo bờ biển,,,heavy_turret,0,2800,6160.0,4,3,3,3,TRUE,0,1,20,60,3.8,8,8,FALSE,0,TRUE,TRUE,1,3.5,1,gun_155_twin_coastlr,,,none,,,heavy_turret,giong,,,,,,,,,,,,,,,,,,,,,,,heavy_turret,coastal,Large,gun_coastal_long,FALSE,18,NEED_CODE_CHECK,60,5,NEED_CODE_CHECK,NEED_CODE_CHECK,NEED_CODE_CHECK,,,,,,heavy_turret_a,,,,,,heavy_turret,,,,,,,,,,,,,,,,,,heavy_turret,,,,,,,,,,,,,,,,,,,,,,18,,,,,,,,,,,,,,,,,,gun_coastal_long,,,,,,,,,gun_155_twin_coastlr,,Assets/MachineBrigade/Resources/Data/balance.json: vehicles[109],"{""id"":""heavy_turret.coastal"",""rebuildCp"":18,""towerRole"":""gun_coastal_long"",""art"":""heavy_turret_a"",""inherits"":""heavy_turret"",""branchOf"":""heavy_turret"",""weapon"":""gun_155_twin_coastlr""}"
inflatable_decoy,Inflatable decoy,Mồi nhử bơm hơi,Mồi nhử,,,,0,136,299.2,0,0,0,0,TRUE,0,1,1,1,2.3,4.6,4.6,FALSE,0,TRUE,TRUE,1,3.5,1,none,,,none,,,inflatable_decoy,giong,,,,,,,,,,,,,,,,,,,,,,,,,Small,,TRUE,3,NEED_CODE_CHECK,25,2.5,NEED_CODE_CHECK,NEED_CODE_CHECK,NEED_CODE_CHECK,0,,,,,,,,,,,,inflatable_decoy.inflatable;inflatable_decoy.balloon,,,,,0,,,,,gun_turret,,,,,Small,136,,,4.6,,,,,,,,,,,2.6,5.0,4.6,,,,,,2.3,3,,,,,,,,,,,,,,0,TRUE,,,,1,,1,,1,,,,none,4.6,Assets/MachineBrigade/Resources/Data/balance.json: vehicles[150],"{""id"":""inflatable_decoy"",""rebuildCp"":3,""branches"":[""inflatable_decoy.inflatable"",""inflatable_decoy.balloon""],""modelSize"":[5.0,4.6,2.6],""fort"":{""size"":""Small""},""static"":true,""armour"":0,""hp"":136,""speed"":0,""turnRate"":1,""turretTurnRate"":1,""radius"":2.3,""length"":4.6,""width"":4.6,""cp"":0,""vision"":1,""weapon"":""none"",""decoy"":{""mimic"":""gun_turret""}}"
inflatable_decoy.balloon,,,Khí cầu,,,barrage_balloon,0,364,800.8,0,0,0,0,TRUE,0,1,1,1,2.0,4.0,4.0,FALSE,0,TRUE,TRUE,1,3.5,1,none,,,none,,,barrage_balloon,moi,,,,,,,,,,,,,,,,,,,,,,,inflatable_decoy,balloon,Small,balloon_scatter_reveal,FALSE,3,NEED_CODE_CHECK,25,2.5,NEED_CODE_CHECK,NEED_CODE_CHECK,NEED_CODE_CHECK,,,,,,,,,,,,inflatable_decoy,,,,,,,,,,,,,,,,,,barrage_balloon,,,,,,,,,,,,,,,,,,,,,,3,,,,,,,,,,,,,,,,,,balloon_scatter_reveal,,,,,,,,,,,Assets/MachineBrigade/Resources/Data/balance.json: vehicles[152],"{""id"":""inflatable_decoy.balloon"",""rebuildCp"":3,""inherits"":""barrage_balloon"",""branchOf"":""inflatable_decoy"",""towerRole"":""balloon_scatter_reveal""}"
inflatable_decoy.inflatable,,,Mồi nhử,,,inflatable_decoy,0,136,299.2,0,0,0,0,TRUE,0,1,1,1,2.3,4.6,4.6,FALSE,0,TRUE,TRUE,1,3.5,1,none,,,none,,,inflatable_decoy,moi,,,,,,,,,,,,,,,,,,,,,,,inflatable_decoy,inflatable,Small,decoy_draw_fire,FALSE,3,NEED_CODE_CHECK,25,2.5,NEED_CODE_CHECK,NEED_CODE_CHECK,NEED_CODE_CHECK,,,,,,,,,,,,inflatable_decoy,,,,,,,,,,,,,,,,,,inflatable_decoy,,,,,,,,,,,,,,,,,,,,,,3,,,,,,,,,,,,,,,,,,decoy_draw_fire,,,,,,,,,,,Assets/MachineBrigade/Resources/Data/balance.json: vehicles[151],"{""id"":""inflatable_decoy.inflatable"",""rebuildCp"":3,""inherits"":""inflatable_decoy"",""branchOf"":""inflatable_decoy"",""towerRole"":""decoy_draw_fire""}"
laser_ad_station,Laser anti-drone station,Trạm phòng không laser chống drone,Trạm laser,,,,0,1136,2499.2,1,1,1,1,TRUE,0,1,180,56,2.5,5.5,4.0,FALSE,0,TRUE,TRUE,1,3.5,1,laser_50kw,,,aps,1,0.8,laser_ad_station,giong,,,,,,,,,,,,,,,,,,,,,,,,,Medium,,TRUE,5,NEED_CODE_CHECK,40,3.5,NEED_CODE_CHECK,NEED_CODE_CHECK,NEED_CODE_CHECK,1,,,,,,,,,,,,laser_ad_station.laser;laser_ad_station.net,,,,,0,80,0.4,7,Huge,,,,,,Medium,1136,,,5.5,,,,,,,,,,,4.6,6.0,4.0,,,,,,2.5,5,,,,,,,,,,,,,,0,TRUE,,,,1,,180,,56,,,,laser_50kw,4.0,Assets/MachineBrigade/Resources/Data/balance.json: vehicles[165],"{""id"":""laser_ad_station"",""rebuildCp"":5,""branches"":[""laser_ad_station.laser"",""laser_ad_station.net""],""modelSize"":[6.0,4.0,4.6],""fort"":{""size"":""Medium""},""static"":true,""armour"":1,""hp"":1136,""speed"":0,""turnRate"":1,""turretTurnRate"":180,""radius"":2.5,""length"":5.5,""width"":4.0,""cp"":0,""vision"":56,""weapon"":""laser_50kw"",""aps"":{""radius"":40,""shells"":0,""charges"":1,""recharge"":0.8,""rockets"":true,""laser"":true},""deathExplosion"":{""damage"":80,""radius"":7,""delay"":0.4,""tier"":""Huge""}}"
laser_ad_station.laser,,,La-de,,,laser_ad_station,0,1136,2499.2,1,1,1,1,TRUE,0,1,180,56,2.5,5.5,4.0,FALSE,0,TRUE,TRUE,1,3.5,1,laser_50kw,,,aps,1,0.8,laser_ad_station,moi,,,,,,,,,,,,,,,,,,,,,,,laser_ad_station,laser,Medium,antidrone_laser,FALSE,5,NEED_CODE_CHECK,40,3.5,NEED_CODE_CHECK,NEED_CODE_CHECK,NEED_CODE_CHECK,,,,,,,,,,,,laser_ad_station,,,,,,,,,,,,,,,,,,laser_ad_station,,,,,,,,,,,,,,,,,,,,,,5,,,,,,,,,,,,,,,,,,antidrone_laser,,,,,,,,,,,Assets/MachineBrigade/Resources/Data/balance.json: vehicles[166],"{""id"":""laser_ad_station.laser"",""rebuildCp"":5,""inherits"":""laser_ad_station"",""branchOf"":""laser_ad_station"",""towerRole"":""antidrone_laser""}"
laser_ad_station.net,,,Lưới drone,,,drone_net_tower,0,364,800.8,0,0,0,0,TRUE,0,1,1,20,1.6,3.0,8.0,FALSE,0,TRUE,TRUE,1,3.5,1,net_zap,,,none,,,drone_net_tower,moi,,,,,,,,,,,,,,,,,,,,,,,laser_ad_station,net,Medium,antidrone_net,FALSE,5,NEED_CODE_CHECK,40,3.5,NEED_CODE_CHECK,NEED_CODE_CHECK,NEED_CODE_CHECK,,,,,,,,,,,,laser_ad_station,,,,,,,,,,,,,,,,Medium,,drone_net_tower,,,,,,,,,,,,,,,,,,,,,,5,,,,,,,,,,,,,,,,,,antidrone_net,,,,,,,,,,,Assets/MachineBrigade/Resources/Data/balance.json: vehicles[167],"{""id"":""laser_ad_station.net"",""rebuildCp"":5,""inherits"":""drone_net_tower"",""branchOf"":""laser_ad_station"",""fort"":{""size"":""Medium""},""towerRole"":""antidrone_net""}"
manpads_tower,MANPADS post,Tổ tên lửa vác vai,Tổ vác vai,,,,0,545,1199.0,1,1,1,1,TRUE,0,1,120,40,1.7,3.0,3.0,FALSE,0,TRUE,TRUE,1,3.5,1,sam,,,none,,,manpads_tower,giong,,,,,,,,,,,,,,,,,,,,,,,,,Small,,FALSE,2,NEED_CODE_CHECK,25,2.5,NEED_CODE_CHECK,NEED_CODE_CHECK,NEED_CODE_CHECK,1,,,,,,,,,,,,,,,,,0,,,,,,,,,,Small,545,,,3.0,,,,,,,,,,manpads_tower,2.4,3.2,3.2,,,,,,1.7,,,,,,,,,,,,,,,0,TRUE,,,,1,,120,,40,,,,sam,3.0,Assets/MachineBrigade/Resources/Data/balance.json: vehicles[201],"{""id"":""manpads_tower"",""model"":""manpads_tower"",""modelSize"":[3.2,3.2,2.4],""fort"":{""size"":""Small""},""static"":true,""armour"":1,""hp"":545,""speed"":0,""turnRate"":1,""turretTurnRate"":120,""radius"":1.7,""length"":3.0,""width"":3.0,""cp"":0,""vision"":40,""weapon"":""sam""}"
mg_bunker,MG bunker,Lô cốt súng máy,Lô cốt,,,,0,1500,3300.0,3,2,2,2,TRUE,0,1,120,36,2.0,4,4,FALSE,0,TRUE,TRUE,1,3.5,0.6086,bunker_hmg,,,none,,,mg_bunker,doi,,,,,,,,,,,,,,,,,,,,,1,0.6086,,,Small,,TRUE,6,NEED_CODE_CHECK,25,2.5,NEED_CODE_CHECK,NEED_CODE_CHECK,NEED_CODE_CHECK,,3,2,2,2,,,,,,,,mg_bunker.twin;mg_bunker.flame,,,,,0,70,0.3,6,Large,,,,,,Small,1500,,,4,,,,,,,,,,,,,,,,,0.6086,,2.0,6,,,,,,,,,,,,,,0,TRUE,,,,1,,120,,36,,,,bunker_hmg,4,Assets/MachineBrigade/Resources/Data/balance.json: vehicles[121],"{""id"":""mg_bunker"",""outgoingDamageMult"":0.6086,""rebuildCp"":6,""branches"":[""mg_bunker.twin"",""mg_bunker.flame""],""fort"":{""size"":""Small""},""static"":true,""armour"":[3,2,2,2],""hp"":1500,""speed"":0,""turnRate"":1,""turretTurnRate"":120,""radius"":2.0,""length"":4,""width"":4,""cp"":0,""vision"":36,""weapon"":""bunker_hmg"",""secondary"":[],""deathExplosion"":{""damage"":70,""radius"":6,""delay"":0.3,""tier"":""Large""}}"
mg_bunker.flame,,,Lô cốt lửa,,,mg_bunker,0,1500,3300.0,3,2,2,2,TRUE,0,1,120,36,2.0,4,4,FALSE,0,TRUE,TRUE,1,3.5,0.3248,bunker_flame,,,none,,,mg_bunker,doi,,,,,,,,,,,,,,,,,,,,,1,0.3248,mg_bunker,flame,Small,flame_close,FALSE,6,NEED_CODE_CHECK,25,2.5,NEED_CODE_CHECK,NEED_CODE_CHECK,NEED_CODE_CHECK,,,,,,mg_bunker_b,,,,,,mg_bunker,,,,,,,,,,,,,,,,,,mg_bunker,,,,,,,,,,,,,,,,,,,0.3248,,,6,,,,,,,,,,,,,,,,,,flame_close,,,,,,,,,bunker_flame,,Assets/MachineBrigade/Resources/Data/balance.json: vehicles[87],"{""id"":""mg_bunker.flame"",""outgoingDamageMult"":0.3248,""rebuildCp"":6,""towerRole"":""flame_close"",""art"":""mg_bunker_b"",""inherits"":""mg_bunker"",""branchOf"":""mg_bunker"",""weapon"":""bunker_flame"",""secondary"":[]}"
mg_bunker.twin,,,Súng máy đôi,,,mg_bunker,0,1500,3300.0,3,2,2,2,TRUE,0,1,120,36,2.0,4,4,FALSE,0,TRUE,TRUE,1,3.5,0.5036,bunker_hmg_twin,,,none,,,mg_bunker,doi,,,,,,,,,,,,,,,,,,,,,1,0.5036,mg_bunker,twin,Small,mg_twin,FALSE,6,NEED_CODE_CHECK,25,2.5,NEED_CODE_CHECK,NEED_CODE_CHECK,NEED_CODE_CHECK,,,,,,mg_bunker_a,,,,,,mg_bunker,,,,,,,,,,,,,,,,,,mg_bunker,,,,,,,,,,,,,,,,,,,0.5036,,,6,,,,,,,,,,,,,,,,,,mg_twin,,,,,,,,,bunker_hmg_twin,,Assets/MachineBrigade/Resources/Data/balance.json: vehicles[86],"{""id"":""mg_bunker.twin"",""outgoingDamageMult"":0.5036,""rebuildCp"":6,""towerRole"":""mg_twin"",""art"":""mg_bunker_a"",""inherits"":""mg_bunker"",""branchOf"":""mg_bunker"",""weapon"":""bunker_hmg_twin""}"
minefield,Minefield,Bãi mìn,Bãi mìn,,,,0,400,880.0,0,0,0,0,TRUE,0,1,1,10,2.4,5,5,FALSE,0,TRUE,TRUE,1,3.5,1,none,,,none,,,minefield,giong,,,,,,,,,,,,,,,,,,,,,,,,noBranch,Small,mines_at,TRUE,3,NEED_CODE_CHECK,25,2.5,NEED_CODE_CHECK,NEED_CODE_CHECK,NEED_CODE_CHECK,0,,,,,,,,,,,,,,,,,0,,,,,,,,,,Small,400,,,5,,,720,45,5,5,5,Huge,2.2,,,,,,TRUE,,,TRUE,2.4,3,,,,,,,,,,,,,,0,TRUE,,,mines_at,1,,1,TRUE,10,,,,none,5,Assets/MachineBrigade/Resources/Data/balance.json: vehicles[81],"{""id"":""minefield"",""rebuildCp"":3,""towerRole"":""mines_at"",""noBranch"":true,""fort"":{""size"":""Small""},""static"":true,""untargetable"":true,""passable"":true,""armour"":0,""hp"":400,""speed"":0,""turnRate"":1,""turretTurnRate"":1,""radius"":2.4,""length"":5,""width"":5,""cp"":0,""vision"":10,""weapon"":""none"",""mines"":{""interval"":45,""max"":5,""damage"":720,""radius"":5,""tier"":""Huge"",""trigger"":2.2,""spread"":5}}"
missile_battery,Long-range SAM site,Trạm tên lửa phòng không tầm xa,Trạm PK tầm xa,,,,0,1900,4180.0,1,1,1,1,TRUE,0,1,70,95,3.8,7,9,FALSE,0,TRUE,TRUE,1,3.5,1,patriot,,,none,,,missile_battery,giong,,,,,,,,,,,,,,,,,,,,,,,,,Large,,TRUE,13,NEED_CODE_CHECK,60,5,NEED_CODE_CHECK,NEED_CODE_CHECK,NEED_CODE_CHECK,1,,,,,,,,,,,,missile_battery.pac3;missile_battery.lrr,,,,,0,200,0.4,12,Ultimate,,,,,,Large,1900,,,7,,,,,,,,,,,,,,,,,,,3.8,13,,,,,,,,,,,,,,0,TRUE,,,,1,,70,,95,,,,patriot,9,Assets/MachineBrigade/Resources/Data/balance.json: vehicles[75],"{""id"":""missile_battery"",""rebuildCp"":13,""branches"":[""missile_battery.pac3"",""missile_battery.lrr""],""fort"":{""size"":""Large""},""static"":true,""armour"":1,""hp"":1900,""speed"":0,""turnRate"":1,""turretTurnRate"":70,""radius"":3.8,""length"":7,""width"":9,""cp"":0,""vision"":95,""weapon"":""patriot"",""secondary"":[],""deathExplosion"":{""damage"":200,""radius"":12,""delay"":0.4,""tier"":""Ultimate""}}"
missile_battery.lrr,,,Radar tầm xa,,,missile_battery,0,1900,4180.0,1,1,1,1,TRUE,0,1,70,110,3.8,7,9,FALSE,0,TRUE,TRUE,1,3.5,1,sam_battery_lrr,,,none,,,missile_battery,giong,,,,,,,,,,,,,,,,,,,,,,,missile_battery,lrr,Large,sam_long_radar,FALSE,12,NEED_CODE_CHECK,60,5,NEED_CODE_CHECK,NEED_CODE_CHECK,NEED_CODE_CHECK,,,,,,missile_battery_b,,,,,,missile_battery,,,,,,,,,,,,,,,,,,missile_battery,,,,,,,,,,,,,,,,,,,,,,12,,,,140,,,,,,,,,,,,,,sam_long_radar,,,,,110,,,,sam_battery_lrr,,Assets/MachineBrigade/Resources/Data/balance.json: vehicles[106],"{""id"":""missile_battery.lrr"",""rebuildCp"":12,""towerRole"":""sam_long_radar"",""art"":""missile_battery_b"",""revealAir"":140,""inherits"":""missile_battery"",""branchOf"":""missile_battery"",""weapon"":""sam_battery_lrr"",""vision"":110}"
missile_battery.pac3,,,PAC-3,,,missile_battery,0,1900,4180.0,1,1,1,1,TRUE,0,1,70,95,3.8,7,9,FALSE,0,TRUE,TRUE,1,3.5,1,sam_pac3,,,aps,4,,missile_battery,giong,,,,,,,,,,,,,,,,,,,,,,,missile_battery,pac3,Large,intercept_heavy_missiles,FALSE,9,NEED_CODE_CHECK,60,5,NEED_CODE_CHECK,NEED_CODE_CHECK,NEED_CODE_CHECK,,,,,,missile_battery_a,,,,,,missile_battery,,,,,,,,,,,,,,,,,,missile_battery,,,,,,,,,,,,,,,,,,,,,,9,,,,,,,,,,,,,,,,,,intercept_heavy_missiles,,,,,,,,,sam_pac3,,Assets/MachineBrigade/Resources/Data/balance.json: vehicles[105],"{""id"":""missile_battery.pac3"",""rebuildCp"":9,""towerRole"":""intercept_heavy_missiles"",""art"":""missile_battery_a"",""aps"":{""radius"":72,""charges"":4,""reload"":16,""heavy"":true,""direct"":false,""missiles"":true},""inherits"":""missile_battery"",""branchOf"":""missile_battery"",""weapon"":""sam_pac3""}"
one_shot_atgm_tower,One-shot ATGM battery,Bệ tên lửa phòng thủ một lần,TL một lần,,,,0,909,1999.8,2,2,2,2,TRUE,0,1,90,40,2.3,4.8,4.8,FALSE,0,TRUE,TRUE,1,3.5,1,one_shot_kornet,,,none,,,one_shot_atgm_tower,giong,,,,,,,,,,,,,,,,,,,,,,,,,Medium,,FALSE,4,NEED_CODE_CHECK,40,3.5,NEED_CODE_CHECK,NEED_CODE_CHECK,NEED_CODE_CHECK,2,,,,,,,,,,,,,,,,,0,80,0.4,7,Huge,,,,,,Medium,909,,,4.8,,,,,,,,,,one_shot_atgm_tower,3.6,4.8,4.8,,,,,,2.3,,,,,,,,,,,,,,,0,TRUE,,,,1,,90,,40,,,,one_shot_kornet,4.8,Assets/MachineBrigade/Resources/Data/balance.json: vehicles[200],"{""id"":""one_shot_atgm_tower"",""model"":""one_shot_atgm_tower"",""modelSize"":[4.8,4.8,3.6],""fort"":{""size"":""Medium""},""static"":true,""armour"":2,""hp"":909,""speed"":0,""turnRate"":1,""turretTurnRate"":90,""radius"":2.3,""length"":4.8,""width"":4.8,""cp"":0,""vision"":40,""weapon"":""one_shot_kornet"",""deathExplosion"":{""damage"":80,""radius"":7,""delay"":0.4,""tier"":""Huge""}}"
recoilless_gun_tower,Recoilless gun post,Ụ súng không giật,Súng không giật,,,,0,545,1199.0,1,1,1,1,TRUE,0,1,120,32,1.8,3.5,3.5,FALSE,0,TRUE,TRUE,1,3.5,1,spg9_73mm,,,none,,,recoilless_gun_tower,giong,,,,,,,,,,,,,,,,,,,,,,,,,Small,,FALSE,2,NEED_CODE_CHECK,25,2.5,NEED_CODE_CHECK,NEED_CODE_CHECK,NEED_CODE_CHECK,1,,,,,,,,,,,,,,,,,0,40,0.25,5,Large,,,,,,Small,545,,,3.5,,,,,,,,,,recoilless_gun_tower,3.0,4.2,4.2,,,,,,1.8,,,,,,,,,,,,,,,0,TRUE,,,,1,,120,,32,,,,spg9_73mm,3.5,Assets/MachineBrigade/Resources/Data/balance.json: vehicles[191],"{""id"":""recoilless_gun_tower"",""model"":""recoilless_gun_tower"",""modelSize"":[4.2,4.2,3.0],""fort"":{""size"":""Small""},""static"":true,""armour"":1,""hp"":545,""speed"":0,""turnRate"":1,""turretTurnRate"":120,""radius"":1.8,""length"":3.5,""width"":3.5,""cp"":0,""vision"":32,""weapon"":""spg9_73mm"",""deathExplosion"":{""damage"":40,""radius"":5,""delay"":0.25,""tier"":""Large""}}"
rocket_turret,Rocket battery,Dàn rốc-két,Dàn rốc-két,,,,0,1100,2420.0,1,1,1,1,TRUE,0,1,90,55,2.3,4.5,4.5,FALSE,0,TRUE,TRUE,1,3.5,1,turret_rockets,,,none,,,rocket_turret,giong,,,,,,,,,,,,,,,,,,,,,,,,,Medium,,TRUE,11,NEED_CODE_CHECK,40,3.5,NEED_CODE_CHECK,NEED_CODE_CHECK,NEED_CODE_CHECK,1,,,,,,,,,,,,rocket_turret.cluster;rocket_turret.guided,,,,,0,140,0.4,9,Huge,,,,,,Medium,1100,,,4.5,,,,,,,,,,,,,,,,,,,2.3,11,,,,,,,,,,,,,,0,TRUE,,,,1,,90,,55,,,,turret_rockets,4.5,Assets/MachineBrigade/Resources/Data/balance.json: vehicles[120],"{""id"":""rocket_turret"",""rebuildCp"":11,""branches"":[""rocket_turret.cluster"",""rocket_turret.guided""],""fort"":{""size"":""Medium""},""static"":true,""armour"":1,""hp"":1100,""speed"":0,""turnRate"":1,""turretTurnRate"":90,""radius"":2.3,""length"":4.5,""width"":4.5,""cp"":0,""vision"":55,""weapon"":""turret_rockets"",""secondary"":[],""deathExplosion"":{""damage"":140,""radius"":9,""delay"":0.4,""tier"":""Huge""}}"
rocket_turret.cluster,,,Rốc-két chùm,,,rocket_turret,0,1100,2420.0,1,1,1,1,TRUE,0,1,90,55,2.3,4.5,4.5,FALSE,0,TRUE,TRUE,1,3.5,1,turret_rockets_cluster,,,none,,,rocket_turret,giong,,,,,,,,,,,,,,,,,,,,,,,rocket_turret,cluster,Medium,rockets_cluster,FALSE,10,NEED_CODE_CHECK,40,3.5,NEED_CODE_CHECK,NEED_CODE_CHECK,NEED_CODE_CHECK,,,,,,rocket_turret_a,,,,,,rocket_turret,,,,,,,,,,,,,,,,,,rocket_turret,,,,,,,,,,,,,,,,,,,,,,10,,,,,,,,,,,,,,,,,,rockets_cluster,,,,,,,,,turret_rockets_cluster,,Assets/MachineBrigade/Resources/Data/balance.json: vehicles[99],"{""id"":""rocket_turret.cluster"",""rebuildCp"":10,""towerRole"":""rockets_cluster"",""art"":""rocket_turret_a"",""inherits"":""rocket_turret"",""branchOf"":""rocket_turret"",""weapon"":""turret_rockets_cluster""}"
rocket_turret.guided,,,Dẫn đường,,,rocket_turret,0,1100,2420.0,1,1,1,1,TRUE,0,1,90,95,2.3,4.5,4.5,FALSE,0,TRUE,TRUE,1,3.5,1,turret_gmlrs,,,none,,,rocket_turret,giong,,,,,,,,,,,,,,,,,,,,,,,rocket_turret,guided,Medium,rockets_guided,FALSE,9,NEED_CODE_CHECK,40,3.5,NEED_CODE_CHECK,NEED_CODE_CHECK,NEED_CODE_CHECK,,,,,,rocket_turret_b,,,,,,rocket_turret,,,,,,,,,,,,,,,,,,rocket_turret,,,,,,,,,,,,,,,,,,,,,,9,,,,,,,,,,,,,,,,,,rockets_guided,,,,,95,,,,turret_gmlrs,,Assets/MachineBrigade/Resources/Data/balance.json: vehicles[100],"{""id"":""rocket_turret.guided"",""rebuildCp"":9,""towerRole"":""rockets_guided"",""art"":""rocket_turret_b"",""vision"":95,""inherits"":""rocket_turret"",""branchOf"":""rocket_turret"",""weapon"":""turret_gmlrs""}"
searchlight,Battlefield searchlight,Đèn pha chiến trường,Đèn pha,,,,0,545,1199.0,1,1,1,1,TRUE,0,1,30,70,1.8,3.6,3.0,FALSE,0,TRUE,TRUE,1,3.5,1,none,,,none,,,searchlight,giong,,,,,,,,,,,,,,,,,,,,,,,,,Small,,TRUE,3,NEED_CODE_CHECK,25,2.5,NEED_CODE_CHECK,NEED_CODE_CHECK,NEED_CODE_CHECK,1,,,,,,,,,,,,searchlight.beam;searchlight.flare,,,,,0,30,0.2,4,Large,,,,,,Small,545,,,3.6,,,,,,,,,,,2.8,3.6,3.0,,,,,,1.8,3,,,,,,,0.2,35,,,,,,0,TRUE,,,,1,,30,,70,,,,none,3.0,Assets/MachineBrigade/Resources/Data/balance.json: vehicles[154],"{""id"":""searchlight"",""rebuildCp"":3,""branches"":[""searchlight.beam"",""searchlight.flare""],""modelSize"":[3.6,3.0,2.8],""fort"":{""size"":""Small""},""static"":true,""armour"":1,""hp"":545,""speed"":0,""turnRate"":1,""turretTurnRate"":30,""radius"":1.8,""length"":3.6,""width"":3.0,""cp"":0,""vision"":70,""weapon"":""none"",""searchlight"":{""radius"":35,""dazzle"":0.2},""deathExplosion"":{""damage"":30,""radius"":4,""delay"":0.2,""tier"":""Large""}}"
searchlight.beam,,,Đèn pha,,,searchlight,0,545,1199.0,1,1,1,1,TRUE,0,1,30,70,1.8,3.6,3.0,FALSE,0,TRUE,TRUE,1,3.5,1,none,,,none,,,searchlight,moi,,,,,,,,,,,,,,,,,,,,,,,searchlight,beam,Small,light_area,FALSE,3,NEED_CODE_CHECK,25,2.5,NEED_CODE_CHECK,NEED_CODE_CHECK,NEED_CODE_CHECK,,,,,,,,,,,,searchlight,,,,,,,,,,,,,,,,,,searchlight,,,,,,,,,,,,,,,,,,,,,,3,,,,,,,,,,,,,,,,,,light_area,,,,,,,,,,,Assets/MachineBrigade/Resources/Data/balance.json: vehicles[155],"{""id"":""searchlight.beam"",""rebuildCp"":3,""inherits"":""searchlight"",""branchOf"":""searchlight"",""towerRole"":""light_area""}"
searchlight.flare,,,Pháo sáng,,,flare_tower,0,455,1001.0,1,1,1,1,TRUE,0,1,90,60,1.8,3.6,3.6,FALSE,0,TRUE,TRUE,1,3.5,1,illum_flare,,,flare,0,NEED_CODE_CHECK,flare_tower,moi,,,,,,,,,,,,,,,,,,,,,,,searchlight,flare,Small,light_flare_waves,FALSE,3,NEED_CODE_CHECK,25,2.5,NEED_CODE_CHECK,NEED_CODE_CHECK,NEED_CODE_CHECK,,,,,,,,,,,,searchlight,,,,,,,,,,,,,,,,,,flare_tower,,,,,,,,,,,,,,,,,,,,,,3,,,,,,,,,,,,,,,,,,light_flare_waves,,,,,,,,,,,Assets/MachineBrigade/Resources/Data/balance.json: vehicles[156],"{""id"":""searchlight.flare"",""rebuildCp"":3,""inherits"":""flare_tower"",""branchOf"":""searchlight"",""towerRole"":""light_flare_waves""}"
shield_tower,Shield generator,Máy phát khiên,Máy phát khiên,,,,0,2000,4400.0,2,2,2,2,TRUE,0,1,1,40,3.2,7,7,FALSE,0,TRUE,TRUE,1,3.5,1,none,,,none,,,shield_tower,giong,,,,,,,,,,,,,,,,,,,,,,,,,Large,,TRUE,10,NEED_CODE_CHECK,60,5,NEED_CODE_CHECK,NEED_CODE_CHECK,NEED_CODE_CHECK,2,,,,,,,,,,,,shield_tower.bulwark;shield_tower.ward,,,,,0,160,0.4,9,Huge,,3000,25,30,,Large,2000,,,7,,,,,,,,,,,,,,,,,,,3.2,10,,,,,,,,,,,,,,0,TRUE,,,,1,,1,,40,,,,none,7,Assets/MachineBrigade/Resources/Data/balance.json: vehicles[125],"{""id"":""shield_tower"",""rebuildCp"":10,""branches"":[""shield_tower.bulwark"",""shield_tower.ward""],""fort"":{""size"":""Large""},""static"":true,""armour"":2,""hp"":2000,""speed"":0,""turnRate"":1,""turretTurnRate"":1,""radius"":3.2,""length"":7,""width"":7,""cp"":0,""vision"":40,""weapon"":""none"",""dome"":{""radius"":25,""hp"":3000,""recharge"":30},""deathExplosion"":{""damage"":160,""radius"":9,""delay"":0.4,""tier"":""Huge""}}"
shield_tower.bulwark,,,Vòm khiên,,,shield_tower,0,2000,4400.0,2,2,2,2,TRUE,0,1,1,40,3.2,7,7,FALSE,0,TRUE,TRUE,1,3.5,1,none,,,none,,,shield_tower,giong,,,,,,,,,,,,,,,,,,,,,,,shield_tower,bulwark,Large,shield_dome,FALSE,10,NEED_CODE_CHECK,60,5,NEED_CODE_CHECK,NEED_CODE_CHECK,NEED_CODE_CHECK,,,,,,shield_tower_a,,,,,,shield_tower,,,,,,,,,,,,4200,25,28,,,,shield_tower,,,,,,,,,,,,,,,,,,,,,,10,,,,,,,,,,,,,,,,,,shield_dome,,,,,,,,,,,Assets/MachineBrigade/Resources/Data/balance.json: vehicles[127],"{""id"":""shield_tower.bulwark"",""rebuildCp"":10,""towerRole"":""shield_dome"",""art"":""shield_tower_a"",""inherits"":""shield_tower"",""branchOf"":""shield_tower"",""dome"":{""radius"":25,""hp"":4200,""recharge"":28}}"
shield_tower.ward,,,Lá chắn tháp,,,,0,2000,4400.0,2,2,2,2,TRUE,0,1,1,40,3.2,7,7,FALSE,0,TRUE,TRUE,1,3.5,1,none,,,none,,,shield_tower,giong,,,,,,,,,,,,,,,,,,,,,,,shield_tower,ward,Large,tower_shields,FALSE,10,NEED_CODE_CHECK,60,5,NEED_CODE_CHECK,NEED_CODE_CHECK,NEED_CODE_CHECK,2,,,,,shield_tower_b,,,,,,shield_tower,,,,,,0,160,0.4,9,Huge,,,,,,Large,2000,,,7,,,,,,,,,,shield_tower,,,,,,,,,3.2,10,,,,,,,,,,,,,,0,TRUE,,,tower_shields,1,,1,,40,1200,28,6,none,7,Assets/MachineBrigade/Resources/Data/balance.json: vehicles[128],"{""id"":""shield_tower.ward"",""rebuildCp"":10,""towerRole"":""tower_shields"",""art"":""shield_tower_b"",""branchOf"":""shield_tower"",""model"":""shield_tower"",""fort"":{""size"":""Large""},""static"":true,""armour"":2,""hp"":2000,""speed"":0,""turnRate"":1,""turretTurnRate"":1,""radius"":3.2,""length"":7,""width"":7,""cp"":0,""vision"":40,""weapon"":""none"",""wards"":{""radius"":28,""hp"":1200,""recharge"":6},""deathExplosion"":{""damage"":160,""radius"":9,""delay"":0.4,""tier"":""Huge""}}"
spawn_bastion,Camp bastion,Tháp căn cứ,Tháp căn cứ,Defense,,,0,5000,11000.0,4,3,3,3,TRUE,0,1,90,44,3.8,8,8,FALSE,0,TRUE,TRUE,1,3.5,1,bastion_gun,,,none,,,heavy_turret,giong,,,,,,,,,,,,,,,,,,,,,,,,,,,FALSE,,NEED_CODE_CHECK,,,NEED_CODE_CHECK,NEED_CODE_CHECK,NEED_CODE_CHECK,,4,3,3,3,,,,,,,,,Defense,,,,0,,,,,,,,,TRUE,,5000,,,8,,,,,,,,,,heavy_turret,,,,,,,,,3.8,,,,,,,,,,,,,,,0,TRUE,,,,1,,90,,44,,,,bastion_gun,8,Assets/MachineBrigade/Resources/Data/balance.json: vehicles[73],"{""id"":""spawn_bastion"",""class"":""Defense"",""static"":true,""model"":""heavy_turret"",""armour"":[4,3,3,3],""hp"":5000,""speed"":0,""turnRate"":1,""turretTurnRate"":90,""radius"":3.8,""length"":8,""width"":8,""cp"":0,""vision"":44,""firesWhileMoving"":true,""weapon"":""bastion_gun"",""secondary"":[]}"
super_gun,Super-gun,Siêu pháo,Siêu pháo,Defense,,,0,5200,11440.0,3,3,3,3,TRUE,0,1,12,40,7,14.4,14.4,FALSE,0,TRUE,TRUE,1,3.5,1,none,,,none,,,super_gun,giong,,,,,,,,,,,,,,,,,,,,,,,,,,,FALSE,,NEED_CODE_CHECK,,,NEED_CODE_CHECK,NEED_CODE_CHECK,NEED_CODE_CHECK,3,,,,,,,,,,,,,Defense,,,,0,380,0.6,18,Ultimate,,,,,,,5200,,,8,,,,,,,,,,super_gun,,,,,,,,,7,,,,,,,1.8,,,,,,,,0,TRUE,,,,1,,12,,40,,,,none,8,Assets/MachineBrigade/Resources/Data/balance.json: vehicles[72],"{""id"":""super_gun"",""class"":""Defense"",""static"":true,""model"":""super_gun"",""scale"":1.8,""armour"":3,""hp"":5200,""speed"":0,""turnRate"":1,""turretTurnRate"":12,""radius"":7,""length"":8,""width"":8,""cp"":0,""vision"":40,""weapon"":""none"",""deathExplosion"":{""damage"":380,""radius"":18,""delay"":0.6,""tier"":""Ultimate""}}"
targeting_station,Fire-control post,Trạm chỉ thị mục tiêu,Trạm chỉ thị,Defense,,,0,700,1540.0,1,1,1,1,TRUE,0,1,1,110,3.4,8,6.5,FALSE,0,TRUE,TRUE,1,3.5,1,none,,,none,,,targeting_station,giong,,,,,,,,,,,,,,,,,,,,,,,,,,,FALSE,,NEED_CODE_CHECK,,,NEED_CODE_CHECK,NEED_CODE_CHECK,NEED_CODE_CHECK,1,,,,,,,,,,,,,Defense,,,,0,80,0.3,6,Huge,,,,,,,700,,,8,,,,,,,,,,,,,,,,,,,3.4,,,,,,,,,,,,,,,0,TRUE,,,,1,,1,,110,,,,none,6.5,Assets/MachineBrigade/Resources/Data/balance.json: vehicles[217],"{""id"":""targeting_station"",""class"":""Defense"",""static"":true,""armour"":1,""hp"":700,""speed"":0,""turnRate"":1,""turretTurnRate"":1,""radius"":3.4,""length"":8,""width"":6.5,""cp"":0,""vision"":110,""weapon"":""none"",""deathExplosion"":{""damage"":80,""radius"":6,""delay"":0.3,""tier"":""Huge""}}"
troop_shelter,Troop shelter,Hầm che quân,Hầm che quân,,,,0,1818,3999.6,3,3,3,3,TRUE,0,1,1,30,2.6,6.0,5.0,FALSE,0,TRUE,TRUE,1,3.5,1,none,,,none,,,troop_shelter,giong,,,,,,,,,,,,,,,,,,,,,,,,noBranch,Medium,shelter_troops,TRUE,5,NEED_CODE_CHECK,40,3.5,NEED_CODE_CHECK,NEED_CODE_CHECK,NEED_CODE_CHECK,3,,,,,,,,,,,,,,,,,0,,,,,,,,,,Medium,1818,,,6.0,,,,,,,,,,,2.2,6.0,5.0,,TRUE,,,,2.6,5,,,,,,,,,,0.5,15,,,0,TRUE,,,shelter_troops,1,,1,,30,,,,none,5.0,Assets/MachineBrigade/Resources/Data/balance.json: vehicles[163],"{""id"":""troop_shelter"",""rebuildCp"":5,""towerRole"":""shelter_troops"",""noBranch"":true,""modelSize"":[6.0,5.0,2.2],""fort"":{""size"":""Medium""},""static"":true,""armour"":3,""hp"":1818,""speed"":0,""turnRate"":1,""turretTurnRate"":1,""radius"":2.6,""length"":6.0,""width"":5.0,""cp"":0,""vision"":30,""weapon"":""none"",""shelter"":{""radius"":15,""cut"":0.5}}"
