map,mode,seed,config,vehicle,def,team,start_tick,start_s,end_s,seconds,x,y,goal_x,goal_y,order,cause,area,lanes,outcome,rescues,rescue_kinds,detail,nearby
ashfield,Siege,1,full,549,elite_heavy_tank,1,4410,220.5,229.0,8.5,107.5,94.1,114.4,111.5,Move,BlockedByFriend,fortress,,gave up,0,,counter_battery_radar#545 parked,counter_battery_radar(parked)@5.9
ashfield,Siege,2,obstacles,497,vbied,1,4040,202.0,211.0,9.0,126.0,109.6,70.5,93.7,Move,BlockedByFriend,fortress,,moved,0,,mobile_fortress#557 parked,c_ram(fixed)@7.0 scout_jeep(parked)@9.4 command_vehicle(parked)@6.8 mobile_fortress(parked)@6.6 base_wall@10 base_wall@8
ashfield,Siege,2,obstacles,557,mobile_fortress,1,4270,213.5,223.0,9.5,122.8,115.7,68.4,94.6,AttackMove,BlockedByDefence,fortress,,moved,0,,radar_station#456 parked,command_hq@10
ashfield,Siege,2,obstacles,565,counter_battery_radar,1,6340,317.0,325.5,8.5,108.8,110.1,111.8,101.7,Move,BlockedByFriend,fortress,,moved,0,,counter_battery_radar#563 moving,mobile_fortress(parked)@8.0 counter_battery_radar(moving)@5.8
ashfield,Siege,2,obstacles,622,elite_mbt,1,7290,364.5,398.0,33.5,113.9,126.0,82.5,74.3,Idle,NoPath,fortress,,gave up,0,,goal (82.5;74.3) in open ground; other region (13232 cells); fortress,radar_station(fixed)@6.7 base_wall@8
ashfield,Siege,2,obstacles,617,elite_heavy_tank,1,7870,393.5,411.5,18.0,127.9,108.9,72.1,89.9,AttackMove,YieldWait,fortress,,moved,0,,behind mobile_fortress#557,c_ram(fixed)@6.0 mobile_fortress(parked)@8.9 elite_heavy_tank(moving)@7.0 base_wall@8 base_wall@7
ashfield,Siege,2,obstacles,622,elite_mbt,1,8100,405.0,413.5,8.5,112.3,124.6,100.3,91.1,AttackMove,Unknown,fortress+gate,nopark,moved,0,,speed 3.6 strikes 0,radar_station(fixed)@4.7 base_wall@9
ashfield,Siege,2,obstacles,617,elite_heavy_tank,1,8350,417.5,429.0,11.5,127.0,109.5,98.2,80.4,AttackMove,BlockedByFriend,fortress,,gave up,0,,counter_battery_radar#625 moving,c_ram(fixed)@6.7 mobile_fortress(parked)@9.8 counter_battery_radar(moving)@6.2 base_wall@9 base_wall@7
ashfield,Siege,2,obstacles,625,counter_battery_radar,1,8390,419.5,428.5,9.0,123.8,105.6,109.5,112.5,Move,BlockedByFriend,fortress,,moved,0,,elite_heavy_tank#617 moving,c_ram(fixed)@5.4 elite_heavy_tank(moving)@5.5 elite_heavy_tank(moving)@8.1
ashfield,Siege,2,obstacles,625,counter_battery_radar,1,8570,428.5,442.0,13.0,122.4,105.4,99.6,97.6,Move,BlockedByFriend,fortress,,died,0,,elite_heavy_tank#623 moving,c_ram(fixed)@6.6 elite_heavy_tank(moving)@6.5 elite_heavy_tank(moving)@5.1
ashfield,Siege,2,obstacles,617,elite_heavy_tank,1,8600,430.0,443.0,13.0,126.1,110.2,98.2,80.4,AttackMove,BlockedByFriend,fortress,,moved,0,,counter_battery_radar#625 moving,c_ram(fixed)@7.6 mobile_fortress(parked)@9.7 counter_battery_radar(moving)@6.3 base_wall@8
ashfield,Siege,2,obstacles,623,elite_heavy_tank,1,8660,433.0,441.5,8.5,114.8,101.1,125.0,125.0,AttackMove,Unknown,fortress,,moved,0,,speed -2.3 strikes 3,command_vehicle(moving)@8.2 counter_battery_radar(moving)@9.7
ashfield,Siege,2,obstacles,617,elite_heavy_tank,1,8930,446.5,461.0,14.5,126.1,109.2,98.2,80.4,AttackMove,BlockedByFriend,fortress,,moved,0,,mobile_fortress#557 parked,c_ram(fixed)@6.7 mobile_fortress(parked)@9.0 base_wall@8
dunebreak,Siege,1,obstacles,651,titan_tank,0,1350,67.5,76.0,8.5,-83.8,-84.9,-95.1,-91.5,Move,YieldWait,camp0,road,moved,0,,behind titan_tank#656,titan_tank(moving)@5.5 heavy_tank(moving)@8.9 armored_bulldozer(moving)@4.8
dunebreak,Siege,1,obstacles,694,mobile_fortress,1,4920,246.0,264.5,18.5,114.0,129.8,79.9,91.6,AttackMove,NoPath,fortress,,gave up,0,,goal (79.9;91.6) in open ground; other region (13671 cells); fortress,base_wall@5 base_wall@7
dunebreak,Siege,1,obstacles,694,mobile_fortress,1,5460,273.0,290.5,17.5,113.7,130.0,77.0,137.0,AttackMove,BlockedByDefence,fortress,,gave up,0,,radar_station#604 parked,base_wall@4 base_wall@7
dunebreak,Siege,1,obstacles,694,mobile_fortress,1,5870,293.5,331.5,38.0,114.0,129.7,79.1,83.8,AttackMove,NoPath,fortress,,gave up,0,,goal (79.1;83.8) in open ground; other region (13884 cells); fortress,base_wall@5 base_wall@7
dunebreak,Siege,1,obstacles,700,siege_tank,0,8800,440.0,448.5,8.5,-7.7,9.9,6.1,13.9,Move,OffRoute,field,,moved,0,,to (6.1;13.9) past tank_trap,siege_tank(moving)@5.9 artillery(moving)@5.2 tank_trap@4 tank_trap@7
dunebreak,Siege,2,light,667,wheeled_gun,1,3280,164.0,175.0,11.0,92.2,101.5,73.3,70.3,Move,YieldWait,fortress,route,moved,0,,behind mobile_fortress#648,mine_layer(moving)@4.1 elite_heavy_tank(moving)@6.8 rocket_technical(parked)@6.6
frostpeak,Siege,1,light,630,counter_battery_radar,1,3620,181.0,190.5,9.5,104.7,106.1,114.0,115.7,Move,BlockedByFriend,fortress,,moved,0,,mobile_fortress#618 parked,mobile_fortress(parked)@8.3
frostpeak,Siege,2,full,627,command_vehicle,1,5310,265.5,275.5,9.5,99.0,124.0,113.0,119.0,Move,YieldWait,fortress,,died,0,,behind mobile_fortress#687,drone_hangar(fixed)@8.2 c_ram(fixed)@6.1 mobile_fortress(parked)@8.3
frostpeak,Siege,2,full,693,counter_battery_radar,1,6060,303.0,313.0,10.0,105.1,119.5,92.9,121.1,Move,BlockedByFriend,fortress,,moved,0,,counter_battery_radar#691 moving,c_ram(fixed)@9.2 counter_battery_radar(moving)@5.2
frostpeak,Siege,2,full,691,counter_battery_radar,1,6070,303.5,312.5,9.0,103.1,114.6,87.5,118.2,Move,BlockedByFriend,fortress,,moved,0,,counter_battery_radar#693 moving,mobile_fortress(parked)@9.9 counter_battery_radar(moving)@5.2
frostpeak,Siege,2,full,729,siege_tank,0,10500,525.0,536.5,11.5,11.5,-8.0,7.7,9.4,Move,OffRoute,field,,moved,0,,to (7.7;9.4) past tank_trap,scout_jeep(moving)@8.1 light_tank(moving)@6.7 armored_car(moving)@9.2 tank_trap@4 tank_trap@7 tank_trap@4
ironport,Siege,1,full,521,siege_tank,0,4450,222.5,231.0,8.5,45.3,60.7,57.3,77.2,Move,BlockedByFriend,fortress,,gave up,0,,siege_tank#520 moving,siege_tank(moving)@6.0 artillery(moving)@9.1 siege_tank(moving)@8.7 ifv(moving)@6.4
ironport,Siege,2,obstacles,600,mobile_fortress,1,3990,199.5,240.0,40.5,113.7,130.0,73.6,99.5,AttackMove,NoPath,fortress,,gave up,0,,goal (73.6;99.5) in open ground; other region (14427 cells); fortress,base_wall@4 base_wall@7
ironport,Siege,2,obstacles,608,heavy_rocket_artillery,1,4250,212.5,221.5,9.0,100.7,107.8,85.0,89.0,Move,Unknown,fortress,route,moved,0,,speed 1.0 strikes 1,repair_bay(fixed)@9.2
ironport,Siege,2,obstacles,600,mobile_fortress,1,4980,249.0,271.0,22.0,112.1,129.7,95.7,109.9,AttackMove,BlockedByDefence,fortress,,moved,0,,gun_pit#486 parked,gun_pit(fixed)@9.2 radar_station(fixed)@9.7 base_wall@9 base_wall@4 base_wall@9
ironport,Siege,2,obstacles,600,mobile_fortress,1,5580,279.0,315.5,36.5,110.8,129.7,87.3,75.5,AttackMove,NoPath,fortress,,moved,0,,goal (87.3;75.5) in open ground; other region (14674 cells); fortress,gun_pit(fixed)@7.9 radar_station(fixed)@9.7 base_wall@8 base_wall@4
ironport,Siege,2,obstacles,600,mobile_fortress,1,6310,315.5,387.0,71.5,113.8,130.0,97.2,142.8,AttackMove,BlockedByDefence,fortress,,gave up,0,,radar_station#490 parked,base_wall@4 base_wall@7
ironport,Siege,2,obstacles,600,mobile_fortress,1,7770,388.5,419.0,30.5,113.9,129.7,143.9,86.9,AttackMove,NoPath,fortress,,moved,0,,goal (143.9;86.9) in open ground; other region (14840 cells); fortress,base_wall@5 base_wall@7
ironport,Siege,2,obstacles,687,elite_mbt,1,8790,439.5,453.5,14.0,127.0,108.0,83.1,94.4,AttackMove,YieldWait,fortress,,moved,0,,behind command_vehicle#547,c_ram(fixed)@5.3 command_vehicle(moving)@5.7 base_wall@8 base_wall@8
ironport,Siege,2,obstacles,688,elite_heavy_tank,1,10220,511.0,521.0,10.0,125.7,114.0,66.8,92.2,AttackMove,YieldWait,fortress,,moved,0,,behind mobile_fortress#600,base_wall@9
ironport,Siege,2,obstacles,702,armored_car,1,11350,567.5,577.5,10.0,124.0,98.5,133.0,97.0,Move,BlockedByFriend,fortress,,moved,0,,heavy_rocket_artillery#608 parked,c_ram(fixed)@6.3 heavy_rocket_artillery(parked)@7.1
ironport,Siege,2,obstacles,600,mobile_fortress,1,11450,572.5,581.0,8.5,103.9,129.1,125.0,115.0,AttackMove,BlockedByDefence,fortress+gate,nopark,moved,0,,radar_station#490 parked,base_wall@9
redrock,Siege,1,obstacles,708,siege_tank,0,2170,108.5,119.0,10.5,16.6,40.0,5.3,40.3,Move,BlockedByFriend,fortress,,moved,0,,armored_bulldozer#709 moving,armored_bulldozer(moving)@5.9 boulders@10
redrock,Siege,1,obstacles,761,titan_tank,0,4740,237.0,249.0,12.0,-88.4,-88.4,61.1,121.3,AttackMove,YieldWait,camp0,route,moved,0,,waiting on a yield,armored_bulldozer(moving)@6.8 aa_vehicle(moving)@5.6 aa_vehicle(moving)@5.6 artillery(moving)@8.9
redrock,Siege,1,obstacles,788,heavy_rocket_artillery,1,5750,287.5,297.0,9.5,99.3,98.7,118.7,109.3,Move,BlockedByFriend,fortress,,moved,0,,rocket_technical#790 moving,repair_bay(fixed)@6.0 ammo_depot(fixed)@7.2 rocket_technical(moving)@4.6
redrock,Siege,1,obstacles,768,elite_heavy_tank,1,5820,291.0,301.5,10.5,93.8,120.0,125.0,115.0,AttackMove,BlockedByFriend,fortress,,moved,0,,mobile_fortress#755 moving,drone_hangar(fixed)@7.9 rocket_technical(moving)@9.2
redrock,Siege,1,obstacles,791,command_vehicle,1,7410,370.5,383.0,12.5,104.1,102.9,90.0,109.3,Move,BlockedByFriend,fortress,,gave up,0,,mobile_fortress#755 moving,mobile_fortress(moving)@9.8
redrock,Siege,1,obstacles,755,mobile_fortress,1,7710,385.5,394.0,8.5,99.7,110.7,125.0,115.0,AttackMove,BlockedByFriend,fortress,,moved,0,,command_vehicle#791 moving,
redrock,Siege,1,obstacles,798,siege_tank,0,8200,410.0,420.5,10.5,5.9,-9.2,10.2,6.0,Move,YieldWait,field,,moved,0,,behind siege_tank#749,siege_tank(moving)@7.6 titan_tank(moving)@4.5 tank_trap@10 tank_trap@9
redrock,Siege,1,obstacles,794,siege_tank,0,8670,433.5,444.0,10.5,13.3,8.8,18.1,16.7,Move,BlockedByFriend,fortress,,gave up,0,,siege_tank#798 moving,siege_tank(moving)@4.8 siege_tank(moving)@6.7 siege_tank(moving)@7.4
redrock,Siege,1,obstacles,818,elite_mbt,1,9000,450.0,459.0,9.0,122.5,102.9,83.5,81.8,AttackMove,Unknown,fortress,,moved,0,,speed 2.3 strikes 1,c_ram(fixed)@6.0 mobile_fortress(parked)@8.1
redrock,Siege,1,obstacles,788,heavy_rocket_artillery,1,9300,465.0,474.0,9.0,125.2,111.6,138.3,114.8,Move,BlockedByFriend,fortress,,moved,0,,mobile_fortress#755 parked,c_ram(fixed)@9.2 command_vehicle(moving)@8.1 base_wall@9
redrock,Siege,1,obstacles,768,elite_heavy_tank,1,12300,615.0,624.5,9.5,96.2,119.8,71.3,84.7,Idle,BlockedByFriend,fortress,,moved,0,,mobile_fortress#755 parked,mobile_fortress(parked)@8.4
redrock,Siege,1,obstacles,755,mobile_fortress,1,12740,637.0,649.0,12.0,97.3,112.2,125.0,115.0,AttackMove,BlockedByDefence,fortress,road,moved,0,,repair_bay#669 parked,
redrock,Siege,1,obstacles,857,flame_tank,1,13150,657.5,666.0,8.5,122.8,113.3,59.5,51.5,AttackMove,BlockedByFriend,fortress,,moved,0,,mobile_fortress#755 moving,mobile_fortress(moving)@9.7
whiteout,Siege,1,light,756,aa_vehicle,0,3330,166.5,175.5,9.0,-93.4,-89.1,125.0,115.0,AttackMove,BlockedByFriend,camp0,road+route,moved,0,,main_battle_tank#757 moving,armored_bulldozer(parked)@7.7 main_battle_tank(moving)@3.5 main_battle_tank(moving)@4.6 armored_bulldozer(moving)@7.7
whiteout,Siege,2,full,764,siege_tank,0,2700,135.0,144.5,9.5,62.0,33.6,61.8,46.1,Move,Unknown,fortress+gate,nopark,moved,0,,speed 1.5 strikes 0,base_wall@7 floodlight_mast@5
whiteout,Siege,2,full,743,siege_tank,0,4560,228.0,237.0,9.0,78.8,84.7,89.0,68.2,Move,BlockedByFriend,fortress,,moved,0,,siege_tank#742 moving,siege_tank(moving)@6.3 base_wall@9 base_wall@6 floodlight_mast@5
whiteout,Siege,2,full,871,siege_tank,0,8470,423.5,433.5,10.0,39.0,44.2,20.5,22.1,Move,YieldWait,fortress,,moved,0,,waiting on a yield,siege_tank(parked)@5.7 siege_tank(moving)@6.4 siege_tank(parked)@7.8 mlrs(parked)@7.9 floodlight_mast@4
whiteout,Siege,2,full,871,siege_tank,0,10060,503.0,516.5,13.5,-5.3,-12.8,-23.7,-31.6,Move,BlockedByFriend,field,,moved,0,,main_battle_tank#908 moving,siege_tank(moving)@7.9 siege_tank(moving)@7.4 main_battle_tank(moving)@5.0 scout_jeep(moving)@7.6
whiteout,Siege,2,full,848,siege_tank,0,11610,580.5,592.0,11.5,-22.7,-49.1,-32.0,-46.0,Move,YieldWait,field,,gave up,0,,behind siege_tank#886,siege_tank(moving)@7.4
whiteout,Siege,2,full,860,siege_tank,0,14580,729.0,739.5,10.5,12.8,-7.9,2.7,-12.0,Move,BlockedByFriend,field,,gave up,0,,siege_tank#848 moving,siege_tank(moving)@5.9 siege_tank(moving)@8.8 armored_car(moving)@8.8
greenvale,Siege,1,full,642,twin_tank,1,3760,188.0,207.5,19.5,89.3,101.2,66.1,98.7,AttackMove,BlockedByFriend,fortress,,moved,0,,mobile_fortress#637 moving,mobile_fortress(moving)@7.6 rocket_technical(moving)@2.5 base_wall@8
greenvale,Siege,1,full,627,turtle_tank,1,3770,188.5,197.5,9.0,90.8,119.2,66.2,105.9,AttackMove,OffRoute,fortress,,moved,0,,to (66.2;105.9) past base_wall,heavy_turret(fixed)@8.3 flame_tank(moving)@5.2 command_vehicle(moving)@6.5 heavy_tank(moving)@6.1 base_wall@8
greenvale,Siege,1,full,626,heavy_tank,1,4100,205.0,213.5,8.5,80.7,112.2,76.3,118.9,AttackMove,BlockedByFriend,fortress,road,gave up,0,,scout_jeep#610 moving,scout_jeep(moving)@5.8 command_vehicle(parked)@8.0 turtle_tank(moving)@7.0 elite_heavy_tank(moving)@6.0
greenvale,Siege,2,obstacles,672,mobile_fortress,1,4850,242.5,255.0,12.5,103.7,106.9,66.9,40.3,AttackMove,BlockedByFriend,fortress,route,moved,0,,counter_battery_radar#669 moving,counter_battery_radar(parked)@9.2 counter_battery_radar(moving)@8.6 counter_battery_radar(moving)@8.9
greenvale,Siege,2,obstacles,619,engineer_vehicle,1,5140,257.0,265.5,8.5,97.2,111.0,102.8,100.4,Move,BlockedByFriend,fortress,road,moved,0,,command_vehicle#626 moving,command_vehicle(moving)@6.0 fpv_carrier(parked)@5.7 thermobaric_launcher(moving)@5.0 counter_battery_radar(moving)@9.6
greenvale,Siege,2,obstacles,668,counter_battery_radar,1,5230,261.5,272.0,10.5,103.8,99.1,95.3,106.3,Move,BlockedByFriend,fortress,,moved,0,,counter_battery_radar#680 moving,ammo_depot(fixed)@6.7 command_vehicle(moving)@5.2 counter_battery_radar(moving)@3.8 counter_battery_radar(moving)@4.8 vbied(moving)@6.5
greenvale,Siege,2,obstacles,645,thermobaric_launcher,1,5390,269.5,278.0,8.5,94.7,119.1,87.0,120.9,Move,YieldWait,fortress,,moved,0,,behind mobile_fortress#672,drone_hangar(fixed)@9.0 mobile_fortress(moving)@8.1
greenvale,Siege,2,obstacles,668,counter_battery_radar,1,5440,272.0,281.5,9.5,102.5,105.3,95.3,106.3,Move,YieldWait,fortress,route,moved,0,,behind mobile_fortress#672,repair_bay(fixed)@9.4 command_vehicle(moving)@4.1 counter_battery_radar(moving)@3.7 mobile_fortress(moving)@9.3 counter_battery_radar(moving)@8.0
greenvale,Siege,2,obstacles,626,command_vehicle,1,5480,274.0,283.0,9.0,99.4,103.1,87.0,111.0,Move,BlockedByFriend,fortress,,moved,0,,counter_battery_radar#668 moving,repair_bay(fixed)@5.6 counter_battery_radar(moving)@3.8 counter_battery_radar(moving)@7.9
greenvale,Siege,2,obstacles,645,thermobaric_launcher,1,5660,283.0,294.0,11.0,87.3,121.9,108.9,105.5,Move,YieldWait,fortress,,moved,0,,behind mobile_fortress#672,drone_hangar(fixed)@7.0 counter_battery_radar(moving)@7.8 vbied(moving)@4.0
greenvale,Siege,2,obstacles,619,engineer_vehicle,1,6110,305.5,314.0,8.5,81.9,92.3,95.0,107.0,Move,BlockedByFriend,fortress,route,gave up,0,,mobile_fortress#672 parked,counter_battery_radar(moving)@4.1 mobile_fortress(parked)@9.0 counter_battery_radar(moving)@9.4
greenvale,Siege,2,obstacles,680,counter_battery_radar,1,6810,340.5,355.0,14.5,88.9,101.4,99.0,87.0,Move,YieldWait,fortress,,moved,0,,behind counter_battery_radar#669,repair_bay(fixed)@5.1 thermobaric_launcher(moving)@2.9 counter_battery_radar(moving)@5.3
greenvale,Siege,2,obstacles,669,counter_battery_radar,1,6820,341.0,350.5,9.5,84.3,98.5,99.0,87.0,Move,BlockedByFriend,fortress,route,moved,0,,counter_battery_radar#680 moving,thermobaric_launcher(moving)@4.0 counter_battery_radar(moving)@5.4
greenvale,Siege,2,obstacles,645,thermobaric_launcher,1,11330,566.5,575.0,8.5,127.6,108.0,140.0,114.0,Move,YieldWait,fortress,,moved,0,,behind command_vehicle#626,c_ram(fixed)@5.1 engineer_vehicle(moving)@4.2 command_vehicle(moving)@8.3 counter_battery_radar(moving)@7.3 base_wall@8
rustyard,Siege,1,obstacles,483,armored_bulldozer,0,3940,197.0,205.5,8.5,65.5,89.6,7.6,28.0,Move,Unknown,fortress,,moved,0,,speed 3.9 strikes 0,siege_tank(moving)@8.8
rustyard,Siege,1,obstacles,519,mobile_fortress,1,4080,204.0,235.0,31.0,113.8,129.4,79.9,90.8,AttackMove,NoPath,fortress,,gave up,0,,goal (79.9;90.8) in open ground; other region (13685 cells); fortress,radar_station(fixed)@9.8 base_wall@5 base_wall@8
rustyard,Siege,1,obstacles,519,mobile_fortress,1,4950,247.5,257.5,10.0,112.4,129.8,95.7,109.9,AttackMove,BlockedByDefence,fortress,,moved,0,,gun_pit#434 parked,gun_pit(fixed)@9.5 radar_station(fixed)@9.9 base_wall@9 base_wall@4 base_wall@9
rustyard,Siege,1,obstacles,519,mobile_fortress,1,5150,257.5,272.0,14.5,111.9,129.8,64.8,92.3,AttackMove,NoPath,fortress,,gave up,0,,goal (64.8;92.3) in open ground; other region (13895 cells); fortress,gun_pit(fixed)@9.0 radar_station(fixed)@9.8 base_wall@9 base_wall@4 base_wall@9
rustyard,Siege,2,light,447,main_battle_tank,0,4590,229.5,238.0,8.5,30.5,33.2,58.4,65.4,AttackMove,BlockedByFriend,fortress,road+route,moved,0,,armored_car#514 moving,main_battle_tank(moving)@8.9 main_battle_tank(moving)@4.0 light_tank(moving)@5.9 light_tank(moving)@9.7 light_tank(parked)@6.1 main_battle_tank(moving)@8.1 aa_vehicle(moving)@6.1 aa_vehicle(moving)@10.0 aa_vehicle(moving)@8.7 armored_car(moving)@3.4 armored_car(moving)@3.8 armored_car(moving)@9.9 aa_vehicle(moving)@7.6 scout_jeep(moving)@5.9 scout_jeep(moving)@5.4 container_stack@8
rustyard,Siege,2,light,507,main_battle_tank,0,4590,229.5,242.5,13.0,22.5,32.6,53.2,68.6,AttackMove,YieldWait,fortress,road,moved,0,,behind aa_vehicle#511,main_battle_tank(moving)@8.1 main_battle_tank(moving)@8.9 aa_vehicle(moving)@4.7 armored_car(moving)@4.2 armored_car(moving)@9.3 scout_jeep(moving)@8.5 rail_boxcar@8 container_stack@6
emberridge,Siege,2,full,715,scout_jeep,1,620,31.0,44.0,13.0,113.1,127.9,133.5,138.3,AttackMove,YieldWait,fortress+gate,nopark,moved,0,,behind vbied#717,scout_jeep(moving)@1.9 vbied(parked)@2.1 base_wall@6 base_wall@9
emberridge,Siege,2,full,717,vbied,1,910,45.5,61.5,16.0,112.1,128.5,133.5,138.3,AttackMove,YieldWait,fortress+gate,nopark,moved,0,,behind scout_jeep#716,c_ram(fixed)@9.1 scout_jeep(parked)@2.4 scout_jeep(moving)@2.3 scout_jeep(moving)@3.8 base_wall@10 base_wall@6 base_wall@10
emberridge,Siege,2,full,727,scout_jeep,1,1000,50.0,58.5,8.5,111.3,127.0,133.5,138.3,AttackMove,BlockedByFriend,fortress+gate,nopark,moved,0,,scout_jeep#716 moving,c_ram(fixed)@8.4 scout_jeep(parked)@4.1 scout_jeep(moving)@2.3 vbied(moving)@2.6 base_wall@7
emberridge,Siege,2,full,727,scout_jeep,1,1560,78.0,88.5,10.5,109.9,127.3,133.5,138.3,AttackMove,YieldWait,fortress+gate,nopark,moved,0,,behind vbied#717,c_ram(fixed)@7.0 scout_jeep(parked)@4.9 scout_jeep(moving)@2.9 vbied(moving)@3.8 base_wall@9 base_wall@7
emberridge,Siege,2,full,717,vbied,1,2350,117.5,127.0,9.5,111.8,127.9,133.5,138.3,AttackMove,YieldWait,fortress+gate,nopark,moved,0,,behind scout_jeep#715,c_ram(fixed)@8.9 scout_jeep(parked)@3.0 scout_jeep(moving)@3.8 ew_jammer(parked)@9.0 scout_jeep(moving)@2.8 base_wall@10 base_wall@6
emberridge,Siege,2,full,727,scout_jeep,1,2400,120.0,138.0,18.0,108.1,127.4,133.5,138.3,AttackMove,YieldWait,fortress+gate,nopark,moved,0,,behind vbied#717,c_ram(fixed)@5.2 scout_jeep(parked)@6.5 scout_jeep(moving)@4.8 vbied(moving)@4.2 ew_jammer(parked)@5.6 base_wall@8 base_wall@8
emberridge,Siege,2,full,716,scout_jeep,1,2440,122.0,137.5,15.5,111.9,124.2,133.5,138.3,AttackMove,YieldWait,fortress+gate,narrow+nopark,moved,0,,behind vbied#717,c_ram(fixed)@9.9 scout_jeep(parked)@6.1 vbied(moving)@3.7 ew_jammer(parked)@8.1 scout_jeep(moving)@4.6 base_wall@10
emberridge,Siege,2,full,717,vbied,1,2540,127.0,137.5,10.5,111.7,128.0,133.5,138.3,AttackMove,YieldWait,fortress+gate,nopark,moved,0,,behind scout_jeep#715,c_ram(fixed)@8.7 scout_jeep(parked)@3.1 scout_jeep(moving)@3.7 ew_jammer(parked)@8.9 scout_jeep(moving)@2.7 base_wall@10 base_wall@6
emberridge,Siege,2,full,827,elite_heavy_tank,1,5660,283.0,293.0,10.0,99.0,122.4,98.9,73.8,AttackMove,BlockedByFriend,fortress,,moved,0,,counter_battery_radar#831 moving,drone_hangar(fixed)@9.1 c_ram(fixed)@7.3 counter_battery_radar(moving)@6.5
junglepass,Siege,1,full,1040,elite_heavy_tank,1,3950,197.5,206.0,8.5,100.1,92.4,84.9,57.4,AttackMove,BlockedByFriend,fortress,,gave up,0,,mobile_fortress#1027 moving,heavy_turret(fixed)@9.2 mobile_fortress(moving)@8.3 base_wall@10
junglepass,Siege,1,full,1037,counter_battery_radar,1,4080,204.0,212.5,8.0,89.0,98.3,101.4,111.8,Move,BlockedByFriend,fortress,,died,0,,counter_battery_radar#1036 moving,heavy_turret(fixed)@7.6 command_vehicle(moving)@6.4 mobile_fortress(moving)@7.8 counter_battery_radar(moving)@6.3
skyhold,Siege,1,obstacles,570,heavy_tank,1,3510,175.5,184.0,8.5,109.1,92.7,103.7,76.1,Idle,Unknown,fortress,route,gave up,0,,speed 0.6 strikes 0,ammo_depot(fixed)@6.1 sapper(parked)@9.3 mobile_fortress(moving)@8.7
skyhold,Siege,1,obstacles,565,mobile_fortress,1,4480,224.0,232.5,8.5,112.2,90.9,108.7,109.4,Idle,BlockedByDefence,fortress,road,gave up,0,,ammo_depot#492 parked,ammo_depot(fixed)@9.4 rocket_technical(moving)@8.2
skyhold,Siege,1,obstacles,547,rocket_technical,1,4520,226.0,236.0,10.0,120.5,93.8,93.9,82.1,Move,YieldWait,fortress,,moved,0,,behind mobile_fortress#565,heavy_turret(fixed)@7.4 command_vehicle(moving)@4.9 mobile_fortress(moving)@8.0
skyhold,Siege,1,obstacles,544,siege_tank,0,4680,234.0,242.5,8.5,59.2,46.8,100.7,31.0,Move,BlockedByFriend,fortress,route,moved,0,,aa_vehicle#569 parked,heavy_tank(parked)@6.5 aa_vehicle(parked)@3.2 aa_vehicle(moving)@5.7 aa_vehicle(moving)@8.1 floodlight_mast@10
skyhold,Siege,1,obstacles,562,aa_vehicle,0,4690,234.5,243.0,8.5,33.5,61.9,71.3,103.3,AttackMove,Unknown,fortress,,moved,0,,speed 4.9 strikes 0,artillery(moving)@9.0 artillery(parked)@7.2 ifv(moving)@7.4 base_wall@7
skyhold,Siege,1,obstacles,542,command_vehicle,1,5320,266.0,274.5,8.5,120.5,107.9,81.7,104.1,Idle,BlockedByFriend,fortress,,moved,0,,mobile_fortress#565 moving,c_ram(fixed)@9.4 mobile_fortress(moving)@9.8 elite_heavy_tank(moving)@5.6
skyhold,Siege,1,obstacles,565,mobile_fortress,1,5790,289.5,298.0,8.5,106.6,108.4,129.0,109.0,Move,BlockedByFriend,fortress,route,moved,0,,heavy_rocket_artillery#598 moving,
skyhold,Siege,1,obstacles,656,siege_tank,0,12540,627.0,636.5,9.5,7.8,12.4,19.0,15.7,Move,Unknown,fortress,,moved,0,,speed 1.2 strikes 1,heavy_tank(moving)@6.2
metrocity,Siege,2,full,512,heavy_rocket_artillery,1,4120,206.0,217.5,11.5,126.7,110.8,107.5,98.7,Move,BlockedByFriend,fortress,,moved,0,,mobile_fortress#501 moving,gun_pit(fixed)@8.0 base_wall@10 base_wall@7
metrocity,Siege,2,full,508,heavy_rocket_artillery,1,4520,226.0,237.0,11.0,99.8,110.9,121.1,113.0,Move,BlockedByFriend,fortress,,moved,0,,mobile_fortress#501 parked,mobile_fortress(parked)@9.8
metrocity,Siege,2,full,482,sapper,1,4660,233.0,241.5,8.5,117.8,108.3,90.4,70.2,AttackMove,BlockedByFriend,fortress,,moved,0,,mobile_fortress#501 parked,command_vehicle(moving)@7.8 counter_battery_radar(moving)@8.2 heavy_rocket_artillery(moving)@6.3
metrocity,Siege,2,full,508,heavy_rocket_artillery,1,4740,237.0,246.5,9.5,100.5,113.1,121.1,113.0,Move,BlockedByFriend,fortress,,moved,0,,mobile_fortress#501 moving,mobile_fortress(moving)@9.7
metrocity,Siege,2,full,462,command_vehicle,1,5640,282.0,290.5,8.5,94.2,91.5,106.0,88.9,Move,BlockedByFriend,fortress,route,moved,0,,counter_battery_radar#514 moving,fpv_carrier(parked)@4.7 mobile_fortress(parked)@9.3 counter_battery_radar(moving)@5.1 elite_heavy_tank(moving)@4.1 counter_battery_radar(parked)@7.3
metrocity,Siege,2,full,514,counter_battery_radar,1,6020,301.0,312.5,11.5,107.3,94.2,87.9,72.4,Move,BlockedByFriend,fortress,,moved,0,,mobile_fortress#501 parked,sapper(moving)@3.8 counter_battery_radar(moving)@8.5
metrocity,Siege,2,full,541,counter_battery_radar,1,6080,304.0,316.5,12.5,97.8,93.9,89.7,73.0,Move,BlockedByFriend,fortress,route,moved,0,,mobile_fortress#501 parked,mobile_fortress(parked)@8.6 counter_battery_radar(moving)@7.5
metrocity,Siege,2,full,575,counter_battery_radar,1,8430,421.5,431.0,9.5,121.3,101.5,81.1,79.0,Move,BlockedByFriend,fortress,,moved,0,,mobile_fortress#501 parked,mobile_fortress(parked)@8.0
metrocity,Siege,2,full,575,counter_battery_radar,1,8620,431.0,440.0,9.0,118.6,100.5,71.5,81.0,Move,BlockedByFriend,fortress,,moved,0,,mobile_fortress#501 parked,mobile_fortress(parked)@8.5
metrocity,Siege,2,full,580,elite_heavy_tank,1,11450,572.5,582.0,9.5,118.3,115.3,139.5,132.9,AttackMove,BlockedByFriend,fortress,,moved,0,,heavy_tank#585 moving,elite_mbt(moving)@7.2 heavy_tank(moving)@5.6
landingbeach,Siege,1,full,939,twin_tank,1,4260,213.0,227.0,14.0,86.8,113.0,87.7,102.8,Move,YieldWait,fortress,road,gave up,0,,behind mobile_fortress#945,
landingbeach,Siege,1,full,912,sapper,1,4560,228.0,237.0,9.0,94.6,95.7,80.8,66.4,AttackMove,BlockedByFriend,fortress,route,moved,0,,mobile_fortress#945 moving,twin_tank(moving)@4.1 wheeled_gun(moving)@4.9 elite_heavy_tank(parked)@6.4
landingbeach,Siege,2,obstacles,931,ew_jammer,1,4570,228.5,238.0,9.5,87.5,104.1,77.2,114.8,Move,BlockedByObstacle,fortress+gate,route+narrow+nopark,moved,0,,base_wall,repair_bay(fixed)@7.0 mobile_fortress(parked)@7.9 base_wall@4
landingbeach,Siege,2,obstacles,1001,siege_tank,0,7320,366.0,387.5,21.5,-17.2,-18.0,-52.1,-42.6,Move,Unknown,field+gate,nopark,moved,0,,speed 0.5 strikes 0,siege_tank(moving)@6.4 barricade@9
hydrodam,Siege,1,obstacles,1415,titan_tank,0,3790,189.5,198.0,8.5,107.1,35.9,95.0,52.0,Idle,BlockedByFriend,fortress,,moved,0,,titan_tank#1410 moving,titan_tank(moving)@5.1 base_wall@5 base_wall@6
hydrodam,Siege,1,obstacles,1414,siege_tank,0,4090,204.5,214.0,9.5,63.0,46.3,78.2,64.8,Move,BlockedByObstacle,fortress,,moved,0,,fortress_gate,siege_tank(parked)@6.6 ifv(parked)@6.9
hydrodam,Siege,1,obstacles,1457,counter_battery_radar,1,5030,251.5,266.5,15.0,99.4,103.9,74.7,106.4,Move,BlockedByFriend,fortress,,moved,0,,mobile_fortress#1447 moving,repair_bay(fixed)@5.9 mobile_fortress(moving)@8.1
hydrodam,Siege,1,obstacles,1461,titan_tank,0,6180,309.0,319.0,10.0,-86.0,-88.6,81.7,77.9,AttackMove,BlockedByFriend,camp0,,moved,0,,heavy_tank#1465 moving,dragons_teeth(fixed)@5.0 ifv(parked)@10.0 heavy_tank(moving)@4.5 main_battle_tank(moving)@5.9
hydrodam,Siege,1,obstacles,1474,siege_tank,0,8080,404.0,413.0,9.0,41.6,32.1,27.3,21.8,Move,BlockedByFriend,fortress,,moved,0,,titan_tank#1455 moving,titan_tank(moving)@6.2 aa_vehicle(moving)@8.9 wreck_tank@6 floodlight_mast@8
hydrodam,Siege,2,light,1357,siege_tank,0,1850,92.5,108.5,16.0,32.0,27.6,32.4,62.5,Move,BlockedByFriend,fortress+gate,nopark,moved,0,,siege_tank#1376 moving,armored_car(moving)@9.0 siege_tank(moving)@6.6 boulders@8 wreck_tank@5
capital,Siege,2,full,907,siege_tank,0,880,44.0,53.5,9.5,-72.3,-96.5,74.5,-91.3,Move,YieldWait,field,,moved,0,,waiting on a yield,minefield(fixed)@6.0 main_battle_tank(moving)@6.5 main_battle_tank(moving)@3.8 aa_vehicle(moving)@5.3 ifv(moving)@7.5
capital,Siege,2,full,907,siege_tank,0,2190,109.5,124.5,15.0,70.3,-56.0,-16.8,58.8,Move,BlockedByFriend,fortress,road,moved,0,,scout_jeep#921 moving,light_tank(moving)@8.1 scout_jeep(moving)@7.2 river_water@7 river_water@5 river_water@8 wreck_tank@8
capital,Siege,2,full,926,siege_tank,0,2740,137.0,147.0,10.0,44.0,-85.0,39.0,-31.0,Move,BlockedByFriend,field,road,moved,0,,mlrs#932 moving,mlrs(moving)@6.4 highrise_b@8
capital,Siege,2,full,912,mine_layer,1,5300,265.0,274.0,9.0,124.4,114.1,72.5,96.6,AttackMove,BlockedByFriend,fortress,,moved,0,,sapper#911 moving,sapper(moving)@3.0 command_vehicle(moving)@4.4 ew_jammer(moving)@5.0 counter_battery_radar(moving)@7.2 base_wall@10
capital,Siege,2,full,911,sapper,1,5740,287.0,295.5,8.5,87.6,121.8,78.3,99.8,AttackMove,YieldWait,fortress,,moved,0,,behind mobile_fortress#965,drone_hangar(fixed)@7.0 command_vehicle(moving)@7.4 counter_battery_radar(moving)@3.3 base_wall@9
capital,Siege,2,full,974,main_battle_tank,0,6400,320.0,329.5,9.5,-89.7,-102.4,129.6,61.2,AttackMove,BlockedByFriend,camp0,road,moved,0,,ifv#979 moving,siege_tank(moving)@6.2 ifv(moving)@4.2 aa_vehicle(moving)@8.0 mlrs(moving)@7.6
capital,Siege,2,full,975,siege_tank,0,6420,321.0,333.0,12.0,-90.1,-96.1,47.0,-61.0,Move,BlockedByFriend,camp0,,moved,0,,main_battle_tank#974 moving,rocket_turret(fixed)@4.6 main_battle_tank(moving)@6.2 ifv(parked)@9.6 aa_vehicle(moving)@3.3 mlrs(moving)@8.1
capital,Siege,2,full,981,aa_vehicle,0,6450,322.5,332.0,9.5,-92.7,-98.2,129.6,61.2,AttackMove,BlockedByFriend,camp0,,moved,0,,siege_tank#975 moving,rocket_turret(fixed)@7.8 siege_tank(moving)@3.5 ifv(moving)@9.8 mlrs(moving)@4.6
capital,Siege,2,full,995,counter_battery_radar,1,7180,359.0,368.0,9.0,104.2,95.4,74.7,52.6,Move,BlockedByFriend,fortress,,moved,0,,mobile_fortress#965 moving,mobile_fortress(moving)@8.5
capital,Siege,2,full,976,elite_heavy_tank,1,10530,526.5,535.5,9.0,91.2,72.2,125.0,115.0,AttackMove,BlockedByFriend,fortress,road,moved,0,,thermobaric_launcher#1032 parked,heavy_tank(parked)@8.5 counter_battery_radar(moving)@8.9 command_vehicle(moving)@7.8 thermobaric_launcher(parked)@9.5 thermobaric_launcher(parked)@6.7
capital,Siege,2,full,1048,scout_jeep,0,11550,577.5,594.5,17.0,44.0,-90.9,96.3,72.5,AttackMove,GateWait,field,road,gave up,0,,doorway 0,light_tank(moving)@9.9 ifv(moving)@7.2 scout_jeep(moving)@6.4 highrise_b@9
capital,Siege,2,full,991,siege_tank,0,12290,614.5,623.5,9.0,67.5,-90.2,27.9,-67.1,Move,BlockedByFriend,field,route,moved,0,,ifv#1059 moving,siege_tank(moving)@5.2 armored_car(moving)@8.7 ifv(moving)@5.6
capital,Siege,2,full,955,siege_tank,0,12910,645.5,657.0,11.5,69.3,-98.8,44.9,-60.4,Move,BlockedByFriend,field,,moved,0,,armored_car#1066 moving,siege_tank(moving)@7.6 siege_tank(moving)@9.3 armored_car(moving)@7.2 armored_car(moving)@5.8
capital,Siege,2,full,955,siege_tank,0,13450,672.5,682.0,9.5,65.1,-109.4,44.9,-60.4,Move,Unknown,field,road,moved,0,,speed 0.5 strikes 0,siege_tank(moving)@7.0 wreck_car@6
capital,Siege,2,full,955,siege_tank,0,16140,807.0,816.5,9.5,61.9,-91.3,25.9,-115.6,Move,BlockedByFriend,field,,moved,0,,aa_vehicle#1097 moving,aa_vehicle(moving)@5.4 aa_vehicle(moving)@6.0
launchsite,Siege,1,full,506,artillery,0,4030,201.5,212.5,11.0,60.2,34.3,64.0,57.2,Move,BlockedByFriend,fortress,,moved,0,,siege_tank#509 moving,siege_tank(moving)@7.4 siege_tank(moving)@6.2 base_wall@6
launchsite,Siege,2,obstacles,523,main_battle_tank,0,3610,180.5,191.5,11.0,57.8,36.0,57.0,57.0,Attack,OffRoute,fortress,,moved,0,,to (53.0;43.0) past base_wall,siege_tank(moving)@9.2 armored_car(parked)@9.8 scout_jeep(parked)@3.1 aa_vehicle(parked)@5.8 aa_vehicle(moving)@4.6 ifv(parked)@6.0 base_wall@5
launchsite,Siege,2,obstacles,603,mobile_fortress,1,6520,326.0,334.5,8.5,101.8,86.1,56.7,44.0,Idle,BlockedByDefence,fortress+gate,narrow+nopark,moved,0,,ammo_depot#462 parked,ammo_depot(fixed)@6.5 base_wall@3
launchsite,Siege,2,obstacles,603,mobile_fortress,1,6980,349.0,357.5,8.5,92.5,80.2,125.0,115.0,AttackMove,BlockedByFriend,fortress,,moved,0,,counter_battery_radar#622 moving,counter_battery_radar(moving)@8.3
launchsite,Siege,2,obstacles,606,siege_tank,0,7150,357.5,367.5,10.0,6.0,12.1,-13.2,-18.2,Move,BlockedByFriend,fortress,,moved,0,,siege_tank#605 moving,siege_tank(moving)@6.2 light_tank(moving)@7.4 refinery_tower@6
launchsite,Siege,2,obstacles,677,ifv,0,10370,518.5,527.0,8.5,-11.7,-13.8,125.0,115.0,AttackMove,YieldWait,field,road+route,moved,0,,behind ifv#678,siege_tank(moving)@8.2 aa_vehicle(moving)@9.4 ifv(moving)@5.5 scout_jeep(moving)@4.4 scout_jeep(moving)@9.2
launchsite,Siege,2,obstacles,631,siege_tank,0,15960,798.0,807.0,9.0,-17.2,-15.9,-37.9,-44.6,Move,BlockedByFriend,field,road+route,moved,0,,armored_car#777 moving,aa_vehicle(moving)@6.6 siege_tank(moving)@8.0 aa_vehicle(moving)@8.9 armored_car(moving)@6.0 ifv(moving)@4.7 wreck_tank@10
launchsite,Siege,2,obstacles,631,siege_tank,0,16140,807.0,819.0,12.0,-17.9,-14.9,-37.9,-44.6,Move,YieldWait,field,road+route,moved,0,,waiting on a yield,light_tank(moving)@4.8 light_tank(moving)@10.0 armored_car(moving)@5.0 ifv(moving)@7.0 scout_jeep(moving)@7.5 wreck_tank@9
saltflat,Siege,1,obstacles,312,armored_bulldozer,0,2340,117.0,126.0,9.0,35.7,37.4,57.0,57.0,Attack,BlockedByFriend,fortress,road,moved,0,,armored_bulldozer#319 moving,ifv(moving)@9.7 siege_tank(moving)@5.2 armored_bulldozer(moving)@9.3 armored_bulldozer(moving)@5.3 armored_bulldozer(moving)@3.8
borderbridge,Siege,2,full,1293,command_vehicle,1,4250,212.5,222.0,9.5,93.0,111.5,102.1,116.3,Move,BlockedByFriend,fortress,road,moved,0,,counter_battery_radar#1336 moving,counter_battery_radar(moving)@4.0 counter_battery_radar(moving)@6.4
borderbridge,Siege,2,full,1376,sapper,1,6560,328.0,336.5,8.5,100.6,96.7,84.5,74.7,AttackMove,YieldWait,fortress,,moved,0,,waiting on a yield,rocket_technical(moving)@5.2 counter_battery_radar(moving)@9.6 railgun_truck(parked)@6.7 elite_heavy_tank(moving)@7.0 wheeled_gun(moving)@4.7 flame_tank(moving)@8.1
borderbridge,Siege,2,full,1326,rocket_technical,1,6650,332.5,341.5,9.0,105.8,100.6,87.2,75.5,Move,BlockedByFriend,fortress,,moved,0,,mobile_fortress#1332 moving,mobile_fortress(moving)@9.7 heavy_rocket_artillery(moving)@8.1 flame_tank(moving)@8.4 engineer_vehicle(moving)@8.3
borderbridge,Siege,2,full,1364,command_vehicle,1,6740,337.0,346.5,9.5,113.9,86.3,91.7,89.1,Move,YieldWait,fortress,road,moved,0,,behind mobile_fortress#1332,mobile_fortress(parked)@9.3 counter_battery_radar(moving)@7.6 fortress_gate@3 base_wall@9
borderbridge,Siege,2,full,1377,siege_tank,0,7920,396.0,405.0,9.0,24.8,24.1,6.5,2.0,Move,BlockedByFriend,fortress,,moved,0,,armored_car#1394 moving,aa_vehicle(parked)@8.1 armored_car(moving)@5.0 river_water@8 river_water@4 river_water@9 river_water@5 river_water@8
swamp,Siege,1,full,2575,titan_tank,0,3680,184.0,195.0,11.0,-56.0,101.3,-32.6,107.1,AttackMove,BlockedByFriend,field,,moved,0,,armored_bulldozer#2567 parked,armored_bulldozer(parked)@6.1 titan_tank(parked)@5.4 heavy_tank(parked)@9.6 barricade@7
swamp,Siege,1,full,2565,siege_tank,0,4090,204.5,215.5,11.0,19.9,52.5,70.0,90.0,Attack,YieldWait,field,route,moved,0,,waiting on a yield,siege_tank(moving)@8.2 river_water@9 river_water@8 river_water@9 river_water@8
swamp,Siege,1,full,2563,siege_tank,0,4590,229.5,239.0,9.5,5.6,60.5,59.6,13.3,Move,OffRoute,field,,moved,0,,to (17.0;57.0) past river_water,siege_tank(parked)@7.7 river_water@7 river_water@9 river_water@5 river_water@9
swamp,Siege,1,full,2611,siege_tank,0,5450,272.5,281.5,9.0,-107.3,-81.2,-61.0,77.0,Move,BlockedByDefence,camp0,,moved,0,,c_ram#2553 parked,c_ram(fixed)@6.5 aa_vehicle(parked)@9.9 aa_vehicle(parked)@9.3
swamp,Siege,1,full,2581,titan_tank,0,6150,307.5,316.0,8.5,20.7,30.7,18.0,40.5,AttackMove,BlockedByFriend,field,road,gave up,0,,siege_tank#2565 moving,siege_tank(moving)@5.4 armored_bulldozer(moving)@8.2 ifv(parked)@9.7 river_water@9 river_water@9 river_water@8 river_water@7 river_water@9
swamp,Siege,1,full,2575,titan_tank,0,6420,321.0,340.0,19.0,42.7,16.9,110.0,48.0,Attack,YieldWait,field,,moved,0,,behind siege_tank#2563,siege_tank(moving)@4.7 armored_bulldozer(moving)@6.8 heavy_tank(moving)@6.3 river_water@8 river_water@9 river_water@6 river_water@9 river_water@5 river_water@7
swamp,Siege,1,full,2576,heavy_tank,0,6520,326.0,336.0,10.0,37.8,24.0,51.0,23.0,AttackMove,BlockedByFriend,field,,moved,0,,heavy_tank#2583 moving,siege_tank(moving)@8.2 armored_bulldozer(moving)@4.7 titan_tank(moving)@8.4 heavy_tank(moving)@3.5 river_water@7 river_water@10 river_water@4 river_water@8 river_water@5 river_water@8 river_water@7
swamp,Siege,1,full,2579,siege_tank,0,6610,330.5,341.0,10.5,18.5,41.5,-15.0,31.0,Move,YieldWait,field,road+route,moved,0,,behind siege_tank#2597,armored_bulldozer(moving)@5.1 siege_tank(moving)@7.2 armored_bulldozer(moving)@7.3 river_water@9 river_water@7 river_water@7 river_water@9 river_water@10 river_water@10
swamp,Siege,1,full,2575,titan_tank,0,6800,340.0,349.5,9.5,40.5,17.1,110.0,48.0,Attack,BlockedByFriend,field,,moved,0,,aa_vehicle#2606 moving,siege_tank(moving)@4.6 armored_bulldozer(parked)@8.2 heavy_tank(moving)@6.9 heavy_tank(moving)@8.2 aa_vehicle(parked)@8.1 aa_vehicle(moving)@4.6 river_water@7 river_water@9 river_water@5 river_water@10 river_water@6 river_water@9
swamp,Siege,1,full,2579,siege_tank,0,6910,345.5,359.0,13.5,17.7,35.7,-15.0,31.0,Move,BlockedByFriend,field,,moved,0,,titan_tank#2581 moving,armored_bulldozer(moving)@5.6 titan_tank(moving)@5.0 siege_tank(moving)@6.6 armored_bulldozer(moving)@5.5 river_water@10 river_water@10 river_water@7 river_water@6 river_water@7
swamp,Siege,1,full,2576,heavy_tank,0,6930,346.5,355.5,9.0,46.4,22.6,110.0,48.0,Attack,YieldWait,field,,moved,0,,behind siege_tank#2565,armored_bulldozer(moving)@5.2 heavy_tank(moving)@7.6 aa_vehicle(moving)@5.0 river_water@8 river_water@6 river_water@10 river_water@6 river_water@10
swamp,Siege,1,full,2571,titan_tank,0,7090,354.5,364.5,10.0,18.1,19.0,16.4,27.3,AttackMove,BlockedByFriend,field,,moved,0,,titan_tank#2575 moving,titan_tank(moving)@6.1 armored_bulldozer(moving)@6.8 siege_tank(moving)@7.1 artillery(moving)@5.3 artillery(moving)@7.0
swamp,Siege,1,full,2576,heavy_tank,0,7210,360.5,369.5,9.0,41.4,23.1,110.0,48.0,Attack,YieldWait,field,,moved,0,,behind armored_bulldozer#2567,siege_tank(moving)@9.8 armored_bulldozer(moving)@5.6 heavy_tank(moving)@5.5 aa_vehicle(moving)@6.2 river_water@7 river_water@5 river_water@9 river_water@6 river_water@9 river_water@8
swamp,Siege,1,full,2611,siege_tank,0,7650,382.5,393.0,10.5,22.0,41.5,1.0,7.0,Move,BlockedByFriend,field,road+route,moved,0,,armored_bulldozer#2598 parked,heavy_tank(moving)@6.0 titan_tank(parked)@7.7 armored_bulldozer(parked)@3.8 river_water@8 river_water@6 river_water@7 river_water@9
swamp,Siege,1,full,2565,siege_tank,0,7710,385.5,394.0,8.5,43.5,23.7,58.6,18.7,Move,Unknown,field,,moved,0,,speed 3.5 strikes 0,armored_bulldozer(parked)@8.9 river_water@9 river_water@6 river_water@9 river_water@4 river_water@8 river_water@6 river_water@9
swamp,Siege,1,full,2597,siege_tank,0,8370,418.5,428.5,10.0,-3.7,22.5,-13.0,-9.0,Move,YieldWait,field,,moved,0,,behind siege_tank#2621,siege_tank(moving)@9.0
swamp,Siege,1,full,2613,titan_tank,0,8710,435.5,446.5,11.0,24.9,15.7,23.2,56.7,AttackMove,BlockedByFriend,field,,moved,0,,siege_tank#2611 moving,siege_tank(moving)@7.4 titan_tank(moving)@6.9 aa_vehicle(parked)@8.6 siege_tank(moving)@6.6 aa_vehicle(moving)@7.6
swamp,Siege,1,full,2593,siege_tank,0,8850,442.5,452.0,9.5,52.0,24.1,9.5,18.2,Move,OffRoute,field+gate,nopark,moved,0,,to (9.5;18.2) past river_water,siege_tank(moving)@6.9 river_water@9 river_water@6 river_water@9 river_water@8
swamp,Siege,1,full,2579,siege_tank,0,9580,479.0,489.5,10.5,23.4,33.0,17.9,46.1,Move,BlockedByFriend,field,route,moved,0,,aa_vehicle#2612 moving,siege_tank(moving)@6.5 siege_tank(moving)@5.9 aa_vehicle(moving)@4.5 armored_bulldozer(moving)@9.9 river_water@7 river_water@5 river_water@5 river_water@8 river_water@10 river_water@9 river_water@9
swamp,Siege,1,full,2611,siege_tank,0,9730,486.5,499.0,12.5,25.2,23.3,-5.0,31.0,Move,BlockedByFriend,field,,moved,0,,siege_tank#2593 moving,siege_tank(moving)@7.8 armored_bulldozer(moving)@7.7 aa_vehicle(moving)@9.2 river_water@6 river_water@9 river_water@8
swamp,Siege,1,full,2593,siege_tank,0,9770,488.5,498.5,10.0,21.5,30.2,19.0,52.9,Move,YieldWait,field,road+route,moved,0,,behind aa_vehicle#2612,siege_tank(moving)@7.1 aa_vehicle(moving)@6.4 siege_tank(moving)@7.8 aa_vehicle(moving)@6.6 artillery(moving)@4.1 river_water@10 river_water@10 river_water@7 river_water@7 river_water@9
swamp,Siege,1,full,2635,artillery,0,9810,490.5,504.0,13.5,17.7,30.2,17.8,44.3,Move,BlockedByFriend,field,,moved,0,,siege_tank#2593 moving,siege_tank(moving)@4.3 artillery(moving)@9.5 siege_tank(moving)@9.8 aa_vehicle(moving)@8.6 siege_tank(moving)@5.3 aa_vehicle(moving)@3.6 river_water@10 river_water@10 river_water@6 river_water@6 river_water@8
swamp,Siege,1,full,2597,siege_tank,0,9870,493.5,502.0,8.5,16.0,44.5,-21.0,7.0,Move,BlockedByFriend,field,,moved,0,,aa_vehicle#2612 moving,siege_tank(moving)@7.6 artillery(moving)@9.6 armored_bulldozer(moving)@6.9 artillery(moving)@9.1 aa_vehicle(moving)@6.4 river_water@9 river_water@8 river_water@9 river_water@9 river_water@6 river_water@4 river_water@5 river_water@8
swamp,Siege,1,full,2597,siege_tank,0,10130,506.5,521.5,15.0,16.0,41.5,-21.0,7.0,Move,YieldWait,field,,moved,0,,behind siege_tank#2593,artillery(moving)@5.2 siege_tank(moving)@3.9 aa_vehicle(moving)@8.4 main_battle_tank(moving)@9.3 aa_vehicle(moving)@7.0 artillery(moving)@9.6 river_water@10 river_water@8 river_water@8 river_water@7 river_water@4 river_water@5 river_water@8
swamp,Siege,1,full,2626,armored_bulldozer,0,10160,508.0,521.0,13.0,16.3,23.7,65.0,63.0,AttackMove,YieldWait,field,route,moved,0,,behind armored_bulldozer#2628,artillery(moving)@8.9 siege_tank(moving)@4.3 main_battle_tank(moving)@9.1 armored_bulldozer(moving)@9.0 aa_vehicle(moving)@5.6 river_water@9 river_water@6 river_water@9
swamp,Siege,1,full,2632,aa_vehicle,0,10260,513.0,521.5,8.5,20.1,38.0,9.2,65.7,AttackMove,BlockedByFriend,field,road+route,moved,0,,artillery#2635 moving,artillery(moving)@9.8 siege_tank(moving)@6.2 siege_tank(moving)@4.5 artillery(moving)@3.6 river_water@8 river_water@8 river_water@10 river_water@8 river_water@8 river_water@10
swamp,Siege,1,full,2641,titan_tank,0,10320,516.0,525.5,9.5,-91.1,-92.5,66.6,94.1,AttackMove,Unknown,camp0,,moved,0,,speed 0.7 strikes 0,gun_pit(fixed)@7.1 heavy_tank(moving)@6.8 armored_bulldozer(moving)@6.9
swamp,Siege,1,full,2635,artillery,0,10340,517.0,529.5,12.5,16.0,39.1,33.9,60.2,Move,YieldWait,field,,moved,0,,behind siege_tank#2597,artillery(moving)@8.7 siege_tank(moving)@7.3 main_battle_tank(moving)@4.3 armored_bulldozer(moving)@6.0 aa_vehicle(moving)@4.5 river_water@9 river_water@8 river_water@9 river_water@8 river_water@5 river_water@4 river_water@6 river_water@10
swamp,Siege,1,full,2632,aa_vehicle,0,10430,521.5,531.5,10.0,20.4,38.5,9.2,65.7,AttackMove,BlockedByFriend,field,road+route,moved,0,,artillery#2635 moving,artillery(moving)@5.4 siege_tank(moving)@5.9 main_battle_tank(moving)@6.4 armored_bulldozer(moving)@6.8 artillery(moving)@3.9 river_water@9 river_water@9 river_water@10 river_water@8 river_water@8 river_water@9
swamp,Siege,1,full,2624,main_battle_tank,0,10480,524.0,533.0,9.0,16.3,21.9,68.7,100.2,AttackMove,BlockedByFriend,field,route,moved,0,,aa_vehicle#2633 moving,siege_tank(moving)@7.9 siege_tank(moving)@7.2 armored_bulldozer(moving)@8.5 aa_vehicle(moving)@5.8 heavy_tank(moving)@3.5 ifv(moving)@8.0 ifv(moving)@7.1 river_water@7
swamp,Siege,1,full,2579,siege_tank,0,10540,527.0,535.5,8.5,21.0,48.3,-10.8,25.9,Move,BlockedByFriend,field,road+route,moved,0,,aa_vehicle#2632 moving,titan_tank(moving)@4.7 siege_tank(moving)@7.5 main_battle_tank(moving)@6.8 aa_vehicle(moving)@6.6 artillery(moving)@3.0 river_water@10 river_water@9 river_water@10 river_water@8 river_water@7 river_water@8
swamp,Siege,1,full,2643,armored_bulldozer,0,10570,528.5,537.0,8.5,-92.0,-83.2,-93.0,-93.0,Move,BlockedByFriend,camp0,,moved,0,,aa_vehicle#2647 moving,guard_tower(fixed)@10.0 titan_tank(moving)@8.5 heavy_tank(moving)@4.9 aa_vehicle(moving)@4.9
swamp,Siege,1,full,2628,armored_bulldozer,0,10660,533.0,543.0,10.0,24.0,29.0,71.0,105.0,AttackMove,YieldWait,field,route,moved,0,,behind artillery#2635,artillery(moving)@6.9 siege_tank(moving)@5.3 main_battle_tank(moving)@7.6 aa_vehicle(moving)@8.9 ifv(moving)@6.0 river_water@4 river_water@5 river_water@8 river_water@8 river_water@9
swamp,Siege,1,full,2615,main_battle_tank,0,10760,538.0,546.5,8.5,21.3,40.8,-5.0,31.0,Move,YieldWait,field,road+route,moved,0,,behind artillery#2585,siege_tank(moving)@5.3 main_battle_tank(moving)@5.0 aa_vehicle(moving)@4.6 ifv(moving)@9.5 river_water@9 river_water@10 river_water@8 river_water@7 river_water@7 river_water@10
swamp,Siege,1,full,2579,siege_tank,0,10820,541.0,559.5,18.5,17.4,40.6,-10.8,25.9,Move,BlockedByFriend,field,,moved,0,,main_battle_tank#2615 moving,siege_tank(moving)@6.4 main_battle_tank(moving)@5.1 main_battle_tank(moving)@6.7 armored_bulldozer(moving)@8.6 aa_vehicle(moving)@5.3 ifv(moving)@5.7 river_water@9 river_water@10 river_water@7 river_water@5 river_water@6 river_water@9
swamp,Siege,1,full,2593,siege_tank,0,10970,548.5,559.0,10.5,16.8,44.9,3.0,27.0,Move,BlockedByFriend,field,,moved,0,,siege_tank#2579 moving,siege_tank(moving)@4.0 titan_tank(moving)@9.3 main_battle_tank(moving)@4.4 armored_bulldozer(moving)@7.6 ifv(moving)@9.0 river_water@9 river_water@9 river_water@7 river_water@5 river_water@6 river_water@9
swamp,Siege,1,full,2636,heavy_tank,0,11130,556.5,610.5,54.0,16.0,32.3,68.7,100.2,AttackMove,YieldWait,field,,moved,0,,behind siege_tank#2579,siege_tank(moving)@5.0 artillery(moving)@6.5 siege_tank(moving)@7.0 ifv(moving)@3.7 ifv(moving)@10.0 heavy_tank(moving)@9.4 river_water@9 river_water@8 river_water@9 river_water@6 river_water@4 river_water@5 river_water@9
swamp,Siege,1,full,2613,titan_tank,0,11160,558.0,570.0,12.0,21.8,50.8,3.0,27.0,Move,YieldWait,field,road+route,moved,0,,behind armored_bulldozer#2628,siege_tank(moving)@9.5 main_battle_tank(moving)@5.1 armored_bulldozer(moving)@6.8 river_water@10 river_water@9 river_water@7 river_water@6
swamp,Siege,1,full,2628,armored_bulldozer,0,11170,558.5,568.5,10.0,20.8,44.0,71.0,105.0,AttackMove,BlockedByFriend,field,road+route,moved,0,,siege_tank#2593 moving,siege_tank(moving)@7.4 siege_tank(moving)@4.7 titan_tank(moving)@7.1 main_battle_tank(moving)@5.5 ifv(moving)@6.3 river_water@10 river_water@9 river_water@10 river_water@8 river_water@7 river_water@8
swamp,Siege,1,full,2593,siege_tank,0,11180,559.0,570.5,11.5,16.1,44.1,3.0,27.0,Move,YieldWait,field,,moved,0,,behind siege_tank#2579,siege_tank(moving)@7.4 titan_tank(moving)@9.8 main_battle_tank(moving)@5.0 armored_bulldozer(parked)@4.7 ifv(moving)@9.5 river_water@9 river_water@8 river_water@9 river_water@9 river_water@6 river_water@4 river_water@6 river_water@9
swamp,Siege,1,full,2639,ifv,0,11180,559.0,568.0,9.0,24.0,38.8,68.7,100.2,AttackMove,YieldWait,field,route,moved,0,,behind armored_bulldozer#2628,siege_tank(moving)@6.3 siege_tank(moving)@9.5 siege_tank(moving)@6.6 armored_bulldozer(parked)@6.1 ifv(moving)@7.9 river_water@8 river_water@5 river_water@4 river_water@7 river_water@8 river_water@8 river_water@10
swamp,Siege,1,full,2638,ifv,0,11320,566.0,577.0,11.0,21.4,33.8,71.0,105.0,AttackMove,BlockedByFriend,field,road+route,moved,0,,artillery#2600 moving,siege_tank(moving)@4.0 siege_tank(moving)@7.0 artillery(moving)@4.6 siege_tank(parked)@8.8 siege_tank(moving)@7.0 heavy_tank(moving)@5.5 river_water@10 river_water@10 river_water@9 river_water@7 river_water@7 river_water@9
swamp,Siege,1,full,2593,siege_tank,0,11410,570.5,582.0,11.5,16.0,40.0,3.0,27.0,Move,BlockedByFriend,field,,moved,0,,artillery#2600 moving,artillery(moving)@6.0 siege_tank(moving)@6.4 siege_tank(moving)@9.3 heavy_tank(moving)@6.0 ifv(moving)@6.9 river_water@9 river_water@8 river_water@9 river_water@9 river_water@6 river_water@4 river_water@6 river_water@9
swamp,Siege,1,full,2628,armored_bulldozer,0,11520,576.0,584.5,8.5,24.0,49.0,82.8,121.3,AttackMove,YieldWait,field,route,moved,0,,behind titan_tank#2613,artillery(moving)@6.7 siege_tank(moving)@6.9 titan_tank(moving)@8.2 main_battle_tank(moving)@3.4 ifv(moving)@9.5 river_water@10 river_water@6 river_water@4 river_water@5 river_water@9 river_water@8 river_water@9
swamp,Siege,1,full,2600,artillery,0,11560,578.0,587.5,9.5,22.1,43.4,45.4,114.0,Move,BlockedByFriend,field,route,moved,0,,main_battle_tank#2615 moving,siege_tank(moving)@8.0 siege_tank(moving)@8.2 main_battle_tank(moving)@3.5 ifv(moving)@5.0 heavy_tank(moving)@3.8 river_water@9 river_water@7 river_water@6 river_water@7 river_water@10
swamp,Siege,1,full,2593,siege_tank,0,11640,582.0,592.0,10.0,16.9,39.7,3.0,27.0,Move,BlockedByFriend,field,,moved,0,,heavy_tank#2640 moving,artillery(moving)@7.4 siege_tank(moving)@7.9 heavy_tank(moving)@6.8 ifv(moving)@4.7 heavy_tank(moving)@4.7 river_water@10 river_water@9 river_water@10 river_water@9 river_water@6 river_water@5 river_water@7 river_water@10
swamp,Siege,1,full,2638,ifv,0,11650,582.5,596.0,13.5,16.2,44.4,71.0,105.0,AttackMove,BlockedByFriend,field,,moved,0,,siege_tank#2593 moving,siege_tank(moving)@4.8 artillery(moving)@5.2 siege_tank(moving)@6.8 main_battle_tank(moving)@8.0 heavy_tank(moving)@5.8 river_water@9 river_water@8 river_water@9 river_water@9 river_water@6 river_water@4 river_water@6 river_water@9
swamp,Siege,1,full,2630,siege_tank,0,11830,591.5,604.0,12.5,24.0,32.0,17.0,41.0,Move,BlockedByFriend,field,route,moved,0,,main_battle_tank#2615 moving,siege_tank(moving)@9.9 main_battle_tank(moving)@6.1 siege_tank(moving)@7.3 heavy_tank(moving)@8.5 artillery(moving)@4.3 river_water@6 river_water@4 river_water@6 river_water@9 river_water@9 river_water@8 river_water@9
swamp,Siege,1,full,2613,titan_tank,0,11920,596.0,608.0,12.0,22.8,50.1,3.0,27.0,Move,YieldWait,field,route,moved,0,,behind siege_tank#2611,siege_tank(moving)@10.0 siege_tank(moving)@10.0 ifv(moving)@7.1 heavy_tank(moving)@4.9 river_water@8 river_water@6 river_water@5 river_water@9 river_water@9
swamp,Siege,1,full,2621,siege_tank,0,11850,592.5,607.5,15.0,18.1,27.4,22.9,18.4,Move,BlockedByFriend,field,road+route,moved,0,,heavy_tank#2642 moving,siege_tank(moving)@9.0 heavy_tank(moving)@5.2 ifv(moving)@6.8 heavy_tank(moving)@4.7 titan_tank(moving)@6.6 artillery(moving)@5.8 ifv(moving)@8.3 river_water@6 river_water@8 river_water@10
swamp,Siege,1,full,2642,heavy_tank,0,12280,614.0,627.5,13.5,23.5,31.2,86.9,121.8,AttackMove,YieldWait,field,route,moved,0,,behind heavy_tank#2636,artillery(moving)@5.3 main_battle_tank(moving)@5.1 siege_tank(moving)@7.6 siege_tank(moving)@8.4 heavy_tank(moving)@9.3 aa_vehicle(moving)@5.3 ifv(moving)@5.5 river_water@6 river_water@5 river_water@7 river_water@10 river_water@9 river_water@9 river_water@10
swamp,Siege,1,full,2613,titan_tank,0,12430,621.5,654.0,32.5,16.0,50.6,3.0,27.0,Move,YieldWait,field,,moved,0,,behind artillery#2649,siege_tank(moving)@8.3 siege_tank(moving)@7.1 main_battle_tank(moving)@6.0 heavy_tank(moving)@9.3 artillery(moving)@4.6 ifv(moving)@9.9 river_water@8 river_water@8 river_water@8 river_water@5 river_water@4
swamp,Siege,1,full,2636,heavy_tank,0,12550,627.5,641.5,14.0,22.9,42.5,66.8,94.6,AttackMove,BlockedByFriend,field,route,moved,0,,siege_tank#2630 moving,artillery(moving)@9.3 siege_tank(moving)@5.8 siege_tank(moving)@5.6 heavy_tank(moving)@5.4 ifv(moving)@5.7 river_water@8 river_water@6 river_water@5 river_water@8 river_water@9 river_water@9
swamp,Siege,1,full,2593,siege_tank,0,12570,628.5,639.5,11.0,23.9,48.2,3.0,27.0,Move,BlockedByFriend,field,route,moved,0,,artillery#2649 moving,siege_tank(parked)@9.0 titan_tank(moving)@7.2 main_battle_tank(moving)@7.5 heavy_tank(moving)@5.5 artillery(moving)@5.4 ifv(moving)@7.0 river_water@9 river_water@6 river_water@4 river_water@6 river_water@9 river_water@8 river_water@9
swamp,Siege,1,full,2642,heavy_tank,0,12630,631.5,640.5,9.0,24.0,39.4,86.9,121.8,AttackMove,BlockedByFriend,field,route,moved,0,,heavy_tank#2636 moving,artillery(moving)@4.9 siege_tank(moving)@9.4 siege_tank(moving)@8.9 heavy_tank(moving)@6.0 aa_vehicle(moving)@5.1 ifv(moving)@9.6 river_water@8 river_water@5 river_water@4 river_water@6 river_water@10 river_water@9 river_water@8 river_water@9
swamp,Siege,1,full,2621,siege_tank,0,12660,633.0,643.0,10.0,16.1,35.0,36.0,102.5,Move,YieldWait,field,,moved,0,,behind artillery#2585,artillery(moving)@4.3 siege_tank(moving)@9.6 titan_tank(moving)@8.5 heavy_tank(moving)@9.8 titan_tank(moving)@9.3 aa_vehicle(moving)@6.5 river_water@9 river_water@8 river_water@10 river_water@8 river_water@5 river_water@4 river_water@7 river_water@10
swamp,Siege,1,full,2630,siege_tank,0,12790,639.5,653.5,14.0,16.6,45.1,3.3,26.2,Move,BlockedByFriend,field,,moved,0,,siege_tank#2621 moving,artillery(moving)@7.5 titan_tank(moving)@5.0 siege_tank(moving)@6.8 main_battle_tank(moving)@8.3 heavy_tank(moving)@7.7 heavy_tank(moving)@7.4 river_water@10 river_water@9 river_water@9 river_water@7 river_water@5 river_water@5 river_water@8
swamp,Siege,1,full,2585,artillery,0,12910,645.5,661.5,16.0,21.1,37.9,18.3,57.5,Move,BlockedByFriend,field,road+route,moved,0,,aa_vehicle#2647 moving,siege_tank(moving)@5.4 main_battle_tank(moving)@9.0 siege_tank(moving)@9.8 ifv(moving)@5.2 titan_tank(moving)@9.8 heavy_tank(moving)@7.5 titan_tank(moving)@4.4 aa_vehicle(moving)@5.1 river_water@9 river_water@9 river_water@9 river_water@7 river_water@7 river_water@9
swamp,Siege,1,full,2641,titan_tank,0,13000,650.0,663.0,13.0,16.0,28.0,83.8,122.3,AttackMove,YieldWait,field,,moved,0,,behind ifv#2637,siege_tank(moving)@8.6 ifv(moving)@5.9 titan_tank(moving)@9.3 aa_vehicle(moving)@4.6 armored_bulldozer(moving)@6.5 titan_tank(moving)@6.9 river_water@8 river_water@9 river_water@4 river_water@6 river_water@9
swamp,Siege,1,full,2645,titan_tank,0,13060,653.0,667.0,14.0,17.5,36.6,82.9,121.4,AttackMove,BlockedByFriend,field,,moved,0,,ifv#2637 moving,artillery(moving)@6.4 main_battle_tank(moving)@8.6 siege_tank(moving)@4.8 ifv(moving)@5.3 titan_tank(moving)@6.2 armored_bulldozer(moving)@9.1 river_water@10 river_water@7 river_water@6 river_water@6 river_water@9
swamp,Siege,1,full,2624,main_battle_tank,0,13120,656.0,664.5,8.5,22.1,43.6,17.0,35.0,Move,BlockedByFriend,field,route,moved,0,,siege_tank#2621 moving,artillery(moving)@2.5 titan_tank(moving)@7.6 main_battle_tank(moving)@4.1 siege_tank(moving)@3.3 ifv(moving)@6.0 titan_tank(moving)@9.9 heavy_tank(moving)@9.7 aa_vehicle(moving)@5.7 river_water@10 river_water@7 river_water@6 river_water@7 river_water@10
swamp,Siege,1,full,2626,armored_bulldozer,0,13150,657.5,672.0,14.5,25.1,56.6,0.9,24.1,Move,OffRoute,field,route,moved,0,,to (17.0;23.0) past river_water,titan_tank(moving)@6.0 siege_tank(moving)@5.8 river_water@9 river_water@5 river_water@8
swamp,Siege,1,full,2662,armored_bulldozer,0,13230,661.5,673.5,12.0,24.0,30.4,79.6,117.8,AttackMove,YieldWait,field,route,moved,0,,behind titan_tank#2641,siege_tank(moving)@9.8 siege_tank(parked)@8.3 titan_tank(moving)@6.7 titan_tank(moving)@9.9 aa_vehicle(moving)@6.0 titan_tank(moving)@3.7 river_water@5 river_water@4 river_water@7 river_water@8 river_water@8 river_water@10
swamp,Siege,1,full,2613,titan_tank,0,13250,662.5,679.5,17.0,23.7,50.8,3.0,27.0,Move,YieldWait,field,route,moved,0,,behind main_battle_tank#2624,artillery(moving)@4.5 main_battle_tank(moving)@8.0 main_battle_tank(moving)@8.5 armored_bulldozer(moving)@4.3 siege_tank(moving)@7.6 ifv(moving)@5.5 heavy_tank(moving)@9.7 aa_vehicle(moving)@9.9 river_water@8 river_water@5 river_water@5 river_water@9 river_water@8
swamp,Siege,1,full,2579,siege_tank,0,13340,667.0,681.5,14.5,16.9,22.1,53.3,53.7,Move,YieldWait,field,route,moved,0,,behind titan_tank#2663,siege_tank(moving)@8.5 titan_tank(moving)@8.2 ifv(moving)@7.4 river_water@8
swamp,Siege,1,full,2621,siege_tank,0,13380,669.0,682.0,13.0,16.1,41.7,36.0,102.5,Move,BlockedByFriend,field,,moved,0,,main_battle_tank#2624 moving,main_battle_tank(moving)@6.1 main_battle_tank(moving)@4.7 titan_tank(moving)@6.1 titan_tank(moving)@3.4 aa_vehicle(moving)@6.8 river_water@10 river_water@8 river_water@8 river_water@7 river_water@4 river_water@5 river_water@8
swamp,Siege,1,full,2624,main_battle_tank,0,13450,672.5,687.5,15.0,16.3,47.2,0.8,22.9,Move,BlockedByFriend,field,,moved,0,,main_battle_tank#2615 moving,titan_tank(moving)@6.5 main_battle_tank(moving)@6.0 siege_tank(moving)@4.5 armored_bulldozer(moving)@7.6 titan_tank(moving)@8.4 titan_tank(moving)@9.0 aa_vehicle(moving)@9.7 river_water@9 river_water@8 river_water@10 river_water@8 river_water@5 river_water@4 river_water@6
swamp,Siege,1,full,2630,siege_tank,0,13460,673.0,682.5,9.5,27.3,56.0,3.3,26.2,Move,YieldWait,field,,moved,0,,behind armored_bulldozer#2626,titan_tank(moving)@9.4 main_battle_tank(moving)@6.6 armored_bulldozer(moving)@8.8 river_water@8 river_water@4 river_water@9 river_water@6 river_water@10 river_water@9
swamp,Siege,1,full,2645,titan_tank,0,13460,673.0,684.5,11.5,16.8,38.4,82.9,121.4,AttackMove,BlockedByFriend,field,,moved,0,,siege_tank#2621 moving,siege_tank(moving)@9.2 siege_tank(moving)@4.5 main_battle_tank(moving)@8.9 titan_tank(moving)@7.6 aa_vehicle(moving)@4.7 armored_bulldozer(moving)@7.6 titan_tank(moving)@5.4 river_water@9 river_water@9 river_water@8 river_water@5 river_water@5 river_water@7
swamp,Siege,1,full,2597,siege_tank,0,13530,676.5,711.5,35.0,16.0,28.9,107.2,36.7,Move,YieldWait,field,,moved,0,,behind titan_tank#2663,siege_tank(moving)@5.8 titan_tank(moving)@7.4 ifv(moving)@7.2 titan_tank(moving)@7.3 river_water@8 river_water@9 river_water@4 river_water@5 river_water@8
swamp,Siege,1,full,2613,titan_tank,0,13590,679.5,698.0,18.5,24.0,48.0,3.0,27.0,Move,BlockedByFriend,field,route,moved,0,,armored_bulldozer#2626 moving,siege_tank(moving)@7.7 main_battle_tank(moving)@7.7 armored_bulldozer(moving)@5.0 titan_tank(moving)@5.1 artillery(moving)@7.5 aa_vehicle(moving)@8.2 river_water@9 river_water@6 river_water@4 river_water@6 river_water@9 river_water@8 river_water@9
swamp,Siege,1,full,2662,armored_bulldozer,0,13600,680.0,696.5,16.5,24.0,34.8,79.6,117.8,AttackMove,YieldWait,field,route,moved,0,,behind aa_vehicle#2659,siege_tank(moving)@8.5 siege_tank(moving)@9.1 titan_tank(moving)@8.8 titan_tank(moving)@9.7 aa_vehicle(moving)@5.7 titan_tank(moving)@6.9 ifv(moving)@3.6 river_water@8 river_water@5 river_water@4 river_water@7 river_water@9 river_water@8 river_water@10
swamp,Siege,1,full,2621,siege_tank,0,13640,682.0,694.5,12.5,16.0,44.8,36.0,102.5,Move,YieldWait,field,,moved,0,,behind armored_bulldozer#2626,titan_tank(moving)@8.9 main_battle_tank(moving)@4.7 armored_bulldozer(moving)@7.2 titan_tank(moving)@6.6 titan_tank(moving)@3.2 aa_vehicle(moving)@6.7 titan_tank(moving)@8.4 river_water@9 river_water@8 river_water@9 river_water@10 river_water@6 river_water@4 river_water@5 river_water@8
swamp,Siege,1,full,2641,titan_tank,0,13640,682.0,696.0,14.0,22.5,43.7,83.8,122.3,AttackMove,BlockedByFriend,field,route,moved,0,,titan_tank#2613 moving,titan_tank(moving)@5.3 siege_tank(moving)@6.6 main_battle_tank(moving)@8.3 armored_bulldozer(moving)@6.7 titan_tank(moving)@6.3 aa_vehicle(moving)@4.1 armored_bulldozer(moving)@8.8 titan_tank(moving)@9.7 ifv(moving)@8.9 river_water@9 river_water@7 river_water@5 river_water@7 river_water@10 river_water@9
swamp,Siege,1,full,2645,titan_tank,0,13690,684.5,694.5,10.0,16.6,42.0,82.9,121.4,AttackMove,BlockedByFriend,field,,moved,0,,siege_tank#2621 moving,siege_tank(moving)@3.2 main_battle_tank(moving)@7.7 armored_bulldozer(moving)@9.7 titan_tank(moving)@5.8 aa_vehicle(moving)@4.0 armored_bulldozer(moving)@9.2 titan_tank(moving)@5.4 ifv(moving)@7.4 river_water@9 river_water@9 river_water@8 river_water@5 river_water@5 river_water@8
swamp,Siege,1,full,2630,siege_tank,0,13710,685.5,695.0,9.5,19.6,58.7,3.3,26.2,Move,YieldWait,field,,moved,0,,behind armored_bulldozer#2626,artillery(moving)@4.8 main_battle_tank(moving)@8.7 main_battle_tank(moving)@9.4 armored_bulldozer(moving)@7.5
swamp,Siege,1,full,2659,aa_vehicle,0,13720,686.0,699.5,13.5,20.1,40.4,73.7,109.9,AttackMove,BlockedByFriend,field,road+route,moved,0,,titan_tank#2641 moving,siege_tank(moving)@9.7 titan_tank(moving)@9.5 siege_tank(moving)@6.6 titan_tank(moving)@3.8 titan_tank(moving)@4.2 armored_bulldozer(moving)@4.9 titan_tank(moving)@4.8 ifv(moving)@5.9 river_water@9 river_water@8 river_water@9 river_water@9 river_water@8 river_water@9
swamp,Siege,1,full,2626,armored_bulldozer,0,13730,686.5,698.5,12.0,20.4,51.8,0.9,24.1,Move,BlockedByFriend,field,road+route,moved,0,,titan_tank#2613 moving,artillery(moving)@5.9 titan_tank(moving)@4.3 siege_tank(moving)@7.2 main_battle_tank(moving)@4.6 siege_tank(moving)@6.9 titan_tank(moving)@7.8 titan_tank(moving)@9.9 river_water@9 river_water@8 river_water@9 river_water@8
swamp,Siege,1,full,2624,main_battle_tank,0,13750,687.5,697.0,9.5,16.0,51.1,0.8,22.9,Move,BlockedByFriend,field,,moved,0,,armored_bulldozer#2626 moving,artillery(moving)@9.5 titan_tank(moving)@8.1 siege_tank(moving)@4.6 armored_bulldozer(moving)@4.4 siege_tank(moving)@7.8 titan_tank(moving)@8.8 titan_tank(moving)@9.4 river_water@9 river_water@8 river_water@8 river_water@5 river_water@4
swamp,Siege,1,full,2663,titan_tank,0,13790,689.5,702.5,13.0,16.0,36.9,66.8,94.6,AttackMove,YieldWait,field,,moved,0,,behind ifv#2668,siege_tank(moving)@5.8 titan_tank(moving)@9.9 titan_tank(moving)@5.7 aa_vehicle(moving)@6.3 armored_bulldozer(moving)@8.1 ifv(moving)@5.2 titan_tank(moving)@10.0 river_water@9 river_water@8 river_water@9 river_water@10 river_water@6 river_water@4 river_water@5 river_water@8
swamp,Siege,1,full,2668,ifv,0,13800,690.0,700.5,10.5,20.8,36.6,67.1,97.7,AttackMove,YieldWait,field,road+route,moved,0,,behind aa_vehicle#2659,siege_tank(moving)@8.1 siege_tank(moving)@6.7 titan_tank(moving)@8.8 titan_tank(moving)@7.5 aa_vehicle(moving)@5.0 armored_bulldozer(moving)@3.6 titan_tank(moving)@4.8 river_water@10 river_water@9 river_water@9 river_water@9 river_water@7 river_water@8
swamp,Siege,1,full,2579,siege_tank,0,13840,692.0,703.5,11.5,24.0,28.7,53.3,53.7,Move,BlockedByFriend,field,route,moved,0,,ifv#2653 moving,siege_tank(moving)@7.4 armored_bulldozer(moving)@4.8 ifv(moving)@5.1 ifv(moving)@9.5 titan_tank(moving)@7.0 river_water@4 river_water@5 river_water@8 river_water@8 river_water@9
swamp,Siege,1,full,2681,counter_battery_radar,1,13860,693.0,702.5,9.5,108.2,114.1,113.7,118.9,Move,BlockedByFriend,camp1,,moved,0,,elite_mbt#2690 parked,light_tank(parked)@5.9 elite_mbt(parked)@5.5 elite_heavy_tank(parked)@6.4
swamp,Siege,1,full,2675,titan_tank,0,13880,694.0,704.5,10.5,16.0,26.8,67.0,105.6,AttackMove,YieldWait,field,route,moved,0,,behind siege_tank#2579,siege_tank(moving)@7.8 siege_tank(moving)@5.4 armored_bulldozer(moving)@9.0 ifv(moving)@4.7 siege_tank(moving)@6.6 titan_tank(moving)@9.1 river_water@8 river_water@10 river_water@4 river_water@7
swamp,Siege,1,full,2645,titan_tank,0,13890,694.5,704.0,9.5,16.1,44.1,82.9,121.4,AttackMove,BlockedByFriend,field,,moved,0,,titan_tank#2641 moving,titan_tank(moving)@9.2 siege_tank(moving)@5.5 titan_tank(moving)@4.4 aa_vehicle(moving)@4.2 armored_bulldozer(moving)@8.0 titan_tank(moving)@9.8 ifv(moving)@7.1 river_water@9 river_water@8 river_water@9 river_water@9 river_water@6 river_water@4 river_water@6 river_water@9
swamp,Siege,1,full,2613,titan_tank,0,13960,698.0,709.5,11.5,23.9,52.7,3.0,27.0,Move,BlockedByFriend,field,route,moved,0,,titan_tank#2641 moving,siege_tank(moving)@7.2 armored_bulldozer(moving)@4.3 titan_tank(moving)@6.6 armored_bulldozer(moving)@6.9 river_water@10 river_water@6 river_water@4 river_water@9 river_water@8
swamp,Siege,1,full,2659,aa_vehicle,0,13990,699.5,708.5,9.0,18.6,42.6,73.7,109.9,AttackMove,BlockedByFriend,field,road,moved,0,,ifv#2668 moving,titan_tank(moving)@6.0 titan_tank(moving)@3.9 armored_bulldozer(moving)@6.5 titan_tank(moving)@5.5 ifv(moving)@2.8 river_water@9 river_water@7 river_water@7 river_water@8 river_water@10 river_water@9
swamp,Siege,1,full,2645,titan_tank,0,14080,704.0,714.5,10.5,16.0,45.6,82.9,121.4,AttackMove,YieldWait,field,,moved,0,,behind titan_tank#2641,titan_tank(moving)@9.7 titan_tank(moving)@8.9 aa_vehicle(moving)@4.5 armored_bulldozer(moving)@8.8 titan_tank(moving)@5.6 ifv(moving)@6.0 river_water@10 river_water@8 river_water@8 river_water@7 river_water@4 river_water@5 river_water@8
swamp,Siege,1,full,2684,artillery,0,14310,715.5,724.0,8.5,18.7,20.3,55.4,68.7,Move,BlockedByFriend,field,,moved,0,,aa_vehicle#2686 moving,armored_bulldozer(moving)@5.8 ifv(moving)@2.8 titan_tank(moving)@7.1 titan_tank(moving)@5.1 aa_vehicle(moving)@4.9
swamp,Siege,1,full,2597,siege_tank,0,14470,723.5,732.0,8.5,23.9,41.1,107.2,36.7,Move,YieldWait,field,route,moved,0,,behind siege_tank#2579,siege_tank(moving)@6.2 titan_tank(moving)@9.3 artillery(moving)@6.3 river_water@10 river_water@7 river_water@4 river_water@5 river_water@8 river_water@10 river_water@8 river_water@9
swamp,Siege,1,full,2677,titan_tank,0,14670,733.5,753.5,20.0,17.3,37.3,62.3,112.2,AttackMove,BlockedByFriend,field,,moved,0,,siege_tank#2597 moving,siege_tank(moving)@5.9 armored_bulldozer(moving)@8.6 armored_bulldozer(moving)@8.0 ifv(moving)@3.6 titan_tank(moving)@8.8 artillery(moving)@8.9 aa_vehicle(moving)@6.7 river_water@9 river_water@10 river_water@7 river_water@5 river_water@6 river_water@9
swamp,Siege,1,full,2597,siege_tank,0,14700,735.0,750.0,15.0,19.9,42.8,107.2,36.7,Move,BlockedByFriend,field,road,moved,0,,aa_vehicle#2686 moving,main_battle_tank(moving)@5.6 armored_bulldozer(moving)@5.1 ifv(moving)@7.1 titan_tank(moving)@6.7 artillery(moving)@5.2 aa_vehicle(moving)@3.8 river_water@8 river_water@8 river_water@9 river_water@9 river_water@8 river_water@10
swamp,Siege,1,full,2626,armored_bulldozer,0,14740,737.0,749.5,12.5,16.2,45.3,-7.4,26.5,Move,YieldWait,field,,moved,0,,behind siege_tank#2597,siege_tank(moving)@4.7 titan_tank(moving)@9.9 main_battle_tank(moving)@4.0 titan_tank(moving)@8.2 artillery(moving)@7.2 aa_vehicle(moving)@8.1 river_water@10 river_water@8 river_water@9 river_water@7 river_water@4 river_water@5 river_water@8
swamp,Siege,1,full,2643,armored_bulldozer,0,14770,738.5,748.0,9.5,22.3,31.7,22.3,21.0,AttackMove,BlockedByFriend,field,route,moved,0,,heavy_tank#2687 moving,ifv(moving)@6.6 titan_tank(moving)@6.1 titan_tank(moving)@7.9 heavy_tank(moving)@5.6 river_water@7 river_water@6 river_water@7 river_water@10
swamp,Siege,1,full,2675,titan_tank,0,14870,743.5,760.0,16.5,16.0,28.7,67.0,105.6,AttackMove,BlockedByFriend,field,,moved,0,,titan_tank#2677 moving,armored_bulldozer(moving)@7.5 titan_tank(moving)@6.6 aa_vehicle(moving)@8.0 heavy_tank(moving)@8.0 heavy_tank(moving)@9.5 river_water@8 river_water@9 river_water@4 river_water@5 river_water@8
swamp,Siege,1,full,2675,titan_tank,0,15270,763.5,773.5,10.0,17.5,34.2,67.0,105.6,AttackMove,YieldWait,field,,moved,0,,behind main_battle_tank#2624,titan_tank(moving)@5.3 main_battle_tank(moving)@7.1 river_water@10 river_water@10 river_water@8 river_water@6 river_water@6 river_water@8
swamp,Siege,2,obstacles,2566,siege_tank,0,1000,50.0,60.0,10.0,-72.0,-39.8,-67.0,-53.0,Move,YieldWait,field,,moved,0,,waiting on a yield,siege_tank(moving)@7.9 ifv(moving)@6.6 river_water@9 river_water@8 river_water@9 river_water@6 river_water@4 river_water@6
swamp,Siege,2,obstacles,2564,siege_tank,0,1160,58.0,66.5,8.5,-64.0,-36.4,-67.0,-53.0,Move,Unknown,field+gate,route+nopark,moved,0,,speed 0.0 strikes 2,siege_tank(moving)@7.3 river_water@9 river_water@5 river_water@9
swamp,Siege,2,obstacles,2588,mlrs,0,1390,69.5,80.0,10.5,-67.0,-52.9,-14.4,23.3,Move,YieldWait,field,,moved,0,,behind main_battle_tank#2569,main_battle_tank(moving)@7.2 armored_car(moving)@7.4 siege_tank(moving)@8.4 mlrs(moving)@4.1 scout_jeep(moving)@4.8 armored_car(moving)@7.5 artillery_wreck@8 wreck_tank@9
swamp,Siege,2,obstacles,2571,main_battle_tank,0,1530,76.5,85.5,9.0,15.6,22.3,17.2,42.5,AttackMove,BlockedByFriend,field,route,moved,0,,light_tank#2573 parked,light_tank(parked)@3.0 river_water@9 river_water@7
swamp,Siege,2,obstacles,2575,armored_car,0,1700,85.0,93.5,8.5,-67.5,-37.8,16.3,29.0,AttackMove,BlockedByFriend,field+gate,road+route+nopark,moved,0,,scout_jeep#2591 moving,siege_tank(moving)@5.9 siege_tank(moving)@4.8 siege_tank(moving)@5.6 mlrs(moving)@7.1 mlrs(moving)@5.9 scout_jeep(moving)@3.5 river_water@9 river_water@9 river_water@10 river_water@8
swamp,Siege,2,obstacles,2591,scout_jeep,0,1710,85.5,95.5,10.0,-64.4,-40.8,22.0,18.2,AttackMove,BlockedByFriend,field,route,moved,0,,siege_tank#2583 moving,siege_tank(moving)@9.8 siege_tank(moving)@7.8 armored_car(moving)@3.6 siege_tank(moving)@7.7 mlrs(moving)@4.9 mlrs(moving)@2.7 armored_car(moving)@8.9 river_water@5 river_water@5 river_water@9 river_water@8
swamp,Siege,2,obstacles,2564,siege_tank,0,1740,87.0,97.0,10.0,-69.9,-33.0,-67.0,-53.0,Move,YieldWait,field,road,moved,0,,behind armored_car#2575,siege_tank(moving)@5.4 armored_car(moving)@5.5 siege_tank(moving)@9.1 mlrs(moving)@9.6 scout_jeep(moving)@8.0 river_water@9 river_water@7
swamp,Siege,2,obstacles,2566,siege_tank,0,1850,92.5,101.5,9.0,-72.0,-37.6,-67.0,-53.0,Move,YieldWait,field,,moved,0,,behind mlrs#2587,siege_tank(moving)@6.3 ifv(moving)@7.0 armored_car(moving)@6.1 river_water@8 river_water@8 river_water@10 river_water@8 river_water@5 river_water@4
swamp,Siege,2,obstacles,2566,siege_tank,0,2030,101.5,111.0,9.5,-70.1,-36.9,-59.5,-35.1,Move,YieldWait,field,,moved,0,,behind ifv#2585,siege_tank(moving)@5.7 aa_vehicle(moving)@4.8 siege_tank(moving)@8.5 river_water@10 river_water@9 river_water@7 river_water@6
swamp,Siege,2,obstacles,2594,siege_tank,0,2070,103.5,125.5,22.0,-64.5,-43.1,-37.0,-23.0,Move,BlockedByFriend,field,route,moved,0,,aa_vehicle#2580 moving,siege_tank(moving)@6.6 aa_vehicle(moving)@5.8 aa_vehicle(moving)@5.9 light_tank(moving)@3.4 river_water@5 river_water@5 river_water@9 river_water@9
swamp,Siege,2,obstacles,2564,siege_tank,0,2110,105.5,115.5,10.0,-67.9,-30.7,-67.0,-53.0,Move,YieldWait,field+gate,road+nopark,moved,0,,behind siege_tank#2566,siege_tank(moving)@7.5 aa_vehicle(moving)@8.2 river_water@10
swamp,Siege,2,obstacles,2589,light_tank,0,2310,115.5,124.0,8.5,-70.1,-42.5,35.5,22.2,AttackMove,BlockedByFriend,field,,moved,0,,siege_tank#2566 moving,siege_tank(moving)@6.2 siege_tank(moving)@5.6 ifv(moving)@4.0 mlrs(moving)@8.8 river_water@6 river_water@6 river_water@9
swamp,Siege,2,obstacles,2564,siege_tank,0,2360,118.0,126.5,8.5,-70.3,-32.2,-67.0,-53.0,Move,YieldWait,field,,moved,0,,behind siege_tank#2566,siege_tank(moving)@6.4 light_tank(moving)@8.7 river_water@10 river_water@10 river_water@7
swamp,Siege,2,obstacles,2564,siege_tank,0,2560,128.0,139.5,11.5,-69.8,-35.0,-58.6,-35.2,Move,BlockedByFriend,field,road,moved,0,,light_tank#2595 moving,light_tank(moving)@3.6 siege_tank(moving)@6.7 light_tank(moving)@4.3 ifv(moving)@5.8 scout_jeep(moving)@9.6 mlrs(moving)@6.8 river_water@8 river_water@6
swamp,Siege,2,obstacles,2589,light_tank,0,2630,131.5,141.5,10.0,-70.8,-39.6,-69.8,-30.9,AttackMove,BlockedByFriend,field,,moved,0,,light_tank#2595 moving,siege_tank(moving)@5.4 main_battle_tank(moving)@2.9 light_tank(moving)@3.2 scout_jeep(moving)@5.5 mlrs(moving)@6.8 armored_car(moving)@8.3 armored_car(moving)@7.2 river_water@9 river_water@10 river_water@7 river_water@5 river_water@6
swamp,Siege,2,obstacles,2564,siege_tank,0,2960,148.0,163.0,15.0,-60.4,-35.9,-67.0,-53.0,Move,YieldWait,field+gate,route+nopark,moved,0,,behind main_battle_tank#2590,light_tank(moving)@8.5 main_battle_tank(moving)@4.3 light_tank(moving)@6.2 ifv(moving)@9.3 scout_jeep(moving)@7.8 armored_car(moving)@6.3 armored_car(moving)@6.6 armored_car(moving)@8.7 light_tank(moving)@4.3 river_water@8 river_water@4 river_water@9 river_water@6 river_water@9 river_water@8
swamp,Siege,2,obstacles,2602,armored_car,0,3280,164.0,173.5,9.5,-55.4,-30.2,23.9,77.6,AttackMove,GateWait,field,,moved,0,,doorway 0,siege_tank(moving)@7.0 main_battle_tank(moving)@8.5 armored_car(moving)@3.4 light_tank(moving)@3.5 ifv(moving)@8.3 river_water@10 river_water@7 river_water@9 river_water@8 river_water@8
swamp,Siege,2,obstacles,2568,siege_tank,0,3300,165.0,177.0,12.0,-63.7,-48.0,-57.0,-35.0,Move,OffRoute,field,,moved,0,,to (-65.0;-35.0) past river_water,siege_tank(moving)@7.8 scout_jeep(parked)@3.8 river_water@5 river_water@9 river_water@9
swamp,Siege,2,obstacles,2564,siege_tank,0,3770,188.5,199.5,11.0,-64.6,-32.4,-43.0,-23.0,Move,YieldWait,field+gate,route+nopark,moved,0,,waiting on a yield,siege_tank(moving)@8.3 siege_tank(moving)@5.7 main_battle_tank(moving)@8.9 siege_tank(moving)@8.0 scout_jeep(moving)@7.1 river_water@9
swamp,Siege,2,obstacles,2566,siege_tank,0,3850,192.5,213.0,20.5,-56.1,-34.7,-67.0,-53.0,Move,BlockedByFriend,field,,moved,0,,siege_tank#2583 moving,siege_tank(moving)@8.5 siege_tank(moving)@8.5 siege_tank(moving)@7.3 river_water@7 river_water@9 river_water@5 river_water@7 river_water@4 river_water@10 river_water@8 river_water@8
swamp,Siege,2,obstacles,2564,siege_tank,0,3990,199.5,210.0,10.5,-63.1,-30.1,-43.0,-23.0,Move,BlockedByFriend,field+gate,route+narrow+nopark,moved,0,,siege_tank#2568 moving,siege_tank(moving)@8.3 siege_tank(moving)@5.8 main_battle_tank(moving)@3.8 siege_tank(parked)@7.9 light_tank(moving)@5.8
swamp,Siege,2,obstacles,2568,siege_tank,0,4230,211.5,223.0,11.5,-69.9,-31.0,-57.0,-35.0,Move,GateWait,field,road,moved,0,,doorway 0,main_battle_tank(moving)@5.8 light_tank(moving)@9.2 aa_vehicle(moving)@9.0 siege_tank(moving)@9.9 scout_jeep(parked)@6.0 river_water@8
swamp,Siege,2,obstacles,2564,siege_tank,0,4240,212.0,220.5,8.5,-58.3,-35.6,-43.0,-23.0,Move,BlockedByFriend,field+gate,nopark,moved,0,,scout_jeep#2603 moving,siege_tank(moving)@6.3 main_battle_tank(moving)@7.6 scout_jeep(moving)@4.1 light_tank(moving)@9.3 aa_vehicle(moving)@3.3 river_water@9 river_water@5 river_water@9 river_water@5 river_water@8 river_water@6
swamp,Siege,2,obstacles,2605,light_tank,0,4270,213.5,223.5,10.0,-67.3,-39.5,51.4,59.8,AttackMove,BlockedByFriend,field+gate,road+route+nopark,moved,0,,main_battle_tank#2571 moving,siege_tank(moving)@8.5 main_battle_tank(moving)@3.6 aa_vehicle(moving)@9.6 siege_tank(moving)@5.3 scout_jeep(parked)@4.3 river_water@10 river_water@9 river_water@9 river_water@9 river_water@7
swamp,Siege,2,obstacles,2568,siege_tank,0,4460,223.0,232.5,9.5,-68.9,-30.4,-57.0,-35.0,Move,YieldWait,field,road,moved,0,,behind siege_tank#2566,siege_tank(moving)@6.8 main_battle_tank(moving)@9.6 scout_jeep(moving)@5.4 river_water@9 stilt_hut@9
swamp,Siege,2,obstacles,2599,main_battle_tank,0,4630,231.5,242.0,10.5,-70.8,-41.4,-68.0,-52.1,AttackMove,GateWait,field,,moved,0,,doorway 0,siege_tank(moving)@5.5 main_battle_tank(moving)@6.2 ifv(moving)@8.7 ifv(moving)@5.0 armored_car(moving)@3.4 light_tank(moving)@6.1 river_water@10 river_water@9 river_water@6 river_water@5 river_water@8
swamp,Siege,2,obstacles,2566,siege_tank,0,4770,238.5,266.5,28.0,-71.6,-34.3,-67.0,-53.0,Move,BlockedByFriend,field,,moved,0,,main_battle_tank#2571 moving,main_battle_tank(moving)@3.9 armored_car(moving)@6.0 light_tank(moving)@6.1 armored_car(moving)@6.9 ifv(moving)@9.0 river_water@9 river_water@9 river_water@7 river_water@5
swamp,Siege,2,obstacles,2571,main_battle_tank,0,4980,249.0,269.5,20.5,-71.0,-30.3,-65.0,-43.0,Move,BlockedByFriend,field,,moved,0,,siege_tank#2566 moving,siege_tank(moving)@3.8 siege_tank(moving)@5.8 main_battle_tank(moving)@7.2 armored_car(moving)@8.0 river_water@9 river_water@8 stilt_hut@9
swamp,Siege,2,obstacles,2614,aa_vehicle,0,5040,252.0,260.5,8.5,-64.7,-43.1,52.4,52.1,AttackMove,BlockedByFriend,field,route,moved,0,,light_tank#2617 moving,siege_tank(moving)@9.8 siege_tank(moving)@8.9 light_tank(moving)@8.7 main_battle_tank(moving)@6.0 light_tank(moving)@5.5 ifv(moving)@6.2 armored_car(moving)@7.1 ifv(moving)@4.3 river_water@5 river_water@6 river_water@9 river_water@9
swamp,Siege,2,obstacles,2568,siege_tank,0,5110,255.5,268.0,12.5,-66.2,-30.0,-84.7,-54.7,Move,YieldWait,field+gate,road+nopark,moved,0,,behind armored_car#2625,siege_tank(moving)@7.8 main_battle_tank(moving)@4.4 siege_tank(moving)@6.8 siege_tank(moving)@8.8 light_tank(moving)@6.8 armored_car(moving)@5.9
swamp,Siege,2,obstacles,2613,main_battle_tank,0,5230,261.5,272.0,10.5,-70.3,-41.5,49.1,67.6,AttackMove,YieldWait,field,,moved,0,,behind siege_tank#2566,siege_tank(moving)@5.3 main_battle_tank(moving)@7.2 light_tank(moving)@4.3 aa_vehicle(moving)@9.8 ifv(moving)@6.9 river_water@10 river_water@6 river_water@6 river_water@8
swamp,Siege,2,obstacles,2640,aa_vehicle,0,6280,314.0,322.5,8.5,-54.3,-28.5,52.4,56.7,AttackMove,GateWait,field,route,moved,0,,doorway 0,siege_tank(moving)@6.9 siege_tank(moving)@4.9 aa_vehicle(moving)@8.6 ifv(moving)@4.2 main_battle_tank(moving)@8.8 scout_jeep(moving)@3.6 aa_vehicle(moving)@4.7 river_water@8 river_water@10 river_water@7 river_water@6
swamp,Siege,2,obstacles,2639,scout_jeep,0,6320,316.0,333.0,17.0,-52.4,-30.9,49.0,53.0,AttackMove,YieldWait,field,,moved,0,,behind aa_vehicle#2640,siege_tank(moving)@7.6 ifv(moving)@2.8 main_battle_tank(moving)@7.1 aa_vehicle(moving)@3.5 aa_vehicle(moving)@6.2 river_water@10 river_water@9 river_water@5 river_water@7 river_water@5 river_water@5 river_water@10 river_water@8 river_water@9
swamp,Siege,2,obstacles,2630,ifv,0,6450,322.5,331.5,9.0,-55.9,-29.7,49.0,61.0,AttackMove,GateWait,field,route,moved,0,,doorway 0,siege_tank(moving)@7.5 siege_tank(moving)@6.5 aa_vehicle(moving)@9.3 main_battle_tank(moving)@5.6 main_battle_tank(moving)@9.0 armored_car(moving)@8.8 scout_jeep(moving)@2.7 aa_vehicle(moving)@6.1 aa_vehicle(moving)@3.3 river_water@7 river_water@8 river_water@8
swamp,Siege,2,obstacles,2568,siege_tank,0,6720,336.0,345.0,9.0,-53.0,-31.4,-50.2,-17.8,Move,BlockedByFriend,field,,moved,0,,scout_jeep#2639 moving,ifv(moving)@6.5 main_battle_tank(moving)@7.0 armored_car(moving)@5.0 scout_jeep(moving)@5.0 light_tank(moving)@7.2 river_water@9 river_water@9 river_water@5 river_water@10 river_water@7 river_water@5 river_water@6 river_water@9 river_water@10
swamp,Siege,2,obstacles,2628,twin_tank,1,6730,336.5,351.5,15.0,28.0,80.0,119.0,115.0,AttackMove,OffRoute,field,,moved,0,,to (23.0;97.0) past river_water,command_vehicle(moving)@7.2 bmpt(moving)@4.6 rocket_technical(parked)@2.9 rocket_technical(parked)@7.4 river_water@4 river_water@8 river_water@6 river_water@4
swamp,Siege,2,obstacles,2639,scout_jeep,0,6970,348.5,357.0,8.5,-54.6,-29.9,49.0,53.0,AttackMove,BlockedByFriend,field,route,moved,0,,aa_vehicle#2645 moving,siege_tank(moving)@4.2 aa_vehicle(moving)@6.3 aa_vehicle(moving)@2.5 armored_car(moving)@8.7 aa_vehicle(moving)@4.8 river_water@7 river_water@9 river_water@7 river_water@7
swamp,Siege,2,obstacles,2635,main_battle_tank,0,7100,355.0,366.5,11.5,-58.2,-17.5,51.0,23.0,AttackMove,YieldWait,field+gate,nopark,moved,0,,behind siege_tank#2566,siege_tank(moving)@8.0 siege_tank(moving)@8.1 aa_vehicle(moving)@3.8 aa_vehicle(moving)@6.2 armored_car(moving)@5.1 aa_vehicle(moving)@9.7 river_water@10 river_water@8
swamp,Siege,2,obstacles,2583,siege_tank,0,7120,356.0,364.5,8.5,-45.1,-20.4,-64.7,-47.4,Move,OffRoute,field,road+route,moved,0,,to (-57.0;-27.0) past river_water,siege_tank(moving)@6.8 main_battle_tank(moving)@3.5 armored_car(moving)@9.7 river_water@8 river_water@9 river_water@8 river_water@8 river_water@9 river_water@10
swamp,Siege,2,obstacles,2613,main_battle_tank,0,7130,356.5,372.5,16.0,-44.3,-24.0,-54.7,-27.2,Move,YieldWait,field,route,moved,0,,behind siege_tank#2583,siege_tank(moving)@8.1 siege_tank(moving)@9.2 siege_tank(moving)@3.3 river_water@9 river_water@6 river_water@8 river_water@4 river_water@9 river_water@6 river_water@9
swamp,Siege,2,obstacles,2564,siege_tank,0,7250,362.5,373.5,11.0,-51.3,-21.7,-81.0,-49.0,Move,YieldWait,field,road+route,moved,0,,waiting on a yield,siege_tank(moving)@9.8 siege_tank(moving)@6.7 siege_tank(moving)@8.2 main_battle_tank(moving)@6.2 main_battle_tank(moving)@9.0 scout_jeep(moving)@8.2 aa_vehicle(moving)@5.7 armored_car(moving)@5.0 aa_vehicle(moving)@3.6 scout_jeep(moving)@8.4 river_water@10 river_water@7 river_water@10
swamp,Siege,2,obstacles,2594,siege_tank,0,7380,369.0,382.0,13.0,-57.2,-34.8,-57.6,-21.9,Move,BlockedByFriend,field,,moved,0,,light_tank#2651 moving,siege_tank(moving)@7.8 siege_tank(moving)@7.8 scout_jeep(parked)@6.4 light_tank(moving)@6.5 mlrs(moving)@9.9 scout_jeep(moving)@8.9 river_water@10 river_water@6 river_water@9 river_water@5 river_water@7 river_water@5 river_water@9 river_water@10
swamp,Siege,2,obstacles,2566,siege_tank,0,7420,371.0,383.0,12.0,-59.9,-29.0,-71.4,-37.8,Move,BlockedByFriend,field+gate,route+nopark,moved,0,,light_tank#2651 moving,siege_tank(moving)@6.7 siege_tank(moving)@7.4 siege_tank(moving)@7.8 main_battle_tank(moving)@6.8 scout_jeep(moving)@5.5 light_tank(moving)@3.9 mlrs(moving)@9.1
swamp,Siege,2,obstacles,2652,ifv,0,7460,373.0,382.5,9.5,-57.0,-19.4,57.1,48.0,AttackMove,YieldWait,field+gate,nopark,moved,0,,behind main_battle_tank#2635,siege_tank(moving)@5.0 siege_tank(moving)@8.5 siege_tank(moving)@8.6 main_battle_tank(moving)@6.9 main_battle_tank(moving)@3.4 aa_vehicle(moving)@4.8 aa_vehicle(moving)@9.5 river_water@9
swamp,Siege,2,obstacles,2639,scout_jeep,0,7600,380.0,392.0,12.0,-52.3,-31.5,49.0,53.0,AttackMove,BlockedByFriend,field,,moved,0,,siege_tank#2594 moving,siege_tank(moving)@9.8 siege_tank(moving)@6.5 siege_tank(moving)@2.9 mlrs(moving)@7.7 river_water@9 river_water@8 river_water@4 river_water@10 river_water@6 river_water@4 river_water@6 river_water@9 river_water@8 river_water@9
swamp,Siege,2,obstacles,2598,fpv_carrier,1,7700,385.0,395.5,10.5,21.5,98.7,36.8,101.9,Move,YieldWait,field,road,moved,0,,waiting on a yield,command_vehicle(moving)@4.3 heavy_rocket_artillery(parked)@8.6 sapper(moving)@8.6 twin_tank(moving)@9.4 smoke_carrier(parked)@6.3 river_water@9
swamp,Siege,2,obstacles,2650,light_tank,0,7730,386.5,397.0,10.5,-64.2,-30.0,106.1,27.9,AttackMove,OffRoute,field+gate,route+nopark,moved,0,,to (-53.0;-23.0) past stilt_hut,siege_tank(moving)@7.2 scout_jeep(moving)@8.7 light_tank(moving)@6.9 ifv(parked)@7.1 scout_jeep(moving)@8.6 armored_car(moving)@2.8 scout_jeep(moving)@5.8 ifv(moving)@3.1 mlrs(moving)@7.0
swamp,Siege,2,obstacles,2659,scout_jeep,0,7990,399.5,409.0,9.5,-52.0,-25.4,55.5,53.1,AttackMove,OffRoute,field,route,moved,0,,to (-47.0;-17.0) past river_water,siege_tank(moving)@5.4 light_tank(moving)@3.4 light_tank(moving)@6.6 scout_jeep(moving)@8.8 ifv(moving)@2.6 main_battle_tank(moving)@6.1 ifv(moving)@5.6 armored_car(moving)@8.8 river_water@8 river_water@5 river_water@8
swamp,Siege,2,obstacles,2566,siege_tank,0,8190,409.5,421.0,11.5,-57.0,-35.3,-71.4,-37.8,Move,OffRoute,field,,moved,0,,to (-71.4;-37.8) past river_water,ifv(moving)@9.8 main_battle_tank(moving)@5.9 mlrs(moving)@7.3 ifv(moving)@9.5 river_water@9 river_water@6 river_water@9 river_water@5 river_water@7 river_water@5 river_water@9 river_water@10
swamp,Siege,2,obstacles,2655,main_battle_tank,0,8210,410.5,425.0,14.5,-63.1,-35.1,115.0,43.0,AttackMove,YieldWait,field+gate,route+narrow+nopark,moved,0,,behind siege_tank#2566,siege_tank(moving)@5.8 siege_tank(moving)@9.5 mlrs(moving)@7.1 main_battle_tank(moving)@5.7 ifv(moving)@3.2 light_tank(moving)@8.8 river_water@9 river_water@6 river_water@9
swamp,Siege,2,obstacles,2654,ifv,0,8370,418.5,436.5,18.0,-52.3,-26.0,49.0,49.0,AttackMove,BlockedByFriend,field,route,moved,0,,ifv#2664 moving,siege_tank(moving)@6.0 siege_tank(moving)@8.4 siege_tank(moving)@9.6 mlrs(moving)@5.3 main_battle_tank(moving)@6.3 ifv(moving)@3.4 light_tank(moving)@10.0 river_water@7 river_water@5 river_water@9
swamp,Siege,2,obstacles,2594,siege_tank,0,8530,426.5,435.5,9.0,-57.2,-17.6,-53.0,-31.0,Move,BlockedByFriend,field+gate,nopark,moved,0,,ifv#2664 moving,ifv(moving)@9.2 main_battle_tank(moving)@3.8 ifv(moving)@5.3 light_tank(moving)@9.9 river_water@10 river_water@8
swamp,Siege,2,obstacles,2655,main_battle_tank,0,8910,445.5,454.5,9.0,-49.5,-16.7,115.0,43.0,AttackMove,YieldWait,field,,moved,0,,waiting on a yield,siege_tank(moving)@6.5 siege_tank(moving)@7.5 river_water@5 river_water@9 river_water@5 river_water@9 river_water@7
swamp,Siege,2,obstacles,2628,twin_tank,1,11370,568.5,580.5,12.0,97.3,86.0,39.7,17.2,AttackMove,OffRoute,camp1+gate,narrow+nopark,moved,0,,to (99.0;77.0) past aa_turret(defence),aa_turret(fixed)@5.2 mine_layer(parked)@6.5 base_wall@9 base_wall@6
swamp,Siege,2,obstacles,2566,siege_tank,0,12460,623.0,632.5,9.5,-13.5,-35.6,-23.0,-47.0,Move,BlockedByFriend,field,,gave up,0,,aa_vehicle#2725 moving,siege_tank(moving)@6.8 main_battle_tank(moving)@6.8 aa_vehicle(moving)@5.4 aa_vehicle(moving)@3.3 mlrs(moving)@9.1 armored_car(moving)@9.2 river_water@9 river_water@5 river_water@7
swamp,Siege,2,obstacles,2564,siege_tank,0,12620,631.0,642.0,11.0,-24.0,-29.8,-35.0,-57.0,Move,YieldWait,field,,moved,0,,behind mlrs#2732,siege_tank(moving)@5.7 mlrs(moving)@7.4 armored_car(moving)@8.4 river_water@8 river_water@8 river_water@7 river_water@5 river_water@4 river_water@6
swamp,Siege,2,obstacles,2745,armored_car,0,13100,655.0,664.5,9.5,-16.4,-39.1,74.0,28.6,AttackMove,YieldWait,field,route,moved,0,,behind siege_tank#2594,siege_tank(moving)@8.2 scout_jeep(moving)@3.9 ifv(moving)@9.9 ifv(moving)@6.8 armored_car(moving)@5.8 light_tank(moving)@9.0 main_battle_tank(moving)@4.1 river_water@10 river_water@7 river_water@4 river_water@10 river_water@8
swamp,Siege,2,obstacles,2734,armored_car,0,13110,655.5,668.0,12.5,-23.1,-28.0,71.0,45.0,AttackMove,OffRoute,field,,moved,0,,to (17.0;15.0) past river_water,siege_tank(moving)@8.3 scout_jeep(moving)@9.1 ifv(moving)@4.0 mlrs(moving)@9.2 ifv(moving)@6.6 armored_car(moving)@8.2 river_water@10 river_water@9 river_water@9 river_water@6 river_water@5 river_water@4
swamp,Siege,2,obstacles,2594,siege_tank,0,13740,687.0,698.5,11.5,-12.0,-35.7,-43.0,-65.0,Move,BlockedByFriend,field,,moved,0,,mlrs#2754 moving,siege_tank(moving)@8.8 main_battle_tank(moving)@5.7 mlrs(moving)@5.9 scout_jeep(moving)@4.7 scout_jeep(moving)@6.9 armored_car(moving)@9.1 river_water@8 river_water@4 river_water@9 river_water@6 river_water@9
swamp,Siege,2,obstacles,2564,siege_tank,0,13760,688.0,697.5,9.5,-23.8,-40.8,-35.0,-57.0,Move,YieldWait,field,,moved,0,,behind armored_car#2764,siege_tank(moving)@9.6 main_battle_tank(moving)@8.0 scout_jeep(moving)@7.5 scout_jeep(moving)@7.0 armored_car(moving)@4.9 river_water@9 river_water@8 river_water@10 river_water@8 river_water@5 river_water@4 river_water@6 river_water@10
swamp,Siege,2,obstacles,2772,main_battle_tank,0,14960,748.0,759.5,11.5,-20.7,-58.7,76.9,48.3,AttackMove,YieldWait,field,route,moved,0,,behind siege_tank#2594,siege_tank(moving)@7.7 light_tank(moving)@3.9 scout_jeep(moving)@8.5 aa_vehicle(moving)@3.4 river_water@10
swamp,Siege,2,obstacles,2564,siege_tank,0,15740,787.0,798.0,11.0,-10.6,-34.9,-22.6,-43.0,Move,BlockedByFriend,field,,moved,0,,siege_tank#2694 parked,siege_tank(parked)@7.0 ifv(moving)@9.3 light_tank(moving)@4.6 ifv(moving)@6.8 river_water@9 river_water@5 river_water@9 river_water@6 river_water@8
swamp,Siege,2,obstacles,2794,main_battle_tank,0,16370,818.5,831.5,13.0,-75.6,-87.9,-93.6,-92.8,Move,BlockedByFriend,field,route,moved,0,,armored_car#2799 moving,dragons_teeth(fixed)@7.5 main_battle_tank(moving)@5.3 armored_car(moving)@4.0 aa_vehicle(moving)@5.3
coralisles,Siege,1,obstacles,2551,siege_tank,0,3090,154.5,166.0,11.5,17.6,43.4,3.2,68.3,Move,YieldWait,field,,moved,0,,behind siege_tank#2567,siege_tank(moving)@5.7 titan_tank(moving)@5.0 river_water@10 river_water@7 river_water@6 river_water@7
coralisles,Siege,1,obstacles,2583,armored_bulldozer,0,3250,162.5,172.5,10.0,-90.1,-83.7,-93.0,-93.0,Move,BlockedByFriend,camp0,,moved,0,,heavy_tank#2587 parked,dragons_teeth(fixed)@8.1 armored_bulldozer(moving)@8.6 titan_tank(moving)@5.9 ifv(moving)@7.7 heavy_tank(parked)@5.6 heavy_tank(moving)@5.7
coralisles,Siege,1,obstacles,2595,siege_tank,0,4130,206.5,215.0,8.5,-88.3,-76.4,1.0,31.0,Move,BlockedByFriend,field,,moved,0,,aa_vehicle#2596 moving,dragons_teeth(fixed)@7.4 dragons_teeth(fixed)@9.8 aa_vehicle(moving)@4.9
coralisles,Siege,1,obstacles,2567,siege_tank,0,4980,249.0,258.5,9.5,18.9,44.4,23.3,25.0,Move,Unknown,field,road+route,moved,0,,speed 1.3 strikes 0,main_battle_tank(moving)@4.9 heavy_tank(moving)@9.9 armored_bulldozer(moving)@5.0 river_water@8 river_water@7 river_water@8 river_water@9 river_water@10
coralisles,Siege,1,obstacles,2588,heavy_tank,0,5100,255.0,268.5,13.5,12.7,36.0,45.1,46.4,AttackMove,YieldWait,field,route,moved,0,,behind armored_bulldozer#2590,siege_tank(parked)@8.4 armored_bulldozer(moving)@7.0 main_battle_tank(moving)@4.4 aa_vehicle(moving)@7.8 river_water@9 river_water@10 river_water@6 river_water@9 river_water@4 river_water@8
coralisles,Siege,1,obstacles,2567,siege_tank,0,5300,265.0,290.0,25.0,18.4,44.7,23.3,25.0,Move,BlockedByFriend,field,road+route,moved,0,,artillery#2598 moving,heavy_tank(moving)@9.0 main_battle_tank(moving)@7.4 aa_vehicle(moving)@5.5 artillery(moving)@5.5 river_water@8 river_water@6 river_water@7 river_water@10
coralisles,Siege,1,obstacles,2593,main_battle_tank,0,5710,285.5,296.0,10.5,42.5,64.0,44.6,46.9,AttackMove,BlockedByFriend,field,,moved,0,,artillery#2598 parked,siege_tank(moving)@4.0 heavy_tank(moving)@4.1 artillery(moving)@8.8 artillery(parked)@7.2 river_water@8 river_water@8 river_water@5
coralisles,Siege,1,obstacles,2613,armored_bulldozer,0,6490,324.5,333.0,8.5,-92.7,-90.1,77.7,81.9,AttackMove,YieldWait,camp0,,moved,0,,waiting on a yield,gun_pit(fixed)@6.6 titan_tank(moving)@7.1 titan_tank(moving)@4.5 armored_bulldozer(moving)@9.7 armored_bulldozer(moving)@6.7
coralisles,Siege,2,light,2541,scout_jeep,1,950,47.5,57.5,10.0,128.4,115.5,121.7,107.5,Idle,BlockedByObstacle,camp1+gate,nopark,moved,0,,command_hq,aa_turret(fixed)@5.5 scout_jeep(moving)@6.2 base_wall@7 base_wall@7
coralisles,Siege,2,light,2615,aa_vehicle,0,4660,233.0,241.5,8.5,3.1,-2.0,79.9,33.8,AttackMove,BlockedByFriend,field,,moved,0,,siege_tank#2554 moving,siege_tank(moving)@8.8 siege_tank(moving)@2.9 ifv(moving)@9.1 aa_vehicle(moving)@8.0 scout_jeep(moving)@6.9 sandbags@5
coralisles,Siege,2,light,2647,aa_vehicle,0,5840,292.0,301.0,9.0,-2.4,-2.8,59.5,80.6,AttackMove,GateWait,field,route,moved,0,,doorway 0,siege_tank(moving)@7.4 siege_tank(moving)@6.4 siege_tank(moving)@7.6 siege_tank(moving)@6.6 aa_vehicle(moving)@5.0 light_tank(moving)@7.5 aa_vehicle(moving)@8.6 light_tank(moving)@3.0 armored_car(moving)@9.3 sandbags@9
coralisles,Siege,2,light,2642,aa_vehicle,0,6180,309.0,317.5,8.5,-7.0,-2.3,63.0,71.0,AttackMove,BlockedByFriend,field,route,moved,0,,scout_jeep#2649 moving,siege_tank(moving)@7.8 siege_tank(moving)@6.7 light_tank(moving)@6.1 aa_vehicle(moving)@3.5 scout_jeep(moving)@2.7 ifv(moving)@6.9 scout_jeep(moving)@3.2 armored_car(moving)@6.2 sandbags@6
coralisles,Siege,2,light,2627,light_tank,0,6860,343.0,353.0,10.0,-4.0,4.1,-6.3,-7.5,Move,OffRoute,field,,moved,0,,to (-5.0;-5.0) past sandbags,siege_tank(moving)@3.2 siege_tank(moving)@4.6 siege_tank(moving)@7.7 ifv(moving)@6.9 armored_car(moving)@8.6 sandbags@4
coralisles,Siege,2,light,2539,siege_tank,0,6870,343.5,355.0,11.5,-3.7,1.3,3.9,14.8,Move,YieldWait,field,route,moved,0,,behind siege_tank#2554,siege_tank(moving)@5.8 light_tank(moving)@3.1 ifv(moving)@4.2 ifv(moving)@9.1 main_battle_tank(moving)@8.0 armored_car(moving)@7.2 sandbags@5
coralisles,Siege,2,light,2716,counter_battery_radar,1,9580,479.0,492.5,13.5,96.2,104.5,103.4,123.1,Move,BlockedByFriend,camp1,route,moved,0,,command_vehicle#2710 moving,heavy_turret(fixed)@8.0 command_vehicle(moving)@4.1 rocket_technical(moving)@5.2 shahed_truck(moving)@9.2
coralisles,Siege,2,light,2729,siege_tank,0,12690,634.5,652.0,17.5,-2.4,6.6,-26.3,-17.0,Move,YieldWait,field,,moved,0,,behind armored_car#2760,main_battle_tank(moving)@8.6 armored_car(moving)@8.9 aa_vehicle(moving)@6.7 light_tank(moving)@5.0 sandbags@6
