argus	ok	phase=1 begins=1 maxLive=1 cap=2 firstSeen=18.0 brokeAt=21 newAfterBreak=0
armored_train	ok	phase=1 begins=1 maxLive=0 cap=0 firstSeen=- brokeAt=- newAfterBreak=0
bastion_aa	ok	phase=1 begins=1 maxLive=0 cap=0 firstSeen=- brokeAt=- newAfterBreak=0
bastion_mk0	ok	phase=1 begins=1 maxLive=1 cap=2 firstSeen=23.0 brokeAt=26 newAfterBreak=0
behemoth	ok	phase=1 begins=1 maxLive=1 cap=2 firstSeen=28.0 brokeAt=31 newAfterBreak=0
behemoth_inferno	ok	phase=1 begins=1 maxLive=0 cap=0 firstSeen=- brokeAt=- newAfterBreak=0
behemoth_mk0	ok	phase=1 begins=1 maxLive=0 cap=0 firstSeen=- brokeAt=- newAfterBreak=0
behemoth_mk2	ok	phase=1 begins=1 maxLive=0 cap=0 firstSeen=- brokeAt=- newAfterBreak=0
behemoth_tempest	ok	phase=1 begins=1 maxLive=0 cap=0 firstSeen=- brokeAt=- newAfterBreak=0
coeus	ok	phase=1 begins=0 maxLive=1 cap=1 firstSeen=20.0 brokeAt=23 newAfterBreak=0
command_airship	ok	phase=1 begins=1 maxLive=2 cap=4 firstSeen=14.0 brokeAt=17 newAfterBreak=0
daedalus	ok	phase=1 begins=0 maxLive=1 cap=4 firstSeen=31.0 brokeAt=34 newAfterBreak=0
daedalus_assault	ok	phase=1 begins=0 maxLive=1 cap=1 firstSeen=36.0 brokeAt=39 newAfterBreak=0
drone_mothership	ok	phase=1 begins=1 maxLive=2 cap=6 firstSeen=10.0 brokeAt=13 newAfterBreak=0
earth_borer	ok	phase=1 begins=1 maxLive=0 cap=0 firstSeen=- brokeAt=- newAfterBreak=0
fenrir	ok	phase=1 begins=1 maxLive=1 cap=1 firstSeen=28.0 brokeAt=31 newAfterBreak=0
fortress_bastion	ok	phase=1 begins=1 maxLive=1 cap=3 firstSeen=23.0 brokeAt=26 newAfterBreak=0
hydra	ok	phase=1 begins=1 maxLive=0 cap=0 firstSeen=- brokeAt=- newAfterBreak=0
hyperion	ok	phase=1 begins=0 maxLive=1 cap=2 firstSeen=24.0 brokeAt=27 newAfterBreak=0
icarus_interceptor	ok	phase=1 begins=0 maxLive=1 cap=1 firstSeen=31.0 brokeAt=34 newAfterBreak=0
icarus_mk0	ok	phase=1 begins=0 maxLive=1 cap=1 firstSeen=26.0 brokeAt=29 newAfterBreak=0
ixion	ok	phase=1 begins=1 maxLive=1 cap=2 firstSeen=33.0 brokeAt=36 newAfterBreak=0
jotunn_artillery	ok	phase=1 begins=1 maxLive=0 cap=0 firstSeen=- brokeAt=- newAfterBreak=0
kraken	ok	phase=1 begins=1 maxLive=2 cap=4 firstSeen=12.0 brokeAt=15 newAfterBreak=0
landing_hovercraft	ok	phase=1 begins=1 maxLive=0 cap=0 firstSeen=- brokeAt=- newAfterBreak=0
leviathan	ok	phase=1 begins=1 maxLive=0 cap=0 firstSeen=- brokeAt=- newAfterBreak=0
locust	ok	phase=1 begins=1 maxLive=1 cap=2 firstSeen=15.0 brokeAt=18 newAfterBreak=0
matriarch_flak	ok	phase=1 begins=1 maxLive=1 cap=2 firstSeen=12.0 brokeAt=15 newAfterBreak=0
mega_gunship	ok	phase=1 begins=1 maxLive=0 cap=0 firstSeen=- brokeAt=- newAfterBreak=0
mobile_fortress	ok	phase=1 begins=1 maxLive=1 cap=2 firstSeen=28.0 brokeAt=31 newAfterBreak=0
moloch	ok	phase=1 begins=1 maxLive=1 cap=4 firstSeen=25.0 brokeAt=28 newAfterBreak=0
monster	ok	phase=1 begins=1 maxLive=0 cap=0 firstSeen=- brokeAt=- newAfterBreak=0
nuke_train	ok	phase=1 begins=1 maxLive=0 cap=0 firstSeen=- brokeAt=- newAfterBreak=0
nyx	ok	phase=1 begins=1 maxLive=0 cap=0 firstSeen=- brokeAt=- newAfterBreak=0
roc_gunship	ok	phase=1 begins=1 maxLive=0 cap=0 firstSeen=- brokeAt=- newAfterBreak=0
scylla	ok	phase=1 begins=1 maxLive=0 cap=0 firstSeen=- brokeAt=- newAfterBreak=0
silver_bug	ok	phase=1 begins=0 maxLive=1 cap=2 firstSeen=24.0 brokeAt=27 newAfterBreak=0
theia	ok	phase=1 begins=0 maxLive=2 cap=3 firstSeen=24.0 brokeAt=27 newAfterBreak=0
typhon	ok	phase=1 begins=1 maxLive=0 cap=0 firstSeen=- brokeAt=- newAfterBreak=0
bosses 39, failures 0
