id,file,sheet,ten_viet,lop,sheet_cha,so_dong,so_cot,mo_ta,nguon,raw_json
00_chi_muc/Cho_anh_xa,00_chi_muc,Cho_anh_xa,Chờ ánh xạ,A,,36,9,Lá thuộc file lĩnh vực chưa xuất (lượt sau),Tools/export (core/index.py),
00_chi_muc/Don_vi_chua_ro,00_chi_muc,Don_vi_chua_ro,Đơn vị chưa rõ,A,,188,7,Cột số mà bộ xuất chưa biết đơn vị,Tools/export (core/index.py),
00_chi_muc/Khoa_ngoai,00_chi_muc,Khoa_ngoai,Khóa ngoại,A,,96,12,Mọi khóa ngoại và kết quả test (spec 2.2),Tools/export (core/index.py),
00_chi_muc/Khong_xuat,00_chi_muc,Khong_xuat,Không xuất,A,,19,9,Trường bị loại (spec 8) và lý do,Tools/export (core/index.py),
00_chi_muc/Muc_luc_file,00_chi_muc,Muc_luc_file,Mục lục file,A,,14,9,Mọi file lĩnh vực (spec 1),Tools/export (core/index.py),
00_chi_muc/Muc_luc_sheet,00_chi_muc,Muc_luc_sheet,Mục lục sheet,A,,99,11,Mọi sheet: tên ASCII và tên tiếng Việt,Tools/export (core/index.py),
00_chi_muc/Nguon_du_lieu,00_chi_muc,Nguon_du_lieu,Nguồn dữ liệu,A,,917,13,Mọi nguồn quét tự động (spec 3.1) và độ phủ lá của nó,Tools/export (core/index.py),
00_chi_muc/Nguon_khong_doc_duoc,00_chi_muc,Nguon_khong_doc_duoc,Nguồn không đọc được,A,,0,4,"Nguồn lỗi khi đọc, kèm lý do",Tools/export (core/index.py),
00_chi_muc/Phien_ban,00_chi_muc,Phien_ban,Phiên bản,A,,10,4,"Hash nguồn, commit, phiên bản luật, bản gốc so sánh",Tools/export (core/index.py),
00_chi_muc/Phu,00_chi_muc,Phu,Độ phủ theo sheet,A,,99,13,"Số dòng, cột, ô trống, ô đánh dấu của mỗi sheet",Tools/export (core/index.py),
00_chi_muc/README,00_chi_muc,README,Đọc trước,A,,19,4,Cách đọc và chạy bộ xuất,Tools/export (core/index.py),
00_chi_muc/Schema,00_chi_muc,Schema,Schema,A,,2065,16,Mọi cột của mọi sheet ở mọi file,Tools/export (core/index.py),
00_chi_muc/Van_de,00_chi_muc,Van_de,Vấn đề,A,,10,4,"Cảnh báo của lần xuất (cột ghi hai lần, sheet tự sinh, id trùng)",Tools/export (core/index.py),
01_vu_khi_dan/Bang_sat_thuong,01_vu_khi_dan,Bang_sat_thuong,Bảng sát thương,A,,6,6,damageTable: hệ số theo loại sát thương x mặt đất / máy bay / công trình,Tools/export (core/index.py),
01_vu_khi_dan/Bang_xuyen_giap,01_vu_khi_dan,Bang_xuyen_giap,Bảng xuyên giáp,A,,6,5,damageTable.penetration: hệ số theo chênh xuyên - giáp (DamageTable.cs),Tools/export (core/index.py),
01_vu_khi_dan/Canh_bao_vong,01_vu_khi_dan,Canh_bao_vong,Vòng cảnh báo,A_kv,,12,8,"warningRules: loại đòn có vòng, sàn thời gian theo bậc, số vùng tối đa",Tools/export (core/index.py),
01_vu_khi_dan/Dan_thay_the,01_vu_khi_dan,Dan_thay_the,Đạn thay thế,A,,70,15,"Liên kết vũ khí -> đạn thay thế (he, air, đạn thứ hai roundOf)",Tools/export (core/index.py),
01_vu_khi_dan/Dong_vu_khi,01_vu_khi_dan,Dong_vu_khi,Dòng vũ khí thật,A,,55,12,weaponFamilies + secondRounds.families: số chung của một hệ thống thật,Tools/export (core/index.py),
01_vu_khi_dan/Hanh_vi_dan,01_vu_khi_dan,Hanh_vi_dan,Hành vi đạn: luật chung,A_kv,,11,8,"munitionRules: pháo sáng mồi, ngòi cận đích, dẫn đường",Tools/export (core/index.py),
01_vu_khi_dan/Hanh_vi_dan_nhom,01_vu_khi_dan,Hanh_vi_dan_nhom,Hành vi đạn theo nhóm,A,,7,12,"Mỗi dạng đạn (projectile): cách nhắm, khi nổ, cảnh báo (luật trong mã)",Tools/export (core/index.py),
01_vu_khi_dan/He_so_toan_cuc,01_vu_khi_dan,He_so_toan_cuc,Hệ số toàn cục,A_kv,,4,8,firepower.* và damageTable.thermobaric: hệ số nhân chung,Tools/export (core/index.py),
01_vu_khi_dan/Ho_vu_khi,01_vu_khi_dan,Ho_vu_khi,Họ vũ khí,A,,105,11,"weaponFamilyTable: họ, bậc cỡ, số boss chung, biến thể và lý do",Tools/export (core/index.py),
01_vu_khi_dan/Ho_vu_khi_bien_the,01_vu_khi_dan,Ho_vu_khi_bien_the,Họ vũ khí: biến thể,A,Ho_vu_khi,20,7,variants{}: biến thể của họ và lý do,Tools/export (core/index.py),
01_vu_khi_dan/Khac_che,01_vu_khi_dan,Khac_che,"Khắc chế (APS, phòng thủ điểm)",A,,22,28,"Mỗi đơn vị có hệ chặn: số lần, hồi, bán kính, loại đạn chặn",Tools/export (core/index.py),
01_vu_khi_dan/Phao_sang,01_vu_khi_dan,Phao_sang,Pháo sáng,A,,18,19,"Mỗi đơn vị có pháo sáng: số lần, hồi, điểm phát Mount_Flare",Tools/export (core/index.py),
01_vu_khi_dan/Vu_khi,01_vu_khi_dan,Vu_khi,Vũ khí,A,,372,165,Mỗi vũ khí (cả đạn thứ hai) một dòng: giá trị game (cột tiếng Việt) và trường gốc,Tools/export (core/index.py),
01_vu_khi_dan/Vu_khi_he_so_thuong,01_vu_khi_dan,Vu_khi_he_so_thuong,Vũ khí: hệ số thưởng,A,Vu_khi,31,10,bonuses[]: hệ số sát thương theo lớp / giáp / điều kiện,Tools/export (core/index.py),
02_phuong_tien/Commander,02_phuong_tien,Commander,Commander và nội tại tướng,A,,22,32,Commanders.cs: 14 commander của người chơi + nội tại 8 tướng địch,Tools/export (core/index.py),
02_phuong_tien/Commander_gia,02_phuong_tien,Commander_gia,Commander: hệ số giá,A,Commander,5,7,"Prices: phạm vi giá, hệ số",Tools/export (core/index.py),
02_phuong_tien/Commander_noi_tai,02_phuong_tien,Commander_noi_tai,Commander: dòng nội tại,A,Commander,45,8,"Lines: chỉ số, giá trị, phạm vi",Tools/export (core/index.py),
02_phuong_tien/Do_ben,02_phuong_tien,Do_ben,Hệ số độ bền,A_kv,,2,8,"toughness: máu trong trận = hp x hệ số (xe, boss)",Tools/export (core/index.py),
02_phuong_tien/Doi_mo_man,02_phuong_tien,Doi_mo_man,Đội mở màn,A,,23,7,openingSquads.commanders / generals: vai trò của đội mở màn,Tools/export (core/index.py),
02_phuong_tien/Doi_mo_man_luat,02_phuong_tien,Doi_mo_man_luat,Đội mở màn: luật,A_kv,,3,8,openingSquads.share / modes / enemyModes,Tools/export (core/index.py),
02_phuong_tien/Doi_mo_man_vai_tro,02_phuong_tien,Doi_mo_man_vai_tro,Đội mở màn: vai trò,A,,19,7,openingSquads.roles: thẻ chọn được cho mỗi vai trò,Tools/export (core/index.py),
02_phuong_tien/Ky_nang,02_phuong_tien,Ky_nang,Kỹ năng nội tại,A,,24,14,"skills[]: khiên, khói, sửa... của xe, elite, boss",Tools/export (core/index.py),
02_phuong_tien/Nhanh_xe,02_phuong_tien,Nhanh_xe,Nhánh quân,A,,4,4,branches: nhánh -> các lớp xe,Tools/export (core/index.py),
02_phuong_tien/The_ho_tro,02_phuong_tien,The_ho_tro,Thẻ hỗ trợ,A,,40,36,"supports[]: pháo kích, không kích, khói, thả hộ tống...",Tools/export (core/index.py),
02_phuong_tien/Tinh_nhue_luat,02_phuong_tien,Tinh_nhue_luat,Luật tinh nhuệ,A_kv,,20,8,"elites: hệ số giá / máu / sát thương, ngân sách và trần theo độ khó",Tools/export (core/index.py),
02_phuong_tien/Trang_bi,02_phuong_tien,Trang_bi,Trang bị: loại cơ bản,A,,38,16,"38 loại trang bị (ô, chỉ số ngầm, giá trị đỉnh 5 hạng, đánh đổi)",Tools/export (core/index.py),
02_phuong_tien/Trang_bi_bo,02_phuong_tien,Trang_bi_bo,Trang bị: bộ (brand),A,,13,16,bộ trang bị: thưởng 2 món / 4 món,Tools/export (core/index.py),
02_phuong_tien/Trang_bi_dac_tinh,02_phuong_tien,Trang_bi_dac_tinh,Trang bị: đặc tính,A,,45,8,45 đặc tính (giá trị Sử thi / Huyền thoại),Tools/export (core/index.py),
02_phuong_tien/Trang_bi_dong_phu,02_phuong_tien,Trang_bi_dong_phu,Trang bị: dòng phụ,A,,23,7,"dòng phụ: giá trị theo hạng, ô được ra, trọng số",Tools/export (core/index.py),
02_phuong_tien/Trang_bi_mo_dun,02_phuong_tien,Trang_bi_mo_dun,Trang bị: mô-đun đặc biệt,A,,14,9,"14 mô-đun (Sử thi / Huyền thoại); FlareDispenser, TrophyAps chỉ nâng cấp hệ có sẵn",Tools/export (core/index.py),
02_phuong_tien/Xe,02_phuong_tien,Xe,Xe,A,,120,193,"Mỗi xe / máy bay / tàu của người chơi và địch, cả tinh nhuệ (elite): giá trị game và trường gốc",Tools/export (core/index.py),
02_phuong_tien/Xe_bo_phan,02_phuong_tien,Xe_bo_phan,Xe: bộ phận,A,Xe,6,17,parts[] của xe không phải boss,Tools/export (core/index.py),
02_phuong_tien/Xe_ten_lua,02_phuong_tien,Xe_ten_lua,Xe: tên lửa mang,A,Xe,5,8,missiles[],Tools/export (core/index.py),
02_phuong_tien/Xe_tham_chieu,02_phuong_tien,Xe_tham_chieu,Xe tham chiếu,A,,6,8,Xe tham chiếu của Boss_hieu_qua (spec 03 B) và xe chậm tham chiếu của vòng cảnh báo,Tools/export (core/index.py),
02_phuong_tien/Xe_vu_khi,02_phuong_tien,Xe_vu_khi,Xe: bệ vũ khí phụ,A,Xe,99,11,secondary[]: bệ phụ (chỉ số bệ = thu_tu + 1; bệ 0 là vũ khí chính),Tools/export (core/index.py),
03_boss/Boss,03_boss,Boss,Boss,A,,41,329,"Mỗi boss (41: chủ lực, mini, biến thể) một dòng: giá trị game (đã dựng) và trường gốc",Tools/export (core/index.py),
03_boss/Boss_air,03_boss,Boss_air,Boss: air,A,Boss,1,7,Danh sách con 'air' của Boss (tự sinh).,Tools/export (core/index.py),
03_boss/Boss_attach,03_boss,Boss_attach,Boss: attach,A,Boss,2,7,Danh sách con 'attach' của Boss (tự sinh).,Tools/export (core/index.py),
03_boss/Boss_be_goc,03_boss,Boss_be_goc,Boss: bệ phụ gốc,A,Boss,107,11,secondary[]: bệ phụ (chỉ số bệ = thu_tu + 1; bệ 0 là vũ khí chính),Tools/export (core/index.py),
03_boss/Boss_bien_the_chinh,03_boss,Boss_bien_the_chinh,Boss: chỉnh bộ phận của biến thể,A,Boss,73,13,variant.tune: bộ phận -> trường đổi,Tools/export (core/index.py),
03_boss/Boss_bo_phan,03_boss,Boss_bo_phan,Boss: bộ phận,A,Boss,198,29,parts[]: bộ phận phá được (use = mẫu ở Boss_bo_phan_thu_vien),Tools/export (core/index.py),
03_boss/Boss_bo_phan_thu_vien,03_boss,Boss_bo_phan_thu_vien,Thư viện bộ phận boss,A,,19,17,"bossParts: mẫu bộ phận (máu theo phần, giáp, vũ khí, xác)",Tools/export (core/index.py),
03_boss/Boss_guards,03_boss,Boss_guards,Boss: guards,A,Boss,9,7,Danh sách con 'guards' của Boss (tự sinh).,Tools/export (core/index.py),
03_boss/Boss_ham_doi,03_boss,Boss_ham_doi,Boss: hạm đội đi kèm,A,Boss,8,9,fleet[],Tools/export (core/index.py),
03_boss/Boss_hang,03_boss,Boss_hang,Hạng boss,A_kv,,42,8,"bossRanks: main / mini: hệ số sát thương, nhịp, máu, pha, thưởng",Tools/export (core/index.py),
03_boss/Boss_ho_tong,03_boss,Boss_ho_tong,Hộ tống boss,A,,17,9,escorts[]: đội đến cùng boss và đội gọi thêm ở pha sau,Tools/export (core/index.py),
03_boss/Boss_ho_tong_den,03_boss,Boss_ho_tong_den,Hộ tống: đến cùng boss,A,Boss_ho_tong,62,8,escorts[].arrive[],Tools/export (core/index.py),
03_boss/Boss_ho_tong_luat,03_boss,Boss_ho_tong_luat,Hộ tống: luật,A_kv,,18,8,"escortRules: trần theo độ khó, Săn trùm, dây buộc, thưởng",Tools/export (core/index.py),
03_boss/Boss_ho_tong_mau,03_boss,Boss_ho_tong_mau,Hộ tống mẫu theo tướng,A,,8,3,escortTemplates: đội hộ tống mặc định của mỗi tướng,Tools/export (core/index.py),
03_boss/Boss_ho_tong_mau_den,03_boss,Boss_ho_tong_mau_den,Hộ tống mẫu: đến,A,Boss_ho_tong_mau,32,7,escortTemplates.*.arrive[],Tools/export (core/index.py),
03_boss/Boss_ho_tong_mau_pha,03_boss,Boss_ho_tong_mau_pha,Hộ tống mẫu: pha sau,A,Boss_ho_tong_mau,14,8,escortTemplates.*.phase[],Tools/export (core/index.py),
03_boss/Boss_ho_tong_mau_phases,03_boss,Boss_ho_tong_mau_phases,Hộ tống mẫu theo tướng: phases,A,Boss_ho_tong_mau,2,5,Danh sách con 'phases' của Boss_ho_tong_mau (tự sinh).,Tools/export (core/index.py),
03_boss/Boss_ho_tong_mau_phases_units,03_boss,Boss_ho_tong_mau_phases_units,Hộ tống mẫu theo tướng: phases: units,A,Boss_ho_tong_mau_phases,4,7,Danh sách con 'units' của Boss_ho_tong_mau_phases (tự sinh).,Tools/export (core/index.py),
03_boss/Boss_ho_tong_pha,03_boss,Boss_ho_tong_pha,Hộ tống: gọi ở pha sau,A,Boss_ho_tong,8,7,escorts[].phase.units[],Tools/export (core/index.py),
03_boss/Boss_ho_tong_phase,03_boss,Boss_ho_tong_phase,Hộ tống boss: phase,A,Boss_ho_tong,28,8,Danh sách con 'phase' của Boss_ho_tong (tự sinh).,Tools/export (core/index.py),
03_boss/Boss_ho_tong_phases,03_boss,Boss_ho_tong_phases,Hộ tống boss: phases,A,Boss_ho_tong,2,5,Danh sách con 'phases' của Boss_ho_tong (tự sinh).,Tools/export (core/index.py),
03_boss/Boss_ho_tong_phases_units,03_boss,Boss_ho_tong_phases_units,Hộ tống boss: phases: units,A,Boss_ho_tong_phases,4,7,Danh sách con 'units' của Boss_ho_tong_phases (tự sinh).,Tools/export (core/index.py),
03_boss/Boss_khung,03_boss,Boss_khung,Khung boss,A,,8,25,bossFrames: kiểu di chuyển và trường mặc định theo khung,Tools/export (core/index.py),
03_boss/Boss_phase,03_boss,Boss_phase,Boss: pha,A,Boss,10,12,"phases[]: ngưỡng máu, biến hình, đổi vũ khí / sát thương",Tools/export (core/index.py),
03_boss/Boss_sieu_vu_khi,03_boss,Boss_sieu_vu_khi,Siêu vũ khí,A,,17,18,"bigAttacks: cảnh báo, chu kỳ, cách nhắm, tầm, mục tiêu",Tools/export (core/index.py),
03_boss/Boss_sieu_vu_khi_don,03_boss,Boss_sieu_vu_khi_don,Siêu vũ khí: đòn,A,Boss_sieu_vu_khi,18,34,"strikes[]: hình, số lượng, sát thương, bán kính",Tools/export (core/index.py),
03_boss/Boss_sieu_vu_khi_luat,03_boss,Boss_sieu_vu_khi_luat,Siêu vũ khí: luật,A_kv,,34,8,"bigAttackRules: lần đầu, chặn, né, theo độ khó",Tools/export (core/index.py),
03_boss/Boss_tiers_schedule,03_boss,Boss_tiers_schedule,Boss: tiers_schedule,A,Boss,10,5,Danh sách con 'tiers_schedule' của Boss (tự sinh).,Tools/export (core/index.py),
03_boss/Boss_tiers_schedule_steps,03_boss,Boss_tiers_schedule_steps,Boss: tiers_schedule: steps,A,Boss_tiers_schedule,16,7,Danh sách con 'steps' của Boss_tiers_schedule (tự sinh).,Tools/export (core/index.py),
03_boss/Boss_vu_khi,03_boss,Boss_vu_khi,Boss: vũ khí theo bệ,A,,223,19,"Mỗi bệ của boss khi dựng (thư viện bộ phận, mountWeapons, biến thể): một dòng; số lấy từ 01/Vu_khi (giá trị game)",Tools/export (core/index.py),
03_boss/Sanhunt,03_boss,Sanhunt,Săn trùm,A,,41,9,"Boss của Săn trùm theo thứ tự cốt truyện (port BossHunts.Story: chương theo thứ tự dữ liệu, boss theo nhiệm vụ đầu tiên đánh nó, rồi ô chương, rồi Unslotted)",Tools/export (core/index.py),
03_boss/Sanhunt_chua_xep,03_boss,Sanhunt_chua_xep,Săn trùm: boss chưa có ô chương,A,,10,4,BossHunts.Unslotted: boss mới và chương nó đứng sau,Tools/export (core/index.py),
03_boss/Sanhunt_ho_tro,03_boss,Sanhunt_ho_tro,Săn trùm: hỗ trợ tác chiến,A,,12,8,HuntSupports.All (BossHunt.cs): 12 hỗ trợ chọn sau boss chủ lực,Tools/export (core/index.py),
04_can_cu_thap/Can_cu_AI_cap,04_can_cu_thap,Can_cu_AI_cap,AI xây căn cứ: cấp HQ theo độ khó,A_kv,,4,8,base.ai.levels,Tools/export (core/index.py),
04_can_cu_thap/Can_cu_AI_kieu,04_can_cu_thap,Can_cu_AI_kieu,AI xây căn cứ: trọng số,A,,112,6,base.ai.styles.<kiểu>.<tháp>: trọng số chọn tháp ('*' = mọi tháp khác),Tools/export (core/index.py),
04_can_cu_thap/Can_cu_luat,04_can_cu_thap,Can_cu_luat,Căn cứ: luật,A_kv,,21,8,"base.rebuild (chung), longForward, outpost, roles (vai trò căn cứ theo chế độ), roster",Tools/export (core/index.py),
04_can_cu_thap/Dot_phong_thu,04_can_cu_thap,Dot_phong_thu,Loadout phòng thủ tham chiếu,A,,5,10,base.reference: 5 loadout tham chiếu theo cấp HQ,Tools/export (core/index.py),
04_can_cu_thap/Loadout_can_cu,04_can_cu_thap,Loadout_can_cu,Ô căn cứ theo cấp HQ,A,,10,9,base.levels (thường) và base.longLevels (bản đồ dài): số ô mỗi cỡ,Tools/export (core/index.py),
04_can_cu_thap/Mo_dun_tien_ich,04_can_cu_thap,Mo_dun_tien_ich,Mô-đun tiện ích,A,,9,101,"Trạm sửa, kho đạn, sân bay, trạm hậu cần, radar (ô tiện ích)",Tools/export (core/index.py),
04_can_cu_thap/Mo_dun_tien_ich_vu_khi,04_can_cu_thap,Mo_dun_tien_ich_vu_khi,Mô-đun tiện ích: bệ vũ khí phụ,A,Mo_dun_tien_ich,0,6,secondary[]: bệ phụ (chỉ số bệ = thu_tu + 1; bệ 0 là vũ khí chính),Tools/export (core/index.py),
04_can_cu_thap/Nha_chinh,04_can_cu_thap,Nha_chinh,Nhà chính,A,,4,84,Nhà chính và các kiểu (fortress / shield...),Tools/export (core/index.py),
04_can_cu_thap/Nha_chinh_kieu,04_can_cu_thap,Nha_chinh_kieu,Nhà chính: kiểu,A,,3,14,hqTypes.<kiểu>: trường không theo cấp,Tools/export (core/index.py),
04_can_cu_thap/Nha_chinh_kieu_cap,04_can_cu_thap,Nha_chinh_kieu_cap,Nhà chính: kiểu x cấp HQ,A,,15,12,"hqTypes.<kiểu>.<danh sách>[cấp-1]: sức mạnh, đồn trú, khiên theo HQ 1-5",Tools/export (core/index.py),
04_can_cu_thap/Nha_chinh_luat,04_can_cu_thap,Nha_chinh_luat,Nhà chính: luật,A_kv,,13,8,"base.hq, hqTypes.default / skillCooldown / radius / ai (kiểu theo tướng, độ khó)",Tools/export (core/index.py),
04_can_cu_thap/Nha_chinh_vu_khi,04_can_cu_thap,Nha_chinh_vu_khi,Nhà chính: bệ vũ khí phụ,A,Nha_chinh,11,8,secondary[]: bệ phụ (chỉ số bệ = thu_tu + 1; bệ 0 là vũ khí chính),Tools/export (core/index.py),
04_can_cu_thap/Thap,04_can_cu_thap,Thap,Tháp,A,,76,153,Mỗi tháp (thẻ và nhánh bậc 7) một dòng,Tools/export (core/index.py),
04_can_cu_thap/Thap_vu_khi,04_can_cu_thap,Thap_vu_khi,Tháp: bệ vũ khí phụ,A,Thap,3,8,secondary[]: bệ phụ (chỉ số bệ = thu_tu + 1; bệ 0 là vũ khí chính),Tools/export (core/index.py),
04_can_cu_thap/Tuong,04_can_cu_thap,Tuong,Tường,A,,3,81,Mỗi loại tường một dòng (def + base.walls.types),Tools/export (core/index.py),
04_can_cu_thap/Tuong_luat,04_can_cu_thap,Tuong_luat,Tường: luật,A_kv,,11,8,"base.walls: xe phá tường, máu đoạn, số tuyến, mặc định, tường theo tướng",Tools/export (core/index.py),
04_can_cu_thap/Tuong_vu_khi,04_can_cu_thap,Tuong_vu_khi,Tường: bệ vũ khí phụ,A,Tuong,0,6,secondary[]: bệ phụ (chỉ số bệ = thu_tu + 1; bệ 0 là vũ khí chính),Tools/export (core/index.py),
04_can_cu_thap/Xay_lai,04_can_cu_thap,Xay_lai,Xây lại tháp theo cỡ ô,A,,3,6,"base.rebuild.<cỡ>: CP, thời gian chờ, thời gian thả",Tools/export (core/index.py),
