id,tieu_de,file_xlsx,trang_thai,so_sheet,so_dong,mo_ta,nguon,raw_json
00_chi_muc,Chỉ mục,00_chi_muc/Machine_Brigade_00_Index_2026-10-03.xlsx,DA_XUAT,,,"Mục lục, Schema, độ phủ, phiên bản, nguồn của bộ xuất",Tools/export (core/index.py),
01_vu_khi_dan,Vũ khí và đạn,xlsx/01_vu_khi_dan.xlsx,DA_XUAT,,,"Vũ khí, họ, dòng vũ khí thật, đạn thay thế, bảng sát thương, khắc chế (APS), hành vi đạn, pháo sáng, vòng cảnh báo",Tools/export (core/index.py),
02_phuong_tien,Phương tiện,xlsx/02_phuong_tien.xlsx,DA_XUAT,,,"Xe, bệ vũ khí, thẻ hỗ trợ, kỹ năng, trang bị, commander, đội mở màn, xe tham chiếu, hệ số độ bền",Tools/export (core/index.py),
03_boss,Boss,xlsx/03_boss.xlsx,DA_XUAT,,,"Boss chủ lực / mini và biến thể, bệ vũ khí (đã dựng), bộ phận, pha, khung, hạng, siêu vũ khí, hộ tống, Săn trùm",Tools/export (core/index.py),
04_can_cu_thap,Căn cứ và tháp,xlsx/04_can_cu_thap.xlsx,DA_XUAT,,,"Tháp và nhánh, tường, nhà chính (kiểu x cấp), mô-đun tiện ích, ô căn cứ theo cấp HQ, xây lại, loadout tham chiếu, AI xây căn cứ",Tools/export (core/index.py),
05_che_do_kinh_te,Chế độ và kinh tế,,CHUA_XUAT,,,chờ lượt sau (Docs/export/PLAN.md),Tools/export (core/index.py),
06_ai,AI,,CHUA_XUAT,,,chờ lượt sau (Docs/export/PLAN.md),Tools/export (core/index.py),
07_chien_dich_cot_truyen,Chiến dịch và cốt truyện,,CHUA_XUAT,,,chờ lượt sau (Docs/export/PLAN.md),Tools/export (core/index.py),
08_ban_do,Bản đồ,,CHUA_XUAT,,,chờ lượt sau (Docs/export/PLAN.md),Tools/export (core/index.py),
09_hieu_ung_am_thanh,Hiệu ứng và âm thanh,,CHUA_XUAT,,,chờ lượt sau (Docs/export/PLAN.md),Tools/export (core/index.py),
10_model_tai_san,Model và tài sản,,CHUA_XUAT,,,chờ lượt sau (Docs/export/PLAN.md),Tools/export (core/index.py),
11_meta_giao_dien,Meta và giao diện,,CHUA_XUAT,,,chờ lượt sau (Docs/export/PLAN.md),Tools/export (core/index.py),
12_he_thong_trang_thai,Hệ thống và trạng thái,,CHUA_XUAT,,,chờ lượt sau (Docs/export/PLAN.md),Tools/export (core/index.py),
13_tham_chieu_nguon,Tham chiếu ngoài đời và game (nguồn),,CHUA_XUAT,,,chờ lượt sau (Docs/export/PLAN.md),Tools/export (core/index.py),
