id,file,sheet,so_dong,so_cot,so_la_anh_xa,so_o_trong,so_o_chua_ap,so_o_need_code_check,so_o_need_source,so_cot_tu_sinh,nguon,raw_json
00_chi_muc/Cho_anh_xa,00_chi_muc,Cho_anh_xa,36,9,0,0,0,0,0,0,Tools/export (core/index.py),
00_chi_muc/Don_vi_chua_ro,00_chi_muc,Don_vi_chua_ro,188,7,0,0,0,0,0,0,Tools/export (core/index.py),
00_chi_muc/Khoa_ngoai,00_chi_muc,Khoa_ngoai,96,12,0,192,0,0,0,0,Tools/export (core/index.py),
00_chi_muc/Khong_xuat,00_chi_muc,Khong_xuat,19,9,0,0,0,0,0,0,Tools/export (core/index.py),
00_chi_muc/Muc_luc_file,00_chi_muc,Muc_luc_file,14,9,0,37,0,0,0,0,Tools/export (core/index.py),
00_chi_muc/Muc_luc_sheet,00_chi_muc,Muc_luc_sheet,99,11,0,3,0,0,0,0,Tools/export (core/index.py),
00_chi_muc/Nguon_du_lieu,00_chi_muc,Nguon_du_lieu,917,13,0,18,0,0,0,0,Tools/export (core/index.py),
00_chi_muc/Nguon_khong_doc_duoc,00_chi_muc,Nguon_khong_doc_duoc,0,4,0,0,0,0,0,0,Tools/export (core/index.py),
00_chi_muc/Phien_ban,00_chi_muc,Phien_ban,10,4,1,1,0,0,0,0,Tools/export (core/index.py),
00_chi_muc/Phu,00_chi_muc,Phu,99,13,0,6,0,0,0,0,Tools/export (core/index.py),
00_chi_muc/README,00_chi_muc,README,19,4,0,0,0,1,1,0,Tools/export (core/index.py),
00_chi_muc/Schema,00_chi_muc,Schema,2065,16,0,9990,0,0,0,0,Tools/export (core/index.py),
00_chi_muc/Van_de,00_chi_muc,Van_de,10,4,0,0,0,0,0,0,Tools/export (core/index.py),
01_vu_khi_dan/Bang_sat_thuong,01_vu_khi_dan,Bang_sat_thuong,6,6,18,0,0,0,0,0,Tools/export (core/index.py),
01_vu_khi_dan/Bang_xuyen_giap,01_vu_khi_dan,Bang_xuyen_giap,6,5,6,0,0,0,0,0,Tools/export (core/index.py),
01_vu_khi_dan/Canh_bao_vong,01_vu_khi_dan,Canh_bao_vong,12,8,12,13,0,0,0,0,Tools/export (core/index.py),
01_vu_khi_dan/Dan_thay_the,01_vu_khi_dan,Dan_thay_the,70,15,0,4,0,210,0,0,Tools/export (core/index.py),
01_vu_khi_dan/Dong_vu_khi,01_vu_khi_dan,Dong_vu_khi,55,12,298,142,0,0,0,6,Tools/export (core/index.py),
01_vu_khi_dan/Hanh_vi_dan,01_vu_khi_dan,Hanh_vi_dan,11,8,32,19,0,0,0,0,Tools/export (core/index.py),
01_vu_khi_dan/Hanh_vi_dan_nhom,01_vu_khi_dan,Hanh_vi_dan_nhom,7,12,0,0,0,56,0,0,Tools/export (core/index.py),
01_vu_khi_dan/He_so_toan_cuc,01_vu_khi_dan,He_so_toan_cuc,4,8,4,8,0,0,0,0,Tools/export (core/index.py),
01_vu_khi_dan/Ho_vu_khi,01_vu_khi_dan,Ho_vu_khi,105,11,372,351,0,0,0,0,Tools/export (core/index.py),
01_vu_khi_dan/Ho_vu_khi_bien_the,01_vu_khi_dan,Ho_vu_khi_bien_the,20,7,20,0,0,0,0,0,Tools/export (core/index.py),
01_vu_khi_dan/Khac_che,01_vu_khi_dan,Khac_che,22,28,104,208,0,198,0,14,Tools/export (core/index.py),
01_vu_khi_dan/Phao_sang,01_vu_khi_dan,Phao_sang,18,19,30,128,0,18,0,6,Tools/export (core/index.py),
01_vu_khi_dan/Vu_khi,01_vu_khi_dan,Vu_khi,372,165,5536,40624,372,744,114,82,Tools/export (core/index.py),
01_vu_khi_dan/Vu_khi_he_so_thuong,01_vu_khi_dan,Vu_khi_he_so_thuong,31,10,62,93,0,0,0,5,Tools/export (core/index.py),
02_phuong_tien/Commander,02_phuong_tien,Commander,22,32,109,505,0,0,0,25,Tools/export (core/index.py),
02_phuong_tien/Commander_gia,02_phuong_tien,Commander_gia,5,7,10,0,0,0,0,2,Tools/export (core/index.py),
02_phuong_tien/Commander_noi_tai,02_phuong_tien,Commander_noi_tai,45,8,135,0,0,0,0,3,Tools/export (core/index.py),
02_phuong_tien/Do_ben,02_phuong_tien,Do_ben,2,8,2,4,0,0,0,0,Tools/export (core/index.py),
02_phuong_tien/Doi_mo_man,02_phuong_tien,Doi_mo_man,23,7,42,2,0,46,0,0,Tools/export (core/index.py),
02_phuong_tien/Doi_mo_man_luat,02_phuong_tien,Doi_mo_man_luat,3,8,17,6,0,0,0,0,Tools/export (core/index.py),
02_phuong_tien/Doi_mo_man_vai_tro,02_phuong_tien,Doi_mo_man_vai_tro,19,7,59,21,0,0,0,0,Tools/export (core/index.py),
02_phuong_tien/Ky_nang,02_phuong_tien,Ky_nang,24,14,148,117,0,0,0,10,Tools/export (core/index.py),
02_phuong_tien/Nhanh_xe,02_phuong_tien,Nhanh_xe,4,4,10,0,0,0,0,0,Tools/export (core/index.py),
02_phuong_tien/The_ho_tro,02_phuong_tien,The_ho_tro,40,36,445,804,0,0,0,19,Tools/export (core/index.py),
02_phuong_tien/Tinh_nhue_luat,02_phuong_tien,Tinh_nhue_luat,20,8,20,40,0,0,0,0,Tools/export (core/index.py),
02_phuong_tien/Trang_bi,02_phuong_tien,Trang_bi,38,16,352,318,0,0,0,12,Tools/export (core/index.py),
02_phuong_tien/Trang_bi_bo,02_phuong_tien,Trang_bi_bo,13,16,91,91,0,0,0,12,Tools/export (core/index.py),
02_phuong_tien/Trang_bi_dac_tinh,02_phuong_tien,Trang_bi_dac_tinh,45,8,265,0,0,0,0,4,Tools/export (core/index.py),
02_phuong_tien/Trang_bi_dong_phu,02_phuong_tien,Trang_bi_dong_phu,23,7,163,41,0,0,0,3,Tools/export (core/index.py),
02_phuong_tien/Trang_bi_mo_dun,02_phuong_tien,Trang_bi_mo_dun,14,9,74,24,0,0,0,5,Tools/export (core/index.py),
02_phuong_tien/Xe,02_phuong_tien,Xe,120,193,3157,15072,0,263,0,125,Tools/export (core/index.py),
02_phuong_tien/Xe_bo_phan,02_phuong_tien,Xe_bo_phan,6,17,69,3,0,0,0,12,Tools/export (core/index.py),
02_phuong_tien/Xe_ten_lua,02_phuong_tien,Xe_ten_lua,5,8,15,0,0,0,0,3,Tools/export (core/index.py),
02_phuong_tien/Xe_tham_chieu,02_phuong_tien,Xe_tham_chieu,6,8,0,3,0,0,0,0,Tools/export (core/index.py),
02_phuong_tien/Xe_vu_khi,02_phuong_tien,Xe_vu_khi,99,11,303,291,0,0,0,5,Tools/export (core/index.py),
03_boss/Boss,03_boss,Boss,41,329,1550,10252,0,41,0,254,Tools/export (core/index.py),
03_boss/Boss_air,03_boss,Boss_air,1,7,3,0,0,0,0,2,Tools/export (core/index.py),
03_boss/Boss_attach,03_boss,Boss_attach,2,7,8,0,0,0,0,2,Tools/export (core/index.py),
03_boss/Boss_be_goc,03_boss,Boss_be_goc,107,11,340,302,0,0,0,5,Tools/export (core/index.py),
03_boss/Boss_bien_the_chinh,03_boss,Boss_bien_the_chinh,73,13,153,358,0,0,0,7,Tools/export (core/index.py),
03_boss/Boss_bo_phan,03_boss,Boss_bo_phan,198,29,2078,2689,0,0,0,23,Tools/export (core/index.py),
03_boss/Boss_bo_phan_thu_vien,03_boss,Boss_bo_phan_thu_vien,19,17,150,116,0,0,0,13,Tools/export (core/index.py),
03_boss/Boss_guards,03_boss,Boss_guards,9,7,27,0,0,0,0,2,Tools/export (core/index.py),
03_boss/Boss_ham_doi,03_boss,Boss_ham_doi,8,9,21,11,0,0,0,3,Tools/export (core/index.py),
03_boss/Boss_hang,03_boss,Boss_hang,42,8,42,74,0,0,0,0,Tools/export (core/index.py),
03_boss/Boss_ho_tong,03_boss,Boss_ho_tong,17,9,24,79,0,0,0,5,Tools/export (core/index.py),
03_boss/Boss_ho_tong_den,03_boss,Boss_ho_tong_den,62,8,97,89,0,0,0,2,Tools/export (core/index.py),
03_boss/Boss_ho_tong_luat,03_boss,Boss_ho_tong_luat,18,8,18,33,0,0,0,0,Tools/export (core/index.py),
03_boss/Boss_ho_tong_mau,03_boss,Boss_ho_tong_mau,8,3,0,0,0,0,0,0,Tools/export (core/index.py),
03_boss/Boss_ho_tong_mau_den,03_boss,Boss_ho_tong_mau_den,32,7,47,17,0,0,0,1,Tools/export (core/index.py),
03_boss/Boss_ho_tong_mau_pha,03_boss,Boss_ho_tong_mau_pha,14,8,23,19,0,0,0,2,Tools/export (core/index.py),
03_boss/Boss_ho_tong_mau_phases,03_boss,Boss_ho_tong_mau_phases,2,5,0,0,0,0,0,0,Tools/export (core/index.py),
03_boss/Boss_ho_tong_mau_phases_units,03_boss,Boss_ho_tong_mau_phases_units,4,7,6,2,0,0,0,2,Tools/export (core/index.py),
03_boss/Boss_ho_tong_pha,03_boss,Boss_ho_tong_pha,8,7,13,3,0,0,0,1,Tools/export (core/index.py),
03_boss/Boss_ho_tong_phase,03_boss,Boss_ho_tong_phase,28,8,46,38,0,0,0,3,Tools/export (core/index.py),
03_boss/Boss_ho_tong_phases,03_boss,Boss_ho_tong_phases,2,5,0,0,0,0,0,0,Tools/export (core/index.py),
03_boss/Boss_ho_tong_phases_units,03_boss,Boss_ho_tong_phases_units,4,7,6,2,0,0,0,2,Tools/export (core/index.py),
03_boss/Boss_khung,03_boss,Boss_khung,8,25,53,124,0,0,0,22,Tools/export (core/index.py),
03_boss/Boss_phase,03_boss,Boss_phase,10,12,41,29,0,0,0,7,Tools/export (core/index.py),
03_boss/Boss_sieu_vu_khi,03_boss,Boss_sieu_vu_khi,17,18,122,133,0,0,0,14,Tools/export (core/index.py),
03_boss/Boss_sieu_vu_khi_don,03_boss,Boss_sieu_vu_khi_don,18,34,211,332,0,0,0,28,Tools/export (core/index.py),
03_boss/Boss_sieu_vu_khi_luat,03_boss,Boss_sieu_vu_khi_luat,34,8,34,56,0,0,0,0,Tools/export (core/index.py),
03_boss/Boss_tiers_schedule,03_boss,Boss_tiers_schedule,10,5,0,0,0,0,0,0,Tools/export (core/index.py),
03_boss/Boss_tiers_schedule_steps,03_boss,Boss_tiers_schedule_steps,16,7,32,0,0,0,0,2,Tools/export (core/index.py),
03_boss/Boss_vu_khi,03_boss,Boss_vu_khi,223,19,0,509,223,446,0,0,Tools/export (core/index.py),
03_boss/Sanhunt,03_boss,Sanhunt,41,9,0,0,0,82,0,0,Tools/export (core/index.py),
03_boss/Sanhunt_chua_xep,03_boss,Sanhunt_chua_xep,10,4,20,0,0,0,0,0,Tools/export (core/index.py),
03_boss/Sanhunt_ho_tro,03_boss,Sanhunt_ho_tro,12,8,58,2,0,0,0,4,Tools/export (core/index.py),
04_can_cu_thap/Can_cu_AI_cap,04_can_cu_thap,Can_cu_AI_cap,4,8,4,8,0,0,0,0,Tools/export (core/index.py),
04_can_cu_thap/Can_cu_AI_kieu,04_can_cu_thap,Can_cu_AI_kieu,112,6,112,2,0,0,0,0,Tools/export (core/index.py),
04_can_cu_thap/Can_cu_luat,04_can_cu_thap,Can_cu_luat,21,8,42,39,0,0,0,0,Tools/export (core/index.py),
04_can_cu_thap/Dot_phong_thu,04_can_cu_thap,Dot_phong_thu,5,10,51,2,10,0,0,1,Tools/export (core/index.py),
04_can_cu_thap/Loadout_can_cu,04_can_cu_thap,Loadout_can_cu,10,9,40,0,0,0,0,4,Tools/export (core/index.py),
04_can_cu_thap/Mo_dun_tien_ich,04_can_cu_thap,Mo_dun_tien_ich,9,101,187,448,0,0,0,40,Tools/export (core/index.py),
04_can_cu_thap/Mo_dun_tien_ich_vu_khi,04_can_cu_thap,Mo_dun_tien_ich_vu_khi,0,6,0,0,0,0,0,0,Tools/export (core/index.py),
04_can_cu_thap/Nha_chinh,04_can_cu_thap,Nha_chinh,4,84,29,170,0,0,0,23,Tools/export (core/index.py),
04_can_cu_thap/Nha_chinh_kieu,04_can_cu_thap,Nha_chinh_kieu,3,14,10,21,0,0,0,10,Tools/export (core/index.py),
04_can_cu_thap/Nha_chinh_kieu_cap,04_can_cu_thap,Nha_chinh_kieu_cap,15,12,43,65,0,0,0,1,Tools/export (core/index.py),
04_can_cu_thap/Nha_chinh_luat,04_can_cu_thap,Nha_chinh_luat,13,8,13,24,0,0,0,0,Tools/export (core/index.py),
04_can_cu_thap/Nha_chinh_vu_khi,04_can_cu_thap,Nha_chinh_vu_khi,11,8,33,0,0,0,0,2,Tools/export (core/index.py),
04_can_cu_thap/Thap,04_can_cu_thap,Thap,76,153,1127,7404,0,307,0,80,Tools/export (core/index.py),
04_can_cu_thap/Thap_vu_khi,04_can_cu_thap,Thap_vu_khi,3,8,9,0,0,0,0,2,Tools/export (core/index.py),
04_can_cu_thap/Tuong,04_can_cu_thap,Tuong,3,81,56,91,0,0,0,15,Tools/export (core/index.py),
04_can_cu_thap/Tuong_luat,04_can_cu_thap,Tuong_luat,11,8,13,22,0,0,0,0,Tools/export (core/index.py),
04_can_cu_thap/Tuong_vu_khi,04_can_cu_thap,Tuong_vu_khi,0,6,0,0,0,0,0,0,Tools/export (core/index.py),
04_can_cu_thap/Xay_lai,04_can_cu_thap,Xay_lai,3,6,9,0,0,0,0,3,Tools/export (core/index.py),
