file,line,col,literal,key,unit,kind,linh_vuc,mode,note,context
Game/Match/ModeSessions.cs,606,61,20f,modes.assaultSession.buildCp,s,thoi_gian,05,pass2:inline,,"arg:ModeSession.PlayerSide: StartSeconds = start, Attacker = PlayerSide(20f, 1.45f), Defender = EnemySide(32f, 1.3f, Difficulty, world.Catalog, seed), SectorCp = 8f,"
Game/Match/ModeSessions.cs,606,66,1.45f,modes.assaultSession.buildIncome,s,thoi_gian,05,pass2:inline,,"arg:ModeSession.PlayerSide: StartSeconds = start, Attacker = PlayerSide(20f, 1.45f), Defender = EnemySide(32f, 1.3f, Difficulty, world.Catalog, seed), SectorCp = 8f,"
Game/Match/ModeSessions.cs,606,95,32f,modes.assaultSession.buildCp2,s,thoi_gian,05,pass2:inline,,"arg:ModeSession.EnemySide: StartSeconds = start, Attacker = PlayerSide(20f, 1.45f), Defender = EnemySide(32f, 1.3f, Difficulty, world.Catalog, seed), SectorCp = 8f,"
Game/Match/ModeSessions.cs,606,100,1.3f,modes.assaultSession.buildIncome2,s,thoi_gian,05,pass2:inline,,"arg:ModeSession.EnemySide: StartSeconds = start, Attacker = PlayerSide(20f, 1.45f), Defender = EnemySide(32f, 1.3f, Difficulty, world.Catalog, seed), SectorCp = 8f,"
Game/Match/ModeSessions.cs,606,151,8f,modes.assaultSession.buildSectorCp,CP,thoi_gian,05,pass2:inline,,"object_init: StartSeconds = start, Attacker = PlayerSide(20f, 1.45f), Defender = EnemySide(32f, 1.3f, Difficulty, world.Catalog, seed), SectorCp = 8f,"
Game/Match/ModeSessions.cs,683,32,38,modes.defendSession.buildArmyCap,count,tran,05,pass2:inline,,assign: defender.ArmyCap = 38;
Game/Match/ModeSessions.cs,686,32,40,modes.defendSession.buildArmyCap2,count,tran,05,pass2:inline,,assign: attacker.ArmyCap = 40;
Game/Match/ModeSessions.cs,691,39,540f,modes.defendSession.buildHardTrue,s,thoi_gian,05,pass2:inline,,"conditional: StartSeconds = hard ? 540f : easy ? 420f : 480f, StageBonus = new[] { 60f, 90f }, MaxBank = 900f,"
Game/Match/ModeSessions.cs,691,53,420f,modes.defendSession.buildEasyTrue,s,thoi_gian,05,pass2:inline,,"conditional: StartSeconds = hard ? 540f : easy ? 420f : 480f, StageBonus = new[] { 60f, 90f }, MaxBank = 900f,"
Game/Match/ModeSessions.cs,691,60,480f,modes.defendSession.buildEasyFalse,s,thoi_gian,05,pass2:inline,,"conditional: StartSeconds = hard ? 540f : easy ? 420f : 480f, StageBonus = new[] { 60f, 90f }, MaxBank = 900f,"
Game/Match/ModeSessions.cs,691,87,60f,modes.defendSession.stageBonus1,s,thoi_gian,05,pass2:inline,,"table: StartSeconds = hard ? 540f : easy ? 420f : 480f, StageBonus = new[] { 60f, 90f }, MaxBank = 900f,"
Game/Match/ModeSessions.cs,691,92,90f,modes.defendSession.stageBonus2,s,thoi_gian,05,pass2:inline,,"table: StartSeconds = hard ? 540f : easy ? 420f : 480f, StageBonus = new[] { 60f, 90f }, MaxBank = 900f,"
Game/Match/ModeSessions.cs,691,109,900f,modes.defendSession.buildMaxBank,count,thoi_gian,05,pass2:inline,,"object_init: StartSeconds = hard ? 540f : easy ? 420f : 480f, StageBonus = new[] { 60f, 90f }, MaxBank = 900f,"
Game/Match/ModeSessions.cs,694,38,480f,modes.defendSession.buildNormalStartSeconds,s,thoi_gian,05,pass2:inline,,"object_init: NormalStartSeconds = 480f,"
Game/Match/ModeSessions.cs,695,42,55f,modes.defendSession.buildEndlessTrue,s,thoi_gian,05,pass2:inline,,"conditional: WaveSeconds = _endless ? 55f : 70f, StageCp = 12f, Hardening = 4.5f, LineHardening = 2f, RetreatCp = new[] { 24f, 32f },"
Game/Match/ModeSessions.cs,695,48,70f,modes.defendSession.buildEndlessFalse,s,thoi_gian,05,pass2:inline,,"conditional: WaveSeconds = _endless ? 55f : 70f, StageCp = 12f, Hardening = 4.5f, LineHardening = 2f, RetreatCp = new[] { 24f, 32f },"
Game/Match/ModeSessions.cs,695,63,12f,modes.defendSession.buildStageCp,CP,thoi_gian,05,pass2:inline,,"object_init: WaveSeconds = _endless ? 55f : 70f, StageCp = 12f, Hardening = 4.5f, LineHardening = 2f, RetreatCp = new[] { 24f, 32f },"
Game/Match/ModeSessions.cs,695,80,4.5f,modes.defendSession.buildHardening,s,thoi_gian,05,pass2:inline,,"object_init: WaveSeconds = _endless ? 55f : 70f, StageCp = 12f, Hardening = 4.5f, LineHardening = 2f, RetreatCp = new[] { 24f, 32f },"
Game/Match/ModeSessions.cs,695,102,2f,modes.defendSession.buildLineHardening,s,thoi_gian,05,pass2:inline,,"object_init: WaveSeconds = _endless ? 55f : 70f, StageCp = 12f, Hardening = 4.5f, LineHardening = 2f, RetreatCp = new[] { 24f, 32f },"
Game/Match/ModeSessions.cs,695,126,24f,modes.defendSession.retreatCp1,s,thoi_gian,05,pass2:inline,,"table: WaveSeconds = _endless ? 55f : 70f, StageCp = 12f, Hardening = 4.5f, LineHardening = 2f, RetreatCp = new[] { 24f, 32f },"
Game/Match/ModeSessions.cs,695,131,32f,modes.defendSession.retreatCp2,s,thoi_gian,05,pass2:inline,,"table: WaveSeconds = _endless ? 55f : 70f, StageCp = 12f, Hardening = 4.5f, LineHardening = 2f, RetreatCp = new[] { 24f, 32f },"
Game/Match/ModeSessions.cs,701,49,1.2f,modes.defendSession.lineHealthEndless1,x,sat_thuong,05,pass2:inline,,"table: LineHealth = _endless ? new[] { 1.2f, 1.3f, 1.5f } : new[] { 2.0f, 1.25f, 1.4f },"
Game/Match/ModeSessions.cs,701,55,1.3f,modes.defendSession.lineHealthEndless2,x,sat_thuong,05,pass2:inline,,"table: LineHealth = _endless ? new[] { 1.2f, 1.3f, 1.5f } : new[] { 2.0f, 1.25f, 1.4f },"
Game/Match/ModeSessions.cs,701,61,1.5f,modes.defendSession.lineHealthEndless3,x,sat_thuong,05,pass2:inline,,"table: LineHealth = _endless ? new[] { 1.2f, 1.3f, 1.5f } : new[] { 2.0f, 1.25f, 1.4f },"
Game/Match/ModeSessions.cs,701,78,2.0f,modes.defendSession.lineHealthNotEndless1,x,sat_thuong,05,pass2:inline,,"table: LineHealth = _endless ? new[] { 1.2f, 1.3f, 1.5f } : new[] { 2.0f, 1.25f, 1.4f },"
Game/Match/ModeSessions.cs,701,84,1.25f,modes.defendSession.lineHealthNotEndless2,x,sat_thuong,05,pass2:inline,,"table: LineHealth = _endless ? new[] { 1.2f, 1.3f, 1.5f } : new[] { 2.0f, 1.25f, 1.4f },"
Game/Match/ModeSessions.cs,701,91,1.4f,modes.defendSession.lineHealthNotEndless3,x,sat_thuong,05,pass2:inline,,"table: LineHealth = _endless ? new[] { 1.2f, 1.3f, 1.5f } : new[] { 2.0f, 1.25f, 1.4f },"
Game/Match/ModeSessions.cs,702,49,1.05f,modes.defendSession.lineDamageEndless1,x,sat_thuong,05,pass2:inline,,"table: LineDamage = _endless ? new[] { 1.05f, 1.15f, 1.25f } : new[] { 1.3f, 1.1f, 1.2f },"
Game/Match/ModeSessions.cs,702,56,1.15f,modes.defendSession.lineDamageEndless2,x,sat_thuong,05,pass2:inline,,"table: LineDamage = _endless ? new[] { 1.05f, 1.15f, 1.25f } : new[] { 1.3f, 1.1f, 1.2f },"
Game/Match/ModeSessions.cs,702,63,1.25f,modes.defendSession.lineDamageEndless3,x,sat_thuong,05,pass2:inline,,"table: LineDamage = _endless ? new[] { 1.05f, 1.15f, 1.25f } : new[] { 1.3f, 1.1f, 1.2f },"
Game/Match/ModeSessions.cs,702,81,1.3f,modes.defendSession.lineDamageNotEndless1,x,sat_thuong,05,pass2:inline,,"table: LineDamage = _endless ? new[] { 1.05f, 1.15f, 1.25f } : new[] { 1.3f, 1.1f, 1.2f },"
Game/Match/ModeSessions.cs,702,87,1.1f,modes.defendSession.lineDamageNotEndless2,x,sat_thuong,05,pass2:inline,,"table: LineDamage = _endless ? new[] { 1.05f, 1.15f, 1.25f } : new[] { 1.3f, 1.1f, 1.2f },"
Game/Match/ModeSessions.cs,702,93,1.2f,modes.defendSession.lineDamageNotEndless3,x,sat_thuong,05,pass2:inline,,"table: LineDamage = _endless ? new[] { 1.05f, 1.15f, 1.25f } : new[] { 1.3f, 1.1f, 1.2f },"
Game/Match/ModeSessions.cs,707,120,3,modes.defendSession.buildHeavyEvery,x,tan_suat,05,pass2:inline,,"object_init: WaveCompound = SiegeMode.DefendWaveCompound(_endless), WaveMax = SiegeMode.DefendWaveMax, HeavyEvery = 3,"
Game/Match/ModeSessions.cs,708,40,6,modes.defendSession.buildEndlessTrue2,count,gioi_han_thuc_the,05,pass2:inline,,"conditional: EliteFrom = _endless ? 6 : 99, WaveSeed = seed,"
Game/Match/ModeSessions.cs,708,44,99,modes.defendSession.buildEndlessFalse2,count,gioi_han_thuc_the,05,pass2:inline,,"conditional: EliteFrom = _endless ? 6 : 99, WaveSeed = seed,"
Game/Match/ModeSessions.cs,710,134,2,modes.defendSession.buildBreachFrom,m,ban_kinh,05,pass2:inline,,"object_init: ScaleToBase = true, CounterBase = true, BreachWave = true, WaveBreachers = Available(world, Breachers), BreachFrom = 2, BreachEvery = 3,"
Game/Match/ModeSessions.cs,710,151,3,modes.defendSession.buildBreachEvery,m,ban_kinh,05,pass2:inline,,"object_init: ScaleToBase = true, CounterBase = true, BreachWave = true, WaveBreachers = Available(world, Breachers), BreachFrom = 2, BreachEvery = 3,"
Game/Match/ModeSessions.cs,794,32,34,modes.weeklySession.buildArmyCap,count,tran,05,pass2:inline,,assign: attacker.ArmyCap = 34;
Game/Match/ModeSessions.cs,797,32,300f,modes.weeklySession.buildStartSeconds,s,thoi_gian,05,pass2:inline,,"object_init: StartSeconds = 300f, StartStage = _startStage,"
Game/Match/ModeSessions.cs,864,32,44,modes.siegeSession.buildArmyCap,count,tran,05,pass2:inline,,assign: attacker.ArmyCap = 44;
Game/Match/ModeSessions.cs,872,39,34,modes.siegeSession.buildHardTrue2,count,tran,05,pass2:inline,,conditional: defender.ArmyCap = hard ? 34 : 26;
Game/Match/ModeSessions.cs,872,44,26,modes.siegeSession.buildHardFalse2,count,tran,05,pass2:inline,,conditional: defender.ArmyCap = hard ? 34 : 26;
Game/Match/ModeSessions.cs,879,60,300f,modes.siegeSession.stageBonus1,s,thoi_gian,05,pass2:inline,,"table: StartSeconds = start, StageBonus = new[] { 300f, 300f }, MaxBank = 900f, SuperGunFirst = 150f, SuperGunSeconds = 90f,"
Game/Match/ModeSessions.cs,879,66,300f,modes.siegeSession.stageBonus2,s,thoi_gian,05,pass2:inline,,"table: StartSeconds = start, StageBonus = new[] { 300f, 300f }, MaxBank = 900f, SuperGunFirst = 150f, SuperGunSeconds = 90f,"
Game/Match/ModeSessions.cs,879,84,900f,modes.siegeSession.buildMaxBank,count,thoi_gian,05,pass2:inline,,"object_init: StartSeconds = start, StageBonus = new[] { 300f, 300f }, MaxBank = 900f, SuperGunFirst = 150f, SuperGunSeconds = 90f,"
Game/Match/ModeSessions.cs,879,106,150f,modes.siegeSession.buildSuperGunFirst,s,thoi_gian,05,pass2:inline,,"object_init: StartSeconds = start, StageBonus = new[] { 300f, 300f }, MaxBank = 900f, SuperGunFirst = 150f, SuperGunSeconds = 90f,"
Game/Match/ModeSessions.cs,879,130,90f,modes.siegeSession.buildSuperGunSeconds,s,thoi_gian,05,pass2:inline,,"object_init: StartSeconds = start, StageBonus = new[] { 300f, 300f }, MaxBank = 900f, SuperGunFirst = 150f, SuperGunSeconds = 90f,"
Game/Match/ModeSessions.cs,881,29,2.1f,modes.siegeSession.buildHardening,x,sat_thuong,05,pass2:inline,,"object_init: Hardening = 2.1f, LineHealth = new[] { 1.1f, 1.25f, 1.4f }, LineDamage = new[] { 1.05f, 1.15f, 1.25f },"
Game/Match/ModeSessions.cs,881,56,1.1f,modes.siegeSession.lineHealth1,x,sat_thuong,05,pass2:inline,,"table: Hardening = 2.1f, LineHealth = new[] { 1.1f, 1.25f, 1.4f }, LineDamage = new[] { 1.05f, 1.15f, 1.25f },"
Game/Match/ModeSessions.cs,881,62,1.25f,modes.siegeSession.lineHealth2,x,sat_thuong,05,pass2:inline,,"table: Hardening = 2.1f, LineHealth = new[] { 1.1f, 1.25f, 1.4f }, LineDamage = new[] { 1.05f, 1.15f, 1.25f },"
Game/Match/ModeSessions.cs,881,69,1.4f,modes.siegeSession.lineHealth3,x,sat_thuong,05,pass2:inline,,"table: Hardening = 2.1f, LineHealth = new[] { 1.1f, 1.25f, 1.4f }, LineDamage = new[] { 1.05f, 1.15f, 1.25f },"
Game/Match/ModeSessions.cs,881,98,1.05f,modes.siegeSession.lineDamage1,x,sat_thuong,05,pass2:inline,,"table: Hardening = 2.1f, LineHealth = new[] { 1.1f, 1.25f, 1.4f }, LineDamage = new[] { 1.05f, 1.15f, 1.25f },"
Game/Match/ModeSessions.cs,881,105,1.15f,modes.siegeSession.lineDamage2,x,sat_thuong,05,pass2:inline,,"table: Hardening = 2.1f, LineHealth = new[] { 1.1f, 1.25f, 1.4f }, LineDamage = new[] { 1.05f, 1.15f, 1.25f },"
Game/Match/ModeSessions.cs,881,112,1.25f,modes.siegeSession.lineDamage3,x,sat_thuong,05,pass2:inline,,"table: Hardening = 2.1f, LineHealth = new[] { 1.1f, 1.25f, 1.4f }, LineDamage = new[] { 1.05f, 1.15f, 1.25f },"
Game/Match/ModeSessions.cs,980,30,36,modes.bossRushSession.buildArmyCap,count,tran,05,pass2:inline,,assign: player.ArmyCap = 36;
Game/Match/ModeSessions.cs,1000,217,15f,modes.bossRushSession.buildBreather,s,thoi_gian,05,pass2:inline,,object_init: MainSeconds = _full ? global::MachineBrigade.Sim.Content.SimTunables.Bosses.BossRushRules.FullMainSeconds : global::MachineBrigade.Sim.Content.SimTuna
Game/Match/ModeSessions.cs,1254,55,18f,modes.survivalSession.lostDistanceMax,m,ban_kinh,05,pass2:inline,,compare: if (v.Team == EnemyTeam && distance < 18f) attackers++;
Game/Match/ModeSessions.cs,1255,61,26f,modes.survivalSession.lostDistanceMax2,m,ban_kinh,05,pass2:inline,,compare: else if (v.Team == PlayerTeam && distance < 26f) defenders++;
Game/Match/ModeSessions.cs,1261,61,10.0,modes.survivalSession.lostNowMin,s,thoi_gian,05,pass2:inline,,compare: return (_wipedSince >= 0 && now - _wipedSince > 10.0) || (_overrunSince >= 0 && now - _overrunSince > 15.0);
Game/Match/ModeSessions.cs,1261,115,15.0,modes.survivalSession.lostNowMin2,s,thoi_gian,05,pass2:inline,,compare: return (_wipedSince >= 0 && now - _wipedSince > 10.0) || (_overrunSince >= 0 && now - _overrunSince > 15.0);
Game/Match/ModeSessions.cs,1551,82,32f,modes.missionSession.configureTrue,m,ban_kinh,05,pass2:inline,,conditional: player.Leash = def.Goal is MissionGoal.Hold or MissionGoal.Outpost ? 32f : null;
Sim/Content/CampaignDefs.cs,189,60,4,campaign.campaignRelease.everythingLastAct,x,tan_suat,07,pass2:inline,,arg:CampaignRelease.UpTo: public static CampaignRelease Everything() => UpTo(4);
Sim/Content/OperationsData.cs,184,53,100,campaign.operationsData.rotationCapMax,count,tran,07,pass2:inline,,compare: for (var cap = 1; pick < 0 && cap < 100; cap++)
Sim/Content/OperationsData.cs,213,53,2,campaign.operationsData.weeklyCountMax,count,gioi_han_thuc_the,07,pass2:inline,,compare: if (operations <= 0 || Mutators.Count < 2) return null;
Sim/Content/OperationsData.cs,321,78,1500f,campaign.mutators.applyTimeLimitFalse,s,thoi_gian,07,pass2:inline,,conditional: copy.TimeLimit = (copy.TimeLimit > 0f ? copy.TimeLimit : 1500f) * m.TimeScale;
Sim/Content/OperationsData.cs,362,38,4,campaign.mutators.applyCountMax,count,gioi_han_thuc_the,07,pass2:inline,,compare: if (kept.Count < 4)
Sim/Content/OperationsData.cs,366,46,8,campaign.mutators.applyCountMax2,count,gioi_han_thuc_the,07,pass2:inline,,compare: if (more.Count < 8 && !more.Contains(id) && Allowed(id)) more.Add(id);
Sim/Economy/EconomySystem.Assist.cs,75,44,6f,modes.economySystem.stepUnderdogAverageMax,count,gioi_han_thuc_the,05,pass2:inline,,compare: var count = average <= 6f ? 3 : 2;
Sim/Economy/EconomySystem.Assist.cs,75,49,3,modes.economySystem.stepUnderdogAverageTrue,count,gioi_han_thuc_the,05,pass2:inline,,conditional: var count = average <= 6f ? 3 : 2;
Sim/Economy/EconomySystem.Assist.cs,75,53,2,modes.economySystem.stepUnderdogAverageFalse,count,gioi_han_thuc_the,05,pass2:inline,,conditional: var count = average <= 6f ? 3 : 2;
Sim/Economy/EconomySystem.Elites.cs,101,74,10f,modes.economySystem.forWaveMinShareScale,x,tran,05,pass2:inline,,multiply: var extraCap = minShare > 0f ? (int)MathF.Ceiling(minShare * 10f) : 0;
Sim/Economy/EconomySystem.cs,27,54,12f,modes.teamEconomy.ctorStartCp,CP,tran,05,pass2:parameter default,,"param_default: public TeamEconomy(int team, float startCp = 12f, float income = 1f, float bank = 30f, int armyCap = 0,"
Sim/Economy/EconomySystem.cs,27,91,30f,modes.teamEconomy.ctorBank,count,tran,05,pass2:parameter default,,"param_default: public TeamEconomy(int team, float startCp = 12f, float income = 1f, float bank = 30f, int armyCap = 0,"
Sim/Economy/EconomySystem.cs,357,103,3f,modes.economySystem.airliftIndexAdd,x,khac,05,pass2:inline,,"add: var landing = _world.ClampToMap(near + new Vector2(MathF.Sin(angle), MathF.Cos(angle)) * (3f + (index % 5) * 2f));"
Sim/Economy/EconomySystem.cs,357,117,5,modes.economySystem.airliftIndexMod,x,khac,05,pass2:inline,,"modulo: var landing = _world.ClampToMap(near + new Vector2(MathF.Sin(angle), MathF.Cos(angle)) * (3f + (index % 5) * 2f));"
Sim/Economy/EconomySystem.cs,357,122,2f,modes.economySystem.airliftIndexScale2,x,khac,05,pass2:inline,,"multiply: var landing = _world.ClampToMap(near + new Vector2(MathF.Sin(angle), MathF.Cos(angle)) * (3f + (index % 5) * 2f));"
Sim/Economy/EconomySystem.cs,550,39,40,modes.economySystem.edgeBehindStepMax,m,ban_kinh,05,pass2:inline,,compare: for (var step = 0; step < 40 && map.EdgeDistance(p - inward * 4f) >= 2f; step++)
Sim/Economy/EconomySystem.cs,550,75,4f,modes.economySystem.edgeBehindInwardScale,x,ban_kinh,05,pass2:inline,,multiply: for (var step = 0; step < 40 && map.EdgeDistance(p - inward * 4f) >= 2f; step++)
Sim/Economy/EconomySystem.cs,550,82,2f,modes.economySystem.edgeBehindEdgeDistanceMin,m,ban_kinh,05,pass2:inline,,compare: for (var step = 0; step < 40 && map.EdgeDistance(p - inward * 4f) >= 2f; step++)
Sim/Events/SimEvent.cs,483,23,0.5f,modes.simEvent.priorityValueMin,x,nguong,05,pass2:inline,,"compare: ? Value > 0.5f ? (LinePriority)Math.Clamp((int)MathF.Round(Value) - 1, 0, 3) : LinePriority.Event"
Sim/Events/SimEvent.cs,483,87,3,modes.simEvent.priorityRoundMax,x,nguong,05,pass2:inline,,"math_clamp: ? Value > 0.5f ? (LinePriority)Math.Clamp((int)MathF.Round(Value) - 1, 0, 3) : LinePriority.Event"
Sim/Modes/BattleEvents.P28.cs,73,18,4,modes.battleEvents.maxTierStallValue,count,nguong,05,pass2:inline,,"switch_arm: _ => 4,"
Sim/Modes/BattleEvents.cs,37,26,45,modes.battleEvents.ctorNextDoubleAdd,share,xac_suat,05,pass2:inline,,add: _nextCrate = 45 + _random.NextDouble() * 30;
Sim/Modes/BattleEvents.cs,37,54,30,modes.battleEvents.ctorNextDoubleScale,x,xac_suat,05,pass2:inline,,multiply: _nextCrate = 45 + _random.NextDouble() * 30;
Sim/Modes/BattleEvents.cs,38,25,80,modes.battleEvents.ctorNextDoubleAdd2,share,xac_suat,05,pass2:inline,,add: _nextRaid = 80 + _random.NextDouble() * 45;
Sim/Modes/BattleEvents.cs,38,53,45,modes.battleEvents.ctorNextDoubleScale2,x,xac_suat,05,pass2:inline,,multiply: _nextRaid = 80 + _random.NextDouble() * 45;
Sim/Modes/BattleEvents.cs,47,36,70,modes.battleEvents.tickNowAdd,ticks,thoi_gian,05,pass2:inline,,add: _nextCrate = now + 70 + _random.NextDouble() * 40;
Sim/Modes/BattleEvents.cs,47,64,40,modes.battleEvents.tickNextDoubleScale,x,thoi_gian,05,pass2:inline,,multiply: _nextCrate = now + 70 + _random.NextDouble() * 40;
Sim/Modes/BattleEvents.cs,53,49,120,modes.battleEvents.tickNowAdd2,ticks,thoi_gian,05,pass2:inline,,add: _nextRaid = Raid(world) ? now + 120 + _random.NextDouble() * 70 : now + 20;
Sim/Modes/BattleEvents.cs,53,78,70,modes.battleEvents.tickNextDoubleScale2,x,thoi_gian,05,pass2:inline,,multiply: _nextRaid = Raid(world) ? now + 120 + _random.NextDouble() * 70 : now + 20;
Sim/Modes/BattleEvents.cs,53,89,20,modes.battleEvents.tickNowAdd3,ticks,thoi_gian,05,pass2:inline,,add: _nextRaid = Raid(world) ? now + 120 + _random.NextDouble() * 70 : now + 20;
Sim/Modes/BattleEvents.cs,66,45,20,modes.battleEvents.dropCrateAttemptMax,x,tan_suat,05,pass2:inline,,compare: for (var attempt = 0; attempt < 20; attempt++)
Sim/Modes/BattleEvents.cs,69,40,10,modes.battleEvents.dropCrateAttemptMax2,x,tan_suat,05,pass2:inline,,compare: var spread = attempt < 10 ? 0.1f : 0.225f;
Sim/Modes/BattleEvents.cs,69,45,0.1f,modes.battleEvents.dropCrateAttemptTrue,x,tan_suat,05,pass2:inline,,conditional: var spread = attempt < 10 ? 0.1f : 0.225f;
Sim/Modes/BattleEvents.cs,69,52,0.225f,modes.battleEvents.dropCrateAttemptFalse,x,tan_suat,05,pass2:inline,,conditional: var spread = attempt < 10 ? 0.1f : 0.225f;
Sim/Modes/BattleEvents.cs,70,37,10,modes.battleEvents.dropCrateAttemptMax2,m,ban_kinh,05,pass2:inline,,"compare: var at = (attempt < 10 ? middle : map.Centre) + new Vector2((float)(_random.NextDouble() * 2 - 1) * map.Width * spread,"
Sim/Modes/BattleEvents.cs,75,60,40f,modes.battleEvents.dropCrateDistanceMax,m,ban_kinh,05,pass2:inline,,"compare: if (Vector2.Distance(team.Rally, at) < 40f) clear = false;"
Sim/Modes/BattleEvents.cs,122,120,25f,modes.battleEvents.updateCratesDistanceMin,m,ban_kinh,05,pass2:inline,,"compare: if (!v.IsAlive || v.Team != holder || v.Def.Boss || Vector2.Distance(v.Position, crate.Position) > 25f) continue;"
Sim/Modes/BattleEvents.cs,142,109,35f,modes.battleEvents.raidDistanceMax,m,ban_kinh,05,pass2:inline,,"compare: if (b.IsAlive && !b.Flying && b.Team == 1 && Vector2.Distance(a.Position, b.Position) < 35f) score++;"
Sim/Modes/BattleEvents.cs,156,113,25f,modes.battleEvents.raidDistanceMax2,m,ban_kinh,05,pass2:inline,,"compare: if (b.IsAlive && !b.Flying && b.Team >= 0 && Vector2.Distance(a.Position, b.Position) < 25f) count++;"
Sim/Modes/BranchChoice.cs,64,48,100f,modes.branchChoice.scoreDpsDivisor,x,gioi_han_thuc_the,05,pass2:inline,,divide: score += dps / t.Cards.Count / 100f;
Sim/Modes/BranchChoice.cs,70,117,0.6f,modes.branchChoice.scoreArmorTrue,x,sat_thuong,05,pass2:inline,,"conditional: if (!card.Flying) hit += mines.Max * mines.Blast.Damage * (card.Armor == ArmorClass.Heavy ? 0.6f : 1f) / MathF.Max(1f, mines.Interval);"
Sim/Modes/BranchChoice.cs,71,52,100f,modes.branchChoice.scoreHitDivisor,x,gioi_han_thuc_the,05,pass2:inline,,divide: score += hit / t.Cards.Count / 100f;
Sim/Modes/BranchChoice.cs,77,48,1.5f,modes.branchChoice.scoreHeavyScale,x,nguong,05,pass2:inline,,"multiply: if (b.Wards != null) score += 1f + 1.5f * (t.Heavy + t.Straight) + MathF.Min(1f, towers / 10f);"
Sim/Modes/BranchChoice.cs,77,103,10f,modes.branchChoice.scoreTowersDivisor,x,nguong,05,pass2:inline,,"divide: if (b.Wards != null) score += 1f + 1.5f * (t.Heavy + t.Straight) + MathF.Min(1f, towers / 10f);"
Sim/Modes/BranchChoice.cs,81,52,2f,modes.branchChoice.scoreArtilleryScale2,x,gioi_han_thuc_the,05,pass2:inline,,multiply: if (b.CounterBattery != null) score += 2f * t.Artillery;
Sim/Modes/BranchChoice.cs,84,52,0.3f,modes.branchChoice.scoreStealthAdd,m,ban_kinh,05,pass2:inline,,add: if (b.TowerRangeAura != null) score += 0.3f + 2f * t.Stealth + (towers >= 6 ? 0.3f : 0f);
Sim/Modes/BranchChoice.cs,84,59,2f,modes.branchChoice.scoreStealthScale,x,ban_kinh,05,pass2:inline,,multiply: if (b.TowerRangeAura != null) score += 0.3f + 2f * t.Stealth + (towers >= 6 ? 0.3f : 0f);
Sim/Modes/BranchChoice.cs,84,87,6,modes.branchChoice.scoreTowersMin,m,ban_kinh,05,pass2:inline,,compare: if (b.TowerRangeAura != null) score += 0.3f + 2f * t.Stealth + (towers >= 6 ? 0.3f : 0f);
Sim/Modes/BranchChoice.cs,84,91,0.3f,modes.branchChoice.scoreTowersTrue,m,ban_kinh,05,pass2:inline,,conditional: if (b.TowerRangeAura != null) score += 0.3f + 2f * t.Stealth + (towers >= 6 ? 0.3f : 0f);
Sim/Modes/ConquestMode.cs,149,43,0.01f,modes.conquestMode.finalPhaseBleedFloor,x,nguong,05,pass2:inline,,"math_max: var eta = low / MathF.Max(0.01f, _rules.Bleed * world.PointScale * Math.Abs(held0 - held1));"
Sim/Modes/Endless.cs,73,91,2,modes.endlessRules.bossOfWaveWaveTrue,count,tan_suat,05,pass2:inline,,conditional: public static int BossOfWave(int wave) => wave <= 0 ? 0 : wave % BossEvery == 0 ? 2 : wave % MiniBossEvery == 0 ? 1 : 0;
Sim/Modes/MissionEvents.Ingress.cs,24,41,0.025,campaign.missionEventSystem.halfTick,ticks,thoi_gian,07,pass2:const_to_property,,const_field: private const double HalfTick = 0.025;
Sim/Modes/MissionEvents.Ingress.cs,33,63,4,campaign.missionEventSystem.gateSpotIndexMod,x,khac,07,pass2:inline,,modulo: return world.ClampToMap(gate + across * ((index % 4) - 1.5f) * 5f);
Sim/Modes/MissionEvents.Ingress.cs,33,68,1.5f,campaign.missionEventSystem.gateSpotIndexSub,x,khac,07,pass2:inline,,subtract: return world.ClampToMap(gate + across * ((index % 4) - 1.5f) * 5f);
Sim/Modes/MissionEvents.Ingress.cs,33,76,5f,campaign.missionEventSystem.gateSpotAcrossScale,x,khac,07,pass2:inline,,multiply: return world.ClampToMap(gate + across * ((index % 4) - 1.5f) * 5f);
Sim/Modes/MissionEvents.Ingress.cs,48,65,12f,campaign.missionEventSystem.ingressLengthScale,x,ban_kinh,07,pass2:inline,,"multiply: if (Vector2.DistanceSquared(g.Position, spot) < 12f * 12f) return g.VisualIngressLength;"
Sim/Modes/MissionEvents.Ingress.cs,48,71,12f,campaign.missionEventSystem.ingressLengthScale,x,ban_kinh,07,pass2:inline,,"multiply: if (Vector2.DistanceSquared(g.Position, spot) < 12f * 12f) return g.VisualIngressLength;"
Sim/Modes/MissionEvents.Ingress.cs,68,58,4,campaign.missionEventSystem.announceIngressIMax,count,gioi_han_thuc_the,07,pass2:inline,,compare: for (var i = 0; i < g.Units.Count && i < 4; i++)
Sim/Modes/MissionEvents.Kinds.cs,67,36,25f,campaign.weatherPlan.seconds,s,thoi_gian,07,pass2:inline,,field_init: public float Seconds = 25f;
Sim/Modes/MissionEvents.Kinds.cs,153,98,25f,campaign.missionEventSystem.prepareFallback,s,thoi_gian,07,pass2:inline,,"arg:MissionEventDef.Number: s.Plan = new WeatherPlan { To = to, Seconds = Math.Clamp(e.Number(""seconds"", 25f), 20f, 30f) };"
Sim/Modes/MissionEvents.Kinds.cs,153,104,20f,campaign.missionEventSystem.prepareNumberMin,s,thoi_gian,07,pass2:inline,,"math_clamp: s.Plan = new WeatherPlan { To = to, Seconds = Math.Clamp(e.Number(""seconds"", 25f), 20f, 30f) };"
Sim/Modes/MissionEvents.Kinds.cs,153,109,30f,campaign.missionEventSystem.prepareNumberMax,s,thoi_gian,07,pass2:inline,,"math_clamp: s.Plan = new WeatherPlan { To = to, Seconds = Math.Clamp(e.Number(""seconds"", 25f), 20f, 30f) };"
Sim/Modes/MissionEvents.Kinds.cs,197,44,3,campaign.missionEventSystem.composeIndexScale,x,gioi_han_thuc_the,07,pass2:inline,,multiply: var id = roster[(s.Index * 3 + s.Fired * 5 + k) % roster.Count];
Sim/Modes/MissionEvents.Kinds.cs,197,58,5,campaign.missionEventSystem.composeFiredScale,x,gioi_han_thuc_the,07,pass2:inline,,multiply: var id = roster[(s.Index * 3 + s.Fired * 5 + k) % roster.Count];
Sim/Modes/MissionEvents.Kinds.cs,210,45,6f,campaign.missionEventSystem.prepareWaveFallback,count,gioi_han_thuc_the,07,pass2:inline,,"arg:MissionEventSystem.WaveSize: var size = Math.Min(WaveSize(e, 6f), Room(world, Enemy));"
Sim/Modes/MissionEvents.Kinds.cs,213,81,2,campaign.missionEventSystem.prepareWaveFallback2,count,xac_suat,07,pass2:inline,,"arg:MissionEventDef.Whole: var count = e.Has(""directions"") ? Math.Max(1, e.Whole(""directions"", 2)) : d.MinDirections + _random.Next(d.MaxDirections - d.MinDirections + 1);"
Sim/Modes/MissionEvents.Kinds.cs,219,39,2,campaign.missionEventSystem.prepareWaveMaxValue,count,xac_suat,07,pass2:inline,,"arg:Random.Next: var flanks = _random.Next(2) == 0 ? new[] { SpawnBearing.Left, SpawnBearing.Right } : new[] { SpawnBearing.Right, SpawnBearing.Left };"
Sim/Modes/MissionEvents.Kinds.cs,290,49,4f,campaign.missionEventSystem.prepareRaidFallback,count,gioi_han_thuc_the,07,pass2:inline,,"arg:MissionEventSystem.WaveSize: var size = Math.Min(WaveSize(s.Def, 4f), Room(world, Enemy));"
Sim/Modes/MissionEvents.Kinds.cs,319,48,12,campaign.missionEventSystem.prepareAlliesFallback,count,tran,07,pass2:inline,,"arg:MissionEventDef.Whole: var room = Math.Min(e.Whole(""max"", 12), Room(world, Player, e.Whole(""cap"", Rules.AllyCap)));"
Sim/Modes/MissionEvents.Kinds.cs,426,76,16f,campaign.missionEventSystem.prepareLineFallback,x,khac,07,pass2:inline,,"arg:MissionEventDef.Number: var line = world.ClampToMap(centre + ahead * e.Number(""ahead"", 16f));"
Sim/Modes/MissionEvents.Kinds.cs,428,47,10f,campaign.missionEventSystem.prepareLineFallback2,m,ban_kinh,07,pass2:inline,,"arg:MissionEventDef.Number: var spacing = e.Number(""spacing"", 10f);"
Sim/Modes/MissionEvents.Kinds.cs,450,148,6f,campaign.missionEventSystem.estimateFallback,count,gioi_han_thuc_the,07,pass2:inline,,"arg:MissionEventSystem.WaveSize: private float Estimate(SimWorld world, EventState s) => Strength(world.Catalog, Compose(world, s, RosterFor(world, s.Def), WaveSize(s.Def, 6f)));"
Sim/Modes/MissionEvents.Kinds.cs,597,61,4,campaign.missionEventSystem.prepareCeasefireFallback,x,nguong,07,pass2:inline,,"arg:MissionEventDef.Whole: var size = Math.Min(Math.Max(1, e.Whole(""size"", 4)), Room(world, Enemy));"
Sim/Modes/MissionEvents.Kinds.cs,640,30,2,campaign.missionEventSystem.prepareCrossingMaxValue,share,xac_suat,07,pass2:inline,,"arg:Random.Next: if (_random.Next(2) == 0) (from, to) = (to, from);"
Sim/Modes/MissionEvents.Kinds.cs,651,45,24,campaign.missionEventSystem.prepareCrateAttemptMax,x,tan_suat,07,pass2:inline,,compare: for (var attempt = 0; attempt < 24; attempt++)
Sim/Modes/MissionEvents.Kinds.cs,653,103,0.2f,campaign.missionEventSystem.prepareCrateNextDoubleScale2,x,ban_kinh,07,pass2:inline,,"multiply: var at = map.Centre + new Vector2((float)(_random.NextDouble() * 2 - 1) * map.Width * 0.2f, (float)(_random.NextDouble() * 2 - 1) * map.Length * 0.2f)"
Sim/Modes/MissionEvents.Kinds.cs,653,162,0.2f,campaign.missionEventSystem.prepareCrateNextDoubleScale2,x,ban_kinh,07,pass2:inline,,"multiply: var at = map.Centre + new Vector2((float)(_random.NextDouble() * 2 - 1) * map.Width * 0.2f, (float)(_random.NextDouble() * 2 - 1) * map.Length * 0.2f)"
Sim/Modes/MissionEvents.Kinds.cs,657,60,40f,campaign.missionEventSystem.prepareCrateDistanceMax,m,ban_kinh,07,pass2:inline,,"compare: if (Vector2.Distance(team.Rally, at) < 40f) clear = false;"
Sim/Modes/MissionEvents.Kinds.cs,674,57,5,campaign.missionEventSystem.happenTriesMax,x,sat_thuong,07,pass2:inline,,"compare: if (Seen(world, up.At) && s.Tries < 5) return Outcome.Retry;"
Sim/Modes/MissionEvents.Kinds.cs,687,113,5,campaign.missionEventSystem.happenTriesMax,x,sat_thuong,07,pass2:inline,,"compare: if (!Spawns!.TryPlace(world, g.Point, Rules.NearSight, Player, out var at) && s.Tries < 5) return Outcome.Retry;"
Sim/Modes/MissionEvents.Kinds.cs,726,64,3,campaign.missionEventSystem.happenFallback,x,sat_thuong,07,pass2:inline,,"arg:MissionEventDef.Whole: var salvos = Math.Max(1, e.Whole(""salvos"", 3));"
Sim/Modes/MissionEvents.Kinds.cs,727,53,18f,campaign.missionEventSystem.happenFallback2,x,sat_thuong,07,pass2:inline,,"arg:MissionEventDef.Number: var radius = e.Number(""radius"", 18f);"
Sim/Modes/MissionEvents.Kinds.cs,732,56,1.5,campaign.missionEventSystem.happenKScale,x,sat_thuong,07,pass2:inline,,"multiply: _strikes.Add((world.Time + k * 1.5, support, Enemy, at, at + Vector2.UnitX));"
Sim/Modes/MissionEvents.Kinds.cs,756,90,3,campaign.missionEventSystem.happenAirFalse,x,sat_thuong,07,pass2:inline,,"conditional: var count = Math.Max(1, e.Whole(air ? ""passes"" : ""salvos"", air ? 1 : 3));"
Sim/Modes/MissionEvents.Kinds.cs,759,120,6f,campaign.missionEventSystem.happenKScale2,x,sat_thuong,07,pass2:inline,,"multiply: var start = support.IsLine ? at - along * (support.Length * 0.5f) : at + new Vector2((k % 2) * 6f - 3f, (k / 2) * 6f - 3f) * (k > 0 ? 1f : 0f);"
Sim/Modes/MissionEvents.Kinds.cs,759,125,3f,campaign.missionEventSystem.happenKSub,x,sat_thuong,07,pass2:inline,,"subtract: var start = support.IsLine ? at - along * (support.Length * 0.5f) : at + new Vector2((k % 2) * 6f - 3f, (k / 2) * 6f - 3f) * (k > 0 ? 1f : 0f);"
Sim/Modes/MissionEvents.Kinds.cs,759,134,2,campaign.missionEventSystem.happenKDivisor,x,sat_thuong,07,pass2:inline,,"divide: var start = support.IsLine ? at - along * (support.Length * 0.5f) : at + new Vector2((k % 2) * 6f - 3f, (k / 2) * 6f - 3f) * (k > 0 ? 1f : 0f);"
Sim/Modes/MissionEvents.Kinds.cs,759,139,6f,campaign.missionEventSystem.happenKScale2,x,sat_thuong,07,pass2:inline,,"multiply: var start = support.IsLine ? at - along * (support.Length * 0.5f) : at + new Vector2((k % 2) * 6f - 3f, (k / 2) * 6f - 3f) * (k > 0 ? 1f : 0f);"
Sim/Modes/MissionEvents.Kinds.cs,759,144,3f,campaign.missionEventSystem.happenKSub,x,sat_thuong,07,pass2:inline,,"subtract: var start = support.IsLine ? at - along * (support.Length * 0.5f) : at + new Vector2((k % 2) * 6f - 3f, (k / 2) * 6f - 3f) * (k > 0 ? 1f : 0f);"
Sim/Modes/MissionEvents.Kinds.cs,760,63,3.0,campaign.missionEventSystem.happenAirTrue,x,sat_thuong,07,pass2:inline,,"conditional: _strikes.Add((world.Time + k * (air ? 3.0 : 1.5), id, Player, world.ClampToMap(start), start + along));"
Sim/Modes/MissionEvents.Kinds.cs,760,69,1.5,campaign.missionEventSystem.happenAirFalse2,x,sat_thuong,07,pass2:inline,,"conditional: _strikes.Add((world.Time + k * (air ? 3.0 : 1.5), id, Player, world.ClampToMap(start), start + along));"
Sim/Modes/MissionEvents.Kinds.cs,776,56,900000,campaign.missionEventSystem.happenAdd,x,sat_thuong,07,pass2:inline,,"add: var crate = new Crate(new EntityId(900000 + _crateIds++), s.Where, world.Time + 5.0, world.Time + 55.0);"
Sim/Modes/MissionEvents.Kinds.cs,776,101,5.0,campaign.missionEventSystem.happenTimeAdd,s,sat_thuong,07,pass2:inline,,"add: var crate = new Crate(new EntityId(900000 + _crateIds++), s.Where, world.Time + 5.0, world.Time + 55.0);"
Sim/Modes/MissionEvents.Kinds.cs,776,119,55.0,campaign.missionEventSystem.happenTimeAdd2,s,sat_thuong,07,pass2:inline,,"add: var crate = new Crate(new EntityId(900000 + _crateIds++), s.Where, world.Time + 5.0, world.Time + 55.0);"
Sim/Modes/MissionEvents.Kinds.cs,779,62,5f,campaign.missionEventSystem.happenSeconds,x,sat_thuong,07,pass2:inline,,"arg:SimEvent.CrateIncoming: world.Emit(SimEvent.CrateIncoming(crate, 5f));"
Sim/Modes/MissionEvents.Kinds.cs,780,47,5f,campaign.missionEventSystem.happenSeconds,x,sat_thuong,07,pass2:inline,,"arg:MissionEventSystem.Notice: Notice(world, s, ""start"", 5f);"
Sim/Modes/MissionEvents.Kinds.cs,789,62,0.5,campaign.missionEventSystem.happenTimeAdd3,s,sat_thuong,07,pass2:inline,,add: s.EndsAt = world.Time + drop.Delay + 0.5;
Sim/Modes/MissionEvents.Kinds.cs,798,55,8f,campaign.missionEventSystem.happenFallback4,x,sat_thuong,07,pass2:inline,,"arg:MissionEventDef.Number: var seconds = e.Number(""seconds"", 8f);"
Sim/Modes/MissionEvents.Kinds.cs,799,79,30f,campaign.missionEventSystem.happenFallback5,x,sat_thuong,07,pass2:inline,,"arg:MissionEventDef.Number: world.Strikes.AddScan(Player, s.Where, e.Number(""radius"", 30f), seconds);"
Sim/Modes/MissionEvents.Kinds.cs,806,55,20f,campaign.missionEventSystem.happenFallback6,x,sat_thuong,07,pass2:inline,,"arg:MissionEventDef.Number: var seconds = e.Number(""seconds"", 20f);"
Sim/Modes/MissionEvents.Kinds.cs,825,42,0.5f,campaign.missionEventSystem.happenNumberFloor,x,sat_thuong,07,pass2:inline,,"math_max: var fall = MathF.Max(0.5f, e.Number(""fall"", 4f));"
Sim/Modes/MissionEvents.Kinds.cs,825,65,4f,campaign.missionEventSystem.happenFallback7,x,sat_thuong,07,pass2:inline,,"arg:MissionEventDef.Number: var fall = MathF.Max(0.5f, e.Number(""fall"", 4f));"
Sim/Modes/MissionEvents.Kinds.cs,827,79,6f,campaign.missionEventSystem.happenFallback8,x,sat_thuong,07,pass2:inline,,"arg:MissionEventDef.Number: _rods.Add((world.Time + fall, s.Where, e.Number(""radius"", 6f), e.Number(""damage"", 900f), look, s.Index));"
Sim/Modes/MissionEvents.Kinds.cs,827,103,900f,campaign.missionEventSystem.happenFallback9,x,sat_thuong,07,pass2:inline,,"arg:MissionEventDef.Number: _rods.Add((world.Time + fall, s.Where, e.Number(""radius"", 6f), e.Number(""damage"", 900f), look, s.Index));"
Sim/Modes/MissionEvents.Kinds.cs,835,96,0.1f,campaign.missionEventSystem.happenFloor,x,sat_thuong,07,pass2:inline,,"math_max: var ratio = (sight.TryGetValue(plan.To, out var to) ? to : 1f) / MathF.Max(0.1f, sight.TryGetValue(from, out var was) ? was : 1f);"
Sim/Modes/MissionEvents.Kinds.cs,837,74,0.5f,campaign.missionEventSystem.happenWeatherSightMin,x,sat_thuong,07,pass2:inline,,"math_clamp: plan.Target = Math.Clamp(world.WeatherSight * ratio, 0.5f, 1.3f);"
Sim/Modes/MissionEvents.Kinds.cs,837,80,1.3f,campaign.missionEventSystem.happenWeatherSightMax,x,sat_thuong,07,pass2:inline,,"math_clamp: plan.Target = Math.Clamp(world.WeatherSight * ratio, 0.5f, 1.3f);"
Sim/Modes/MissionEvents.Kinds.cs,859,104,5,campaign.missionEventSystem.fieldGeneralTriesMax,m,ban_kinh,07,pass2:inline,,"compare: if (!Spawns!.TryPlace(world, plan.Point, Rules.NearSight, Player, out var at) && s.Tries < 5) return Outcome.Retry;"
Sim/Modes/MissionEvents.Kinds.cs,873,87,6f,campaign.missionEventSystem.fieldGeneralKAdd,x,khac,07,pass2:inline,,add: var spot = world.ClampToMap(at + across * ((k % 2 == 0 ? 1f : -1f) * (6f + 4f * (k / 2))) - plan.Point.Inward * 4f);
Sim/Modes/MissionEvents.Kinds.cs,873,92,4f,campaign.missionEventSystem.fieldGeneralKScale,x,khac,07,pass2:inline,,multiply: var spot = world.ClampToMap(at + across * ((k % 2 == 0 ? 1f : -1f) * (6f + 4f * (k / 2))) - plan.Point.Inward * 4f);
Sim/Modes/MissionEvents.Kinds.cs,873,102,2,campaign.missionEventSystem.fieldGeneralKDivisor,x,khac,07,pass2:inline,,divide: var spot = world.ClampToMap(at + across * ((k % 2 == 0 ? 1f : -1f) * (6f + 4f * (k / 2))) - plan.Point.Inward * 4f);
Sim/Modes/MissionEvents.Kinds.cs,873,129,4f,campaign.missionEventSystem.fieldGeneralInwardScale,x,khac,07,pass2:inline,,multiply: var spot = world.ClampToMap(at + across * ((k % 2 == 0 ? 1f : -1f) * (6f + 4f * (k / 2))) - plan.Point.Inward * 4f);
Sim/Modes/MissionEvents.Kinds.cs,887,54,3,campaign.missionEventSystem.startConvoyFallback,count,gioi_han_thuc_the,07,pass2:inline,,"arg:MissionEventDef.Whole: var count = Math.Max(1, e.Whole(""count"", 3));"
Sim/Modes/MissionEvents.Kinds.cs,888,47,120f,campaign.missionEventSystem.startConvoyFallback3,s,thoi_gian,07,pass2:inline,,"arg:MissionEventDef.Number: var seconds = e.Number(""seconds"", 120f);"
Sim/Modes/MissionEvents.Kinds.cs,904,110,3,campaign.missionEventSystem.startConvoyKMod,x,khac,07,pass2:inline,,"modulo: var v = world.SpawnVehicle(id, Player, world.ClampToMap(plan.From + new Vector2((k % 3 - 1) * 5f, (k / 3) * 5f)), 0f);"
Sim/Modes/MissionEvents.Kinds.cs,904,119,5f,campaign.missionEventSystem.startConvoyKScale,x,khac,07,pass2:inline,,"multiply: var v = world.SpawnVehicle(id, Player, world.ClampToMap(plan.From + new Vector2((k % 3 - 1) * 5f, (k / 3) * 5f)), 0f);"
Sim/Modes/MissionEvents.Kinds.cs,904,128,3,campaign.missionEventSystem.startConvoyKDivisor,x,khac,07,pass2:inline,,"divide: var v = world.SpawnVehicle(id, Player, world.ClampToMap(plan.From + new Vector2((k % 3 - 1) * 5f, (k / 3) * 5f)), 0f);"
Sim/Modes/MissionEvents.Kinds.cs,904,133,5f,campaign.missionEventSystem.startConvoyKScale,x,khac,07,pass2:inline,,"multiply: var v = world.SpawnVehicle(id, Player, world.ClampToMap(plan.From + new Vector2((k % 3 - 1) * 5f, (k / 3) * 5f)), 0f);"
Sim/Modes/MissionEvents.Kinds.cs,909,53,4f,campaign.missionEventSystem.startConvoyFallback2,count,gioi_han_thuc_the,07,pass2:inline,,"arg:MissionEventSystem.WaveSize: var size = Math.Min(WaveSize(e, 4f), Room(world, Enemy));"
Sim/Modes/MissionEvents.Kinds.cs,915,74,0.45f,campaign.missionEventSystem.startConvoyKScale2,x,gioi_han_thuc_the,07,pass2:inline,,multiply: var angle = (k - (besiegers.Count - 1) * 0.5f) * 0.45f;
Sim/Modes/MissionEvents.Kinds.cs,917,138,24f,campaign.missionEventSystem.startConvoyOffScale,x,gioi_han_thuc_the,07,pass2:inline,,"multiply: var v = world.SpawnVehicle(world.Economy.ForWave(Enemy, besiegers[k]), Enemy, world.ClampToMap(plan.From + off * 24f), SimMath.HeadingOf(-off));"
Sim/Modes/MissionEvents.Kinds.cs,933,105,9f,campaign.missionEventSystem.startConvoyKScale3,x,khac,07,pass2:inline,,"multiply: var v = world.SpawnVehicle(Truck, team, world.ClampToMap(plan.From - dir * (k * 9f)), SimMath.HeadingOf(dir));"
Sim/Modes/MissionEvents.Kinds.cs,992,121,16f,campaign.missionEventSystem.updateFallback,m,ban_kinh,07,pass2:inline,,"arg:MissionEventDef.Number: if (v.IsAlive && v.Team == Player && Vector2.Distance(v.Position, s.Where) < e.Number(""radius"", 16f)) world.Refill(v);"
Sim/Modes/MissionEvents.Kinds.cs,1004,83,0.1,campaign.missionEventSystem.updateSecondsFloor,s,thoi_gian,07,pass2:inline,,"math_max: var t = (float)Math.Clamp((world.Time - s.StartAt) / Math.Max(0.1, plan.Seconds), 0.0, 1.0);"
Sim/Modes/MissionEvents.Kinds.cs,1044,67,2,campaign.missionEventSystem.counterBatteryFallback,count,thoi_gian,07,pass2:inline,,"arg:MissionEventDef.Whole: for (var k = 0; k < Math.Max(1, e.Whole(""salvos"", 2)); k++) _strikes.Add((world.Time + k * 1.2, support, Enemy, plan.At, plan.At + Vector2.UnitX));"
Sim/Modes/MissionEvents.Kinds.cs,1044,108,1.2,campaign.missionEventSystem.counterBatteryKScale,x,thoi_gian,07,pass2:inline,,"multiply: for (var k = 0; k < Math.Max(1, e.Whole(""salvos"", 2)); k++) _strikes.Add((world.Time + k * 1.2, support, Enemy, plan.At, plan.At + Vector2.UnitX));"
Sim/Modes/MissionEvents.Kinds.cs,1046,70,45f,campaign.missionEventSystem.counterBatteryFallback2,count,thoi_gian,07,pass2:inline,,"arg:MissionEventDef.Number: plan.NextAllowed = world.Time + e.Number(""cooldown"", 45f);"
Sim/Modes/MissionEvents.Kinds.cs,1049,63,10,campaign.missionEventSystem.counterBatteryTickMod,ticks,thoi_gian,07,pass2:inline,,modulo: if (world.Time < plan.NextAllowed || world.Tick % 10 != 0) return;
Sim/Modes/MissionEvents.Kinds.cs,1050,43,20f,campaign.missionEventSystem.counterBatteryFallback3,count,gioi_han_thuc_the,07,pass2:inline,,"arg:MissionEventDef.Number: var still = e.Number(""still"", 20f);"
Sim/Modes/MissionEvents.Kinds.cs,1054,87,3.0,campaign.missionEventSystem.counterBatteryTimeMin,s,thoi_gian,07,pass2:inline,,compare: if (world.Time - v.StillSince < still || world.Time - v.LastFiredAt > 3.0) continue;
Sim/Modes/MissionEvents.Kinds.cs,1055,45,5f,campaign.missionEventSystem.counterBatteryFallback4,count,gioi_han_thuc_the,07,pass2:inline,,"arg:MissionEventDef.Number: var lead = e.Number(""lead"", 5f);"
Sim/Modes/MissionEvents.Kinds.cs,1084,44,8.0,campaign.missionEventSystem.watchGeneralTimeAdd,s,thoi_gian,07,pass2:inline,,add: alive.ExpiresAt = world.Time + 8.0;
Sim/Modes/MissionEvents.Kinds.cs,1121,98,0.1,campaign.missionEventSystem.watchConvoyNowAdd,s,thoi_gian,07,pass2:inline,,"add: if (world.TryGetVehicle(id, out var v) && v.IsAlive) v.ExpiresAt = now + 0.1;"
Sim/Modes/MissionEvents.Kinds.cs,1133,65,8f,campaign.missionEventSystem.watchConvoyDistanceMin,m,ban_kinh,07,pass2:inline,,"compare: if (Vector2.Distance(truck.Position, plan.To) > 8f)"
Sim/Modes/MissionEvents.Kinds.cs,1219,122,6f,campaign.missionEventSystem.watchCratesHullRadiusAdd,m,ban_kinh,07,pass2:inline,,"add: if (!v.IsAlive || v.Flying || v.Team is < 0 or > 1 || Vector2.Distance(v.Position, crate.Position) > 6f + v.Def.HullRadius) continue;"
Sim/Modes/MissionEvents.Kinds.cs,1225,68,2f,campaign.missionEventSystem.watchCratesDtDivisor,x,tan_suat,07,pass2:inline,,"divide: crate.Claim = MathF.Max(0f, crate.Claim - dt / 2f);"
Sim/Modes/MissionEvents.Kinds.cs,1230,37,2f,campaign.missionEventSystem.watchCratesDtDivisor,x,tan_suat,07,pass2:inline,,divide: crate.Claim += dt / 2f;
Sim/Modes/MissionEvents.Kinds.cs,1240,124,25f,campaign.missionEventSystem.watchCratesDistanceMax,m,ban_kinh,07,pass2:inline,,"compare: if (v.IsAlive && v.Team == holder && !v.Def.Boss && Vector2.Distance(v.Position, crate.Position) < 25f)"
Sim/Modes/MissionEvents.Kinds.cs,1246,140,12,campaign.missionEventSystem.watchCratesFallback,x,tan_suat,07,pass2:inline,,"arg:MissionEventDef.Whole: else if (world.TryGetEconomy(holder, out var economy)) economy.Cp = MathF.Min(economy.Bank, economy.Cp + s.Def.Whole(""cp"", 12));"
Sim/Modes/MissionEvents.Kinds.cs,1280,94,4f,campaign.missionEventSystem.stepRodsPen,x,sat_thuong,07,pass2:inline,,"arg:HitInfo.WithPen: info: new HitInfo(null, Enemy, null, r.at, HitKind.Direct, true).WithPen(4f, true));"
Sim/Modes/MissionEvents.Kinds.cs,1291,104,5,campaign.missionEventSystem.startCeasefireTriesMax,m,ban_kinh,07,pass2:inline,,"compare: if (!Spawns!.TryPlace(world, plan.Point, Rules.NearSight, Player, out var at) && s.Tries < 5) return Outcome.Retry;"
Sim/Modes/MissionEvents.Kinds.cs,1296,65,3,campaign.missionEventSystem.startCeasefireKMod,x,khac,07,pass2:inline,,modulo: var spot = world.ClampToMap(at + across * ((k % 3) - 1f) * 7f - plan.Point.Inward * (k / 3) * 7f);
Sim/Modes/MissionEvents.Kinds.cs,1296,76,7f,campaign.missionEventSystem.startCeasefireAcrossScale,x,khac,07,pass2:inline,,multiply: var spot = world.ClampToMap(at + across * ((k % 3) - 1f) * 7f - plan.Point.Inward * (k / 3) * 7f);
Sim/Modes/MissionEvents.Kinds.cs,1296,106,3,campaign.missionEventSystem.startCeasefireKDivisor,x,khac,07,pass2:inline,,divide: var spot = world.ClampToMap(at + across * ((k % 3) - 1f) * 7f - plan.Point.Inward * (k / 3) * 7f);
Sim/Modes/MissionEvents.Kinds.cs,1296,111,7f,campaign.missionEventSystem.startCeasefireInwardScale,x,khac,07,pass2:inline,,multiply: var spot = world.ClampToMap(at + across * ((k % 3) - 1f) * 7f - plan.Point.Inward * (k / 3) * 7f);
Sim/Modes/MissionEvents.Kinds.cs,1305,47,150f,campaign.missionEventSystem.startCeasefireFallback,s,thoi_gian,07,pass2:inline,,"arg:MissionEventDef.Number: var seconds = e.Number(""seconds"", 150f);"
Sim/Modes/MissionEvents.Kinds.cs,1359,119,20,campaign.missionEventSystem.payEnemyFallback,x,nguong,07,pass2:inline,,"arg:MissionEventDef.Whole: if (world.TryGetEconomy(Enemy, out var foe)) foe.Cp = MathF.Min(foe.Bank, foe.Cp + s.Def.Whole(""enemyCp"", 20));"
Sim/Modes/MissionEvents.P31.cs,43,35,0.6f,campaign.stormPlan.inside,s,thoi_gian,07,pass2:inline,,"field_init: public float Inside = 0.6f, Outside = 1f, Seconds = 25f, Hold = 150f;"
Sim/Modes/MissionEvents.P31.cs,43,65,25f,campaign.stormPlan.seconds,s,thoi_gian,07,pass2:inline,,"field_init: public float Inside = 0.6f, Outside = 1f, Seconds = 25f, Hold = 150f;"
Sim/Modes/MissionEvents.P31.cs,43,77,150f,campaign.stormPlan.hold,s,thoi_gian,07,pass2:inline,,"field_init: public float Inside = 0.6f, Outside = 1f, Seconds = 25f, Hold = 150f;"
Sim/Modes/MissionEvents.P31.cs,65,35,30f,campaign.icePlan.radius,m,thoi_gian,07,pass2:inline,,"field_init: public float Radius = 30f, Seconds = 10f, Slow = 0.4f, SlowFor = 8f;"
Sim/Modes/MissionEvents.P31.cs,65,50,10f,campaign.icePlan.seconds,s,thoi_gian,07,pass2:inline,,"field_init: public float Radius = 30f, Seconds = 10f, Slow = 0.4f, SlowFor = 8f;"
Sim/Modes/MissionEvents.P31.cs,65,62,0.4f,campaign.icePlan.slow,s,thoi_gian,07,pass2:inline,,"field_init: public float Radius = 30f, Seconds = 10f, Slow = 0.4f, SlowFor = 8f;"
Sim/Modes/MissionEvents.P31.cs,65,78,8f,campaign.icePlan.slowFor,s,thoi_gian,07,pass2:inline,,"field_init: public float Radius = 30f, Seconds = 10f, Slow = 0.4f, SlowFor = 8f;"
Sim/Modes/MissionEvents.P31.cs,83,34,30f,campaign.firePlan.every,x,tan_suat,07,pass2:inline,,"field_init: public float Every = 30f, Dps = 40f, Burn = 6f;"
Sim/Modes/MissionEvents.P31.cs,83,45,40f,campaign.firePlan.dps,x,tan_suat,07,pass2:inline,,"field_init: public float Every = 30f, Dps = 40f, Burn = 6f;"
Sim/Modes/MissionEvents.P31.cs,83,57,6f,campaign.firePlan.burn,x,tan_suat,07,pass2:inline,,"field_init: public float Every = 30f, Dps = 40f, Burn = 6f;"
Sim/Modes/MissionEvents.P31.cs,138,103,0.5f,campaign.missionEventSystem.prepareP31MaxScale,x,ban_kinh,07,pass2:inline,,"multiply: foreach (var b in to.Blocks) s.Marks.Add((b.Center, MathF.Max(b.Width, b.Depth) * 0.5f + 6f));"
Sim/Modes/MissionEvents.P31.cs,138,110,6f,campaign.missionEventSystem.prepareP31MaxAdd,count,ban_kinh,07,pass2:inline,,"add: foreach (var b in to.Blocks) s.Marks.Add((b.Center, MathF.Max(b.Width, b.Depth) * 0.5f + 6f));"
Sim/Modes/MissionEvents.P31.cs,144,89,0.5f,campaign.missionEventSystem.prepareP31MaxScale,x,ban_kinh,07,pass2:inline,,"multiply: if (!kept) s.Marks.Add((b.Center, MathF.Max(b.Width, b.Depth) * 0.5f + 6f));"
Sim/Modes/MissionEvents.P31.cs,144,96,6f,campaign.missionEventSystem.prepareP31MaxAdd,count,ban_kinh,07,pass2:inline,,"add: if (!kept) s.Marks.Add((b.Center, MathF.Max(b.Width, b.Depth) * 0.5f + 6f));"
Sim/Modes/MissionEvents.P31.cs,156,52,0.6f,campaign.missionEventSystem.prepareP31Fallback,m,ban_kinh,07,pass2:inline,,"arg:MissionEventDef.Number: Inside = e.Number(""sight"", 0.6f),"
Sim/Modes/MissionEvents.P31.cs,158,66,25f,campaign.missionEventSystem.prepareP31Fallback3,s,thoi_gian,07,pass2:inline,,"arg:MissionEventDef.Number: Seconds = Math.Clamp(e.Number(""seconds"", 25f), 20f, 30f),"
Sim/Modes/MissionEvents.P31.cs,158,72,20f,campaign.missionEventSystem.prepareP31NumberMin,s,thoi_gian,07,pass2:inline,,"math_clamp: Seconds = Math.Clamp(e.Number(""seconds"", 25f), 20f, 30f),"
Sim/Modes/MissionEvents.P31.cs,158,77,30f,campaign.missionEventSystem.prepareP31NumberMax,s,thoi_gian,07,pass2:inline,,"math_clamp: Seconds = Math.Clamp(e.Number(""seconds"", 25f), 20f, 30f),"
Sim/Modes/MissionEvents.P31.cs,159,63,150f,campaign.missionEventSystem.prepareP31Fallback4,x,nguong,07,pass2:inline,,"arg:MissionEventDef.Number: Hold = MathF.Max(0f, e.Number(""hold"", 150f)),"
Sim/Modes/MissionEvents.P31.cs,170,67,30f,campaign.missionEventSystem.prepareP31NumberFloor,x,nguong,07,pass2:inline,,"math_max: var plan = new PowerPlan { Outage = MathF.Max(30f, e.Number(""outage"", 90f)) };"
Sim/Modes/MissionEvents.P31.cs,170,91,90f,campaign.missionEventSystem.prepareP31Fallback5,x,nguong,07,pass2:inline,,"arg:MissionEventDef.Number: var plan = new PowerPlan { Outage = MathF.Max(30f, e.Number(""outage"", 90f)) };"
Sim/Modes/MissionEvents.P31.cs,171,75,25f,campaign.missionEventSystem.prepareP31Fallback3,s,thoi_gian,07,pass2:inline,,"arg:MissionEventDef.Number: plan.Weather.Seconds = Math.Clamp(e.Number(""seconds"", 25f), 20f, 30f);"
Sim/Modes/MissionEvents.P31.cs,171,81,20f,campaign.missionEventSystem.prepareP31NumberMin,s,thoi_gian,07,pass2:inline,,"math_clamp: plan.Weather.Seconds = Math.Clamp(e.Number(""seconds"", 25f), 20f, 30f);"
Sim/Modes/MissionEvents.P31.cs,171,86,30f,campaign.missionEventSystem.prepareP31NumberMax,s,thoi_gian,07,pass2:inline,,"math_clamp: plan.Weather.Seconds = Math.Clamp(e.Number(""seconds"", 25f), 20f, 30f);"
Sim/Modes/MissionEvents.P31.cs,179,45,8,campaign.missionEventSystem.prepareP31CountMax,count,gioi_han_thuc_the,07,pass2:inline,,"compare: if (s.Marks.Count < 8) s.Marks.Add((v.Position, 8f));"
Sim/Modes/MissionEvents.P31.cs,179,73,8f,campaign.missionEventSystem.prepareP31Gioi,count,gioi_han_thuc_the,07,pass2:inline,,"tuple: if (s.Marks.Count < 8) s.Marks.Add((v.Position, 8f));"
Sim/Modes/MissionEvents.P31.cs,193,75,20f,campaign.missionEventSystem.prepareP31Scale,x,ban_kinh,07,pass2:inline,,"multiply: if (Vector2.DistanceSquared(at, v.Position) < 20f * 20f) near = true;"
Sim/Modes/MissionEvents.P31.cs,193,81,20f,campaign.missionEventSystem.prepareP31Scale,x,ban_kinh,07,pass2:inline,,"multiply: if (Vector2.DistanceSquared(at, v.Position) < 20f * 20f) near = true;"
Sim/Modes/MissionEvents.P31.cs,194,54,6,campaign.missionEventSystem.prepareP31CountMax2,count,gioi_han_thuc_the,07,pass2:inline,,"compare: if (!near && s.Marks.Count < 6) s.Marks.Add((v.Position, 12f));"
Sim/Modes/MissionEvents.P31.cs,194,82,12f,campaign.missionEventSystem.prepareP31Gioi2,count,gioi_han_thuc_the,07,pass2:inline,,"tuple: if (!near && s.Marks.Count < 6) s.Marks.Add((v.Position, 12f));"
Sim/Modes/MissionEvents.P31.cs,205,44,4f,campaign.missionEventSystem.prepareP31NumberFloor2,m,ban_kinh,07,pass2:inline,,"math_max: Radius = MathF.Max(4f, e.Number(""radius"", 30f)),"
Sim/Modes/MissionEvents.P31.cs,205,67,30f,campaign.missionEventSystem.prepareP31Fallback7,m,ban_kinh,07,pass2:inline,,"arg:MissionEventDef.Number: Radius = MathF.Max(4f, e.Number(""radius"", 30f)),"
Sim/Modes/MissionEvents.P31.cs,206,69,10f,campaign.missionEventSystem.prepareP31Fallback8,s,thoi_gian,07,pass2:inline,,"arg:MissionEventDef.Number: Seconds = MathF.Max(1f, e.Number(""seconds"", 10f)),"
Sim/Modes/MissionEvents.P31.cs,207,60,0.4f,campaign.missionEventSystem.prepareP31Fallback9,x,khac,07,pass2:inline,,"arg:MissionEventDef.Number: Slow = Math.Clamp(e.Number(""slow"", 0.4f), 0.05f, 0.9f),"
Sim/Modes/MissionEvents.P31.cs,207,67,0.05f,campaign.missionEventSystem.prepareP31NumberMin2,x,nguong,07,pass2:inline,,"math_clamp: Slow = Math.Clamp(e.Number(""slow"", 0.4f), 0.05f, 0.9f),"
Sim/Modes/MissionEvents.P31.cs,207,74,0.9f,campaign.missionEventSystem.prepareP31NumberMax2,x,nguong,07,pass2:inline,,"math_clamp: Slow = Math.Clamp(e.Number(""slow"", 0.4f), 0.05f, 0.9f),"
Sim/Modes/MissionEvents.P31.cs,208,69,8f,campaign.missionEventSystem.prepareP31Fallback10,x,nguong,07,pass2:inline,,"arg:MissionEventDef.Number: SlowFor = MathF.Max(1f, e.Number(""slowFor"", 8f)),"
Sim/Modes/MissionEvents.P31.cs,222,62,30f,campaign.missionEventSystem.prepareP31Fallback7,x,tan_suat,07,pass2:inline,,"arg:MissionEventDef.Number: Every = Math.Clamp(e.Number(""every"", 30f), 12f, 90f),"
Sim/Modes/MissionEvents.P31.cs,222,68,12f,campaign.missionEventSystem.prepareP31NumberMin3,x,tan_suat,07,pass2:inline,,"math_clamp: Every = Math.Clamp(e.Number(""every"", 30f), 12f, 90f),"
Sim/Modes/MissionEvents.P31.cs,222,73,90f,campaign.missionEventSystem.prepareP31NumberMax3,x,tan_suat,07,pass2:inline,,"math_clamp: Every = Math.Clamp(e.Number(""every"", 30f), 12f, 90f),"
Sim/Modes/MissionEvents.P31.cs,223,61,40f,campaign.missionEventSystem.prepareP31Fallback11,x,nguong,07,pass2:inline,,"arg:MissionEventDef.Number: Dps = MathF.Max(0f, e.Number(""dps"", 40f)),"
Sim/Modes/MissionEvents.P31.cs,224,63,6f,campaign.missionEventSystem.prepareP31Fallback12,x,nguong,07,pass2:inline,,"arg:MissionEventDef.Number: Burn = MathF.Max(1f, e.Number(""burn"", 6f)),"
Sim/Modes/MissionEvents.P31.cs,323,84,0.75f,campaign.missionEventSystem.happenP31TryGetValueFalse,m,ban_kinh,07,pass2:inline,,"conditional: var ratio = (sight.TryGetValue(""Night"", out var to) ? to : 0.75f) / MathF.Max(0.1f, sight.TryGetValue(from, out var was) ? was : 1f);"
Sim/Modes/MissionEvents.P31.cs,323,103,0.1f,campaign.missionEventSystem.happenP31Floor,m,ban_kinh,07,pass2:inline,,"math_max: var ratio = (sight.TryGetValue(""Night"", out var to) ? to : 0.75f) / MathF.Max(0.1f, sight.TryGetValue(from, out var was) ? was : 1f);"
Sim/Modes/MissionEvents.P31.cs,325,86,0.5f,campaign.missionEventSystem.happenP31WeatherSightMin,m,ban_kinh,07,pass2:inline,,"math_clamp: plan.Weather.Target = Math.Clamp(world.WeatherSight * ratio, 0.5f, 1.3f);"
Sim/Modes/MissionEvents.P31.cs,325,92,1.3f,campaign.missionEventSystem.happenP31WeatherSightMax,m,ban_kinh,07,pass2:inline,,"math_clamp: plan.Weather.Target = Math.Clamp(world.WeatherSight * ratio, 0.5f, 1.3f);"
Sim/Modes/MissionEvents.P31.cs,347,42,2f,campaign.missionEventSystem.happenP31NumberFloor,x,nguong,07,pass2:inline,,"math_max: var fall = MathF.Max(2f, s.Def.Number(""fall"", 6f));"
Sim/Modes/MissionEvents.P31.cs,347,67,6f,campaign.missionEventSystem.happenP31Fallback,x,nguong,07,pass2:inline,,"arg:MissionEventDef.Number: var fall = MathF.Max(2f, s.Def.Number(""fall"", 6f));"
Sim/Modes/MissionEvents.P31.cs,353,67,0.6,campaign.missionEventSystem.happenP31KScale,x,thoi_gian,07,pass2:inline,,"multiply: plan.Falling.Add((world.Time + fall + k * 0.6, k));"
Sim/Modes/MissionEvents.P31.cs,373,87,0.1,campaign.missionEventSystem.updateP31SecondsFloor,s,thoi_gian,07,pass2:inline,,"math_max: var t = (float)Math.Clamp((world.Time - s.StartAt) / Math.Max(0.1, plan.Seconds), 0.0, 1.0);"
Sim/Modes/MissionEvents.P31.cs,382,88,0.1,campaign.missionEventSystem.updateP31SecondsFloor,s,thoi_gian,07,pass2:inline,,"math_max: var c = (float)Math.Clamp((world.Time - plan.ClearFrom) / Math.Max(0.1, plan.Seconds), 0.0, 1.0);"
Sim/Modes/MissionEvents.P31.cs,392,87,0.1,campaign.missionEventSystem.updateP31SecondsFloor,s,thoi_gian,07,pass2:inline,,"math_max: var t = (float)Math.Clamp((world.Time - s.StartAt) / Math.Max(0.1, plan.Weather.Seconds), 0.0, 1.0);"
Sim/Modes/MissionEvents.P31.cs,439,48,20.0,campaign.missionEventSystem.stepIceTimeAdd,s,thoi_gian,07,pass2:inline,,add: plan.QuietUntil = world.Time + 20.0;
Sim/Modes/MissionEvents.P31.cs,448,133,0.5f,campaign.missionEventSystem.markStripMaxScale,x,ban_kinh,07,pass2:inline,,"multiply: foreach (var b in site.Def.States[site.Def.IndexOf(state)].Blocks) s.Marks.Add((b.Center, MathF.Max(b.Width, b.Depth) * 0.5f + 4f));"
Sim/Modes/MissionEvents.P31.cs,448,140,4f,campaign.missionEventSystem.markStripMaxAdd,count,ban_kinh,07,pass2:inline,,"add: foreach (var b in site.Def.States[site.Def.IndexOf(state)].Blocks) s.Marks.Add((b.Center, MathF.Max(b.Width, b.Depth) * 0.5f + 4f));"
Sim/Modes/MissionEvents.P31.cs,466,119,10.0,campaign.missionEventSystem.stepFireNextAtSub,s,thoi_gian,07,pass2:inline,,subtract: if (next != null && next.Blocks.Count > 0 && plan.Next > 0 && !plan.Warned && world.Time >= plan.NextAt - 10.0)
Sim/Modes/MissionEvents.P31.cs,488,40,4f,campaign.missionEventSystem.stepFireHzAdd,x,tan_suat,07,pass2:inline,,add: for (var z = -hz + 4f; z <= hz; z += 8f)
Sim/Modes/MissionEvents.P31.cs,488,58,8f,campaign.missionEventSystem.stepFireZ,x,tan_suat,07,pass2:inline,,compound_assign: for (var z = -hz + 4f; z <= hz; z += 8f)
Sim/Modes/MissionEvents.P31.cs,489,99,1.2f,campaign.missionEventSystem.stepFireEveryScale,x,tan_suat,07,pass2:inline,,"multiply: world.Emit(SimEvent.GroundFire(b.Center + new Vector2(x, z), plan.Every * 1.2f, 5f));"
Sim/Modes/MissionEvents.P31.cs,489,105,5f,campaign.missionEventSystem.stepFireRadius,m,ban_kinh,07,pass2:inline,,"arg:SimEvent.GroundFire: world.Emit(SimEvent.GroundFire(b.Center + new Vector2(x, z), plan.Every * 1.2f, 5f));"
Sim/Modes/MissionEvents.P31.cs,490,102,0.25f,campaign.missionEventSystem.stepFireMaxScale,x,ban_kinh,07,pass2:inline,,"multiply: var across = new Vector2(-plan.Wind.Y, plan.Wind.X) * (MathF.Max(b.Width, b.Depth) * 0.25f);"
Sim/Modes/MissionEvents.P31.cs,491,86,0.5f,campaign.missionEventSystem.stepFireMinScale,x,ban_kinh,07,pass2:inline,,"multiply: var downwind = b.Center + plan.Wind * (MathF.Min(b.Width, b.Depth) * 0.5f + 8f);"
Sim/Modes/MissionEvents.P31.cs,491,93,8f,campaign.missionEventSystem.stepFireMinAdd,m,ban_kinh,07,pass2:inline,,"add: var downwind = b.Center + plan.Wind * (MathF.Min(b.Width, b.Depth) * 0.5f + 8f);"
Sim/Modes/MissionEvents.P31.cs,492,39,6f,campaign.missionEventSystem.stepFireMaxFloor,count,ban_kinh,07,pass2:inline,,"math_max: var cloud = MathF.Max(6f, MathF.Max(b.Width, b.Depth) * 0.25f);"
Sim/Modes/MissionEvents.P31.cs,492,73,0.25f,campaign.missionEventSystem.stepFireMaxScale,x,ban_kinh,07,pass2:inline,,"multiply: var cloud = MathF.Max(6f, MathF.Max(b.Width, b.Depth) * 0.25f);"
Sim/Modes/MissionEvents.P31.cs,493,98,1.5f,campaign.missionEventSystem.stepFireEveryScale2,x,tan_suat,07,pass2:inline,,"multiply: world.Strikes.AddSmoke(Teams.Environment, downwind + across, cloud, plan.Every * 1.5f);"
Sim/Modes/MissionEvents.P31.cs,494,98,1.5f,campaign.missionEventSystem.stepFireEveryScale2,x,tan_suat,07,pass2:inline,,"multiply: world.Strikes.AddSmoke(Teams.Environment, downwind - across, cloud, plan.Every * 1.5f);"
Sim/Modes/MissionEvents.P31.cs,499,47,2f,campaign.missionEventSystem.stepFireHxAdd2,x,tan_suat,07,pass2:inline,,add: if (MathF.Abs(d.X) > hx + 2f || MathF.Abs(d.Y) > hz + 2f) continue;
Sim/Modes/MissionEvents.P31.cs,499,75,2f,campaign.missionEventSystem.stepFireHzAdd2,x,tan_suat,07,pass2:inline,,add: if (MathF.Abs(d.X) > hx + 2f || MathF.Abs(d.Y) > hz + 2f) continue;
Sim/Modes/MissionEvents.cs,260,83,8f,campaign.missionEventSystem.leadLeadMin,x,nguong,07,pass2:inline,,"math_clamp: if (ChangesGround(s.Def.Kind)) return Math.Clamp(s.Def.Lead ?? table, 8f, 12f);"
Sim/Modes/MissionEvents.cs,260,87,12f,campaign.missionEventSystem.leadLeadMax,x,nguong,07,pass2:inline,,"math_clamp: if (ChangesGround(s.Def.Kind)) return Math.Clamp(s.Def.Lead ?? table, 8f, 12f);"
Sim/Modes/MissionEvents.cs,266,62,6f,campaign.missionEventSystem.leadTableCap,count,tran,07,pass2:inline,,"math_min: MissionEventKind.AirRaid => MathF.Min(table, 6f),"
Sim/Modes/MissionEvents.cs,277,42,3.0,campaign.missionEventSystem.startTimeAdd,s,thoi_gian,07,pass2:inline,,add: s.NextTry = world.Time + 3.0;
Sim/Modes/MissionEvents.cs,321,129,30f,campaign.missionEventSystem.payDistanceMax,m,ban_kinh,07,pass2:inline,,"compare: if (v.IsAlive && v.Team == MissionMode.PlayerTeam && !v.Def.Boss && Vector2.Distance(v.Position, s.Where) < 30f)"
Sim/Modes/MissionEvents.cs,479,129,0.1f,campaign.missionEventSystem.strengthCombatValueFloor,x,nguong,07,pass2:inline,,"math_max: public static float Strength(VehicleDef def) => MathF.Max(1f, def.ArmyCost > 0 ? def.ArmyCost : def.CpCost) * MathF.Max(0.1f, def.CombatValue);"
Sim/Modes/MissionEvents.cs,501,136,14f,campaign.missionEventSystem.groupScale,x,ban_kinh,07,pass2:inline,,"multiply: if (b.IsAlive && b.Team == team && !b.Flying && !b.Def.Static && Vector2.DistanceSquared(a.Position, b.Position) < 14f * 14f)"
Sim/Modes/MissionEvents.cs,501,142,14f,campaign.missionEventSystem.groupScale,x,ban_kinh,07,pass2:inline,,"multiply: if (b.IsAlive && b.Team == team && !b.Flying && !b.Def.Static && Vector2.DistanceSquared(a.Position, b.Position) < 14f * 14f)"
Sim/Modes/MissionEvents.cs,622,107,4,campaign.missionEventSystem.deliverIMod,x,khac,07,pass2:inline,,"modulo: var spot = drives ? GateSpot(world, at, inward, i) : world.ClampToMap(at + across * ((i % 4) - 1.5f) * 5f - inward * (i / 4) * 6f);"
Sim/Modes/MissionEvents.cs,622,112,1.5f,campaign.missionEventSystem.deliverISub,x,khac,07,pass2:inline,,"subtract: var spot = drives ? GateSpot(world, at, inward, i) : world.ClampToMap(at + across * ((i % 4) - 1.5f) * 5f - inward * (i / 4) * 6f);"
Sim/Modes/MissionEvents.cs,622,120,5f,campaign.missionEventSystem.deliverAcrossScale,x,khac,07,pass2:inline,,"multiply: var spot = drives ? GateSpot(world, at, inward, i) : world.ClampToMap(at + across * ((i % 4) - 1.5f) * 5f - inward * (i / 4) * 6f);"
Sim/Modes/MissionEvents.cs,622,139,4,campaign.missionEventSystem.deliverIDivisor,x,khac,07,pass2:inline,,"divide: var spot = drives ? GateSpot(world, at, inward, i) : world.ClampToMap(at + across * ((i % 4) - 1.5f) * 5f - inward * (i / 4) * 6f);"
Sim/Modes/MissionEvents.cs,622,144,6f,campaign.missionEventSystem.deliverInwardScale,x,khac,07,pass2:inline,,"multiply: var spot = drives ? GateSpot(world, at, inward, i) : world.ClampToMap(at + across * ((i % 4) - 1.5f) * 5f - inward * (i / 4) * 6f);"
Sim/Modes/MissionEvents.cs,625,145,4,campaign.missionEventSystem.deliverIMod,x,khac,07,pass2:inline,,modulo: if (def.Flying && from is { } edge && kind is SpawnKind.Landing or SpawnKind.Air) spot = world.ClampToMap(edge + across * ((i % 4) - 1.5f) * 6f);
Sim/Modes/MissionEvents.cs,625,150,1.5f,campaign.missionEventSystem.deliverISub,x,khac,07,pass2:inline,,subtract: if (def.Flying && from is { } edge && kind is SpawnKind.Landing or SpawnKind.Air) spot = world.ClampToMap(edge + across * ((i % 4) - 1.5f) * 6f);
Sim/Modes/MissionEvents.cs,625,158,6f,campaign.missionEventSystem.deliverAcrossScale2,x,khac,07,pass2:inline,,multiply: if (def.Flying && from is { } edge && kind is SpawnKind.Landing or SpawnKind.Air) spot = world.ClampToMap(edge + across * ((i % 4) - 1.5f) * 6f);
Sim/Modes/MissionEvents.cs,628,136,6f,campaign.missionEventSystem.deliverSeconds,s,thoi_gian,07,pass2:inline,,"arg:SimEvent.StrikeWarning: if (world.Catalog.TryGetSupport(""pod_drop"", out var pod)) world.Emit(SimEvent.StrikeWarning(team, pod, spot, spot, 6f));"
Sim/Modes/MissionEvents.cs,629,46,6.0,campaign.missionEventSystem.deliverTimeAdd,s,thoi_gian,07,pass2:inline,,"add: _drops.Add((world.Time + 6.0, units[i], team, spot, inward, s.Index, ally));"
Sim/Modes/MissionEvents.cs,636,56,4,campaign.missionEventSystem.deliverIMin,count,gioi_han_thuc_the,07,pass2:inline,,"compare: else if (drives && !def.Flying && i >= 4) Enter(world, s, units[i], team, spot, inward, ally, i / 4);"
Sim/Modes/MissionEvents.cs,636,115,4,campaign.missionEventSystem.deliverIDivisor,x,gioi_han_thuc_the,07,pass2:inline,,"divide: else if (drives && !def.Flying && i >= 4) Enter(world, s, units[i], team, spot, inward, ally, i / 4);"
Sim/Modes/MissionMode.cs,519,73,0.25f,campaign.missionMode.tickHeldScale,x,thoi_gian,07,pass2:inline,,"multiply: if (world.TryGetEconomy(PlayerTeam, out var e0)) e0.Bonus = 0.25f * PointCapture.Held(_points, PlayerTeam);"
Sim/Modes/MissionMode.cs,521,30,20,campaign.missionMode.tickTickMod,ticks,thoi_gian,07,pass2:inline,,modulo: if (world.Tick % 20 == 0) CallReinforcements(world);
Sim/Modes/MissionMode.cs,623,80,25.0,campaign.missionMode.lostTimeMin,s,thoi_gian,07,pass2:inline,,compare: if (_heldByEnemySince >= 0 && world.Time - _heldByEnemySince > 25.0) return true;
Sim/Modes/MissionMode.cs,649,113,5.0,campaign.missionMode.lostNowMin,s,thoi_gian,07,pass2:inline,,"compare: var wiped = world.TryGetEconomy(PlayerTeam, out var economy) && economy.ArmyCp == 0 && Now(world) > 5.0;"
Sim/Modes/MissionMode.cs,651,67,12.0,campaign.missionMode.lostTimeMin2,s,thoi_gian,07,pass2:inline,,compare: return _wipedSince >= 0 && world.Time - _wipedSince > 12.0;
Sim/Modes/MissionMode.cs,675,82,3,campaign.missionMode.spawnWavesWaveScale,x,gioi_han_thuc_the,07,pass2:inline,,"multiply: var def = world.Economy.ForWave(EnemyTeam, waves.Roster[(_wave * 3 + i) % waves.Roster.Count]);"
Sim/Modes/MissionMode.cs,677,102,8f,campaign.missionMode.spawnWavesScale,x,gioi_han_thuc_the,07,pass2:inline,,"multiply: var at = world.ClampToMap(origin + new Vector2(MathF.Cos(angle), MathF.Sin(angle)) * 8f);"
Sim/Modes/MissionMode.cs,678,73,225f,campaign.missionMode.spawnWavesDegrees,count,gioi_han_thuc_the,07,pass2:inline,,"arg:SimMath.DegToRad: world.SpawnVehicle(def, EnemyTeam, at, SimMath.DegToRad(225f));"
Sim/Modes/MissionMode.cs,699,34,8,campaign.missionMode.callReinforcementsReinforceSizeCap,count,tran,07,pass2:inline,,"math_min: var count = Math.Min(8, _def.ReinforceSize + _reinforced);"
Sim/Modes/MissionMode.cs,700,53,0.25f,campaign.missionMode.callReinforcementsPlayerAirShareMin,share,nguong,07,pass2:inline,,compare: var answerAir = PlayerAirShare(world) > 0.25f;
Sim/Modes/MissionMode.cs,703,48,5,campaign.missionMode.callReinforcementsReinforcedScale2,x,gioi_han_thuc_the,07,pass2:inline,,multiply: var id = roster[(_reinforced * 5 + i * 3) % roster.Count];
Sim/Modes/MissionMode.cs,703,56,3,campaign.missionMode.callReinforcementsIScale,x,gioi_han_thuc_the,07,pass2:inline,,multiply: var id = roster[(_reinforced * 5 + i * 3) % roster.Count];
Sim/Modes/MissionMode.cs,879,39,0.25f,campaign.missionMode.criticalFailureMaxHpScale,x,sat_thuong,07,pass2:inline,,multiply: hq.Hp < hq.MaxHp * 0.25f;
Sim/Modes/MissionMode.cs,929,79,0.5f,campaign.missionMode.scoutDtScale,x,thoi_gian,07,pass2:inline,,"multiply: seconds = there ? seconds + dt : MathF.Max(0f, seconds - dt * 0.5f);"
Sim/Modes/MissionMode.cs,1009,131,0.5f,campaign.missionMode.checkFleeOutwardScale,x,khac,07,pass2:inline,,"multiply: world.Submit(new Command(CommandType.Move, v.Team, new[] { v.Id }, world.ClampToMap(away + outward * world.Map.Size * 0.5f)));"
Sim/Modes/MissionMode.cs,1089,97,8f,campaign.missionMode.convoyFrontNormalizeScale,x,ban_kinh,07,pass2:inline,,multiply: return ahead.LengthSquared() > 1f ? truck.Position + Vector2.Normalize(ahead) * 8f : truck.Position;
Sim/Modes/ModeSupport.cs,55,99,3f,modes.pointCapture.tickCaptureSecondsScale,x,thoi_gian,05,pass2:inline,,"multiply: point.Progress = SimMath.MoveTowards(point.Progress, rest, dt / (captureSeconds * 3f));"
Sim/Modes/ModeSupport.cs,216,96,36f,modes.outposts.tickNeutralDistanceSquaredMax,ticks,thoi_gian,05,pass2:inline,,"compare: if (v.IsAlive && !v.Flying && Vector2.DistanceSquared(v.Position, site.Spot) < 36f) return;"
Sim/Modes/ModeSupport.cs,281,44,3f,modes.outposts.spotForRadiusAdd,m,ban_kinh,05,pass2:inline,,add: var reach = point.Def.Radius + 3f;
Sim/Modes/ModeSupport.cs,289,105,3f,modes.outposts.spotForRingScale,x,ban_kinh,05,pass2:inline,,"multiply: var at = centre + new Vector2(MathF.Cos(angle), MathF.Sin(angle)) * (reach + ring * 3f);"
Sim/Modes/ModeSupport.cs,290,41,3f,modes.outposts.spotForRoom,x,sat_thuong,05,pass2:inline,,"arg:Outposts.Open: if (Open(world, at, 3f)) return at;"
Sim/Modes/Neutrals.cs,66,58,10f,modes.neutralSystem.captureRadiusFallback,m,ban_kinh,05,pass2:inline,,"arg:NeutralSystem.N: public float CaptureRadius => N(""captureRadius"", 10f);"
Sim/Modes/Neutrals.cs,126,84,45f,modes.neutralSystem.stepFallback,s,thoi_gian,05,pass2:inline,,"arg:NeutralSystem.N: _world.Strikes.AddScan(s.Team, s.Def.At, N(""radar.radius"", 45f), Interval * 2f);"
Sim/Modes/Neutrals.cs,126,101,2f,modes.neutralSystem.stepIntervalScale,x,thoi_gian,05,pass2:inline,,"multiply: _world.Strikes.AddScan(s.Team, s.Def.At, N(""radar.radius"", 45f), Interval * 2f);"
Sim/Modes/Neutrals.cs,160,61,60f,modes.neutralSystem.captureFallback,s,thoi_gian,05,pass2:inline,,"arg:NeutralSystem.N: s.RebuildAt = _world.Time + N(""aa.rebuild"", 60f);"
Sim/Modes/Neutrals.cs,163,60,10f,modes.neutralSystem.captureFallback2,m,ban_kinh,05,pass2:inline,,"arg:NeutralSystem.N: var side = Holder(s.Def.At, N(""captureRadius"", 10f));"
Sim/Modes/Neutrals.cs,169,89,8f,modes.neutralSystem.captureFallback3,s,thoi_gian,05,pass2:inline,,"arg:NeutralSystem.N: s.Progress = s.ProgressTeam == side ? s.Progress + dt / N(""captureSeconds"", 8f) : dt / N(""captureSeconds"", 8f);"
Sim/Modes/Neutrals.cs,169,120,8f,modes.neutralSystem.captureFallback3,s,thoi_gian,05,pass2:inline,,"arg:NeutralSystem.N: s.Progress = s.ProgressTeam == side ? s.Progress + dt / N(""captureSeconds"", 8f) : dt / N(""captureSeconds"", 8f);"
Sim/Modes/Neutrals.cs,189,47,14f,modes.neutralSystem.mendFallback,m,ban_kinh,05,pass2:inline,,"arg:NeutralSystem.N: var radius = N(""workshop.radius"", 14f);"
Sim/Modes/Neutrals.cs,190,45,0.015f,modes.neutralSystem.mendFallback2,x,tan_suat,05,pass2:inline,,"arg:NeutralSystem.N: var rate = N(""workshop.repair"", 0.015f);"
Sim/Modes/Neutrals.cs,203,43,14f,modes.neutralSystem.resupplyFallback,m,ban_kinh,05,pass2:inline,,"arg:NeutralSystem.N: var radius = N(""ammo.radius"", 14f);"
Sim/Modes/Neutrals.cs,204,43,6f,modes.neutralSystem.resupplyFallback2,s,thoi_gian,05,pass2:inline,,"arg:NeutralSystem.N: var every = N(""ammo.seconds"", 6f);"
Sim/Modes/Neutrals.cs,219,60,14f,modes.neutralSystem.blowFallback,x,sat_thuong,05,pass2:inline,,"arg:NeutralSystem.N: _world.Damage.Splash(s.Def.At, N(""ammo.blast"", 14f), N(""ammo.damage"", 300f), DamageType.HighExplosive, Teams.Environment, EntityId.None);"
Sim/Modes/Neutrals.cs,219,83,300f,modes.neutralSystem.blowFallback2,x,sat_thuong,05,pass2:inline,,"arg:NeutralSystem.N: _world.Damage.Splash(s.Def.At, N(""ammo.blast"", 14f), N(""ammo.damage"", 300f), DamageType.HighExplosive, Teams.Environment, EntityId.None);"
Sim/Modes/OperationMode.cs,380,46,12f,campaign.operationMode.strikeTargetScale,x,gioi_han_thuc_the,07,pass2:inline,,multiply: if (o.Team == foe && d < 12f * 12f) count++;
Sim/Modes/OperationMode.cs,380,52,12f,campaign.operationMode.strikeTargetScale,x,gioi_han_thuc_the,07,pass2:inline,,multiply: if (o.Team == foe && d < 12f * 12f) count++;
Sim/Modes/OperationMode.cs,381,61,4f,campaign.operationMode.strikeTargetReachAdd,m,ban_kinh,07,pass2:inline,,add: else if (o.Team == team && d < (reach + 4f) * (reach + 4f))
Sim/Modes/OperationMode.cs,381,76,4f,campaign.operationMode.strikeTargetReachAdd,m,ban_kinh,07,pass2:inline,,add: else if (o.Team == team && d < (reach + 4f) * (reach + 4f))
Sim/Modes/QuickModes.cs,251,100,0.35f,modes.kingOfTheHillMode.tickOwnerTrue,ticks,thoi_gian,05,pass2:inline,,"conditional: if (world.TryGetEconomy(PlayerTeam, out var e0)) e0.Bonus = hill.Owner == PlayerTeam ? 0.35f : 0f;"
Sim/Modes/QuickModes.cs,252,98,0.35f,modes.kingOfTheHillMode.tickOwnerTrue,ticks,thoi_gian,05,pass2:inline,,"conditional: if (world.TryGetEconomy(EnemyTeam, out var e1)) e1.Bonus = hill.Owner == EnemyTeam ? 0.35f : 0f;"
Sim/Modes/QuickModes.cs,301,43,300f,modes.assaultRules.applyFallback,s,thoi_gian,05,pass2:inline,,"arg:MatchRuleSet.Get: StartSeconds = r.Get(""start"", 300f) * (StartSeconds / 300f);"
Sim/Modes/QuickModes.cs,301,67,300f,modes.assaultRules.applyStartSecondsDivisor,x,thoi_gian,05,pass2:inline,,"divide: StartSeconds = r.Get(""start"", 300f) * (StartSeconds / 300f);"
Sim/Modes/QuickModes.cs,390,71,0.25f,modes.assaultMode.tickSectorScale,x,thoi_gian,05,pass2:inline,,"multiply: if (world.TryGetEconomy(Attacker, out var e0)) e0.Bonus = 0.25f * Sector;"
Sim/Modes/QuickModes.cs,399,133,0.999f,modes.assaultMode.tickProgressMax,ticks,thoi_gian,05,pass2:inline,,"compare: fighting |= point.Contested || (point.Owner != Attacker && point.Progress * (Defender == Attacker ? 1f : -1f) < 0.999f && Pushing(world, point));"
Sim/Modes/QuickModes.cs,430,71,14f,modes.assaultMode.advanceAxisScale,x,sat_thuong,05,pass2:inline,,"multiply: world.SetRally(Attacker, Open(world, centre - _axis * 14f, 10f));"
Sim/Modes/QuickModes.cs,430,76,10f,modes.assaultMode.advanceSearch,x,sat_thuong,05,pass2:inline,,"arg:AssaultMode.Open: world.SetRally(Attacker, Open(world, centre - _axis * 14f, 10f));"
Sim/Modes/QuickModes.cs,450,48,52f,modes.assaultMode.buildSectorsLengthFloor,m,ban_kinh,05,pass2:inline,,"math_max: var cSpot = to - _axis * MathF.Max(52f, length * 0.26f);"
Sim/Modes/QuickModes.cs,450,62,0.26f,modes.assaultMode.buildSectorsLengthScale,x,ban_kinh,05,pass2:inline,,"multiply: var cSpot = to - _axis * MathF.Max(52f, length * 0.26f);"
Sim/Modes/QuickModes.cs,453,68,0.36f,modes.assaultMode.buildSectorsLengthScale2,x,ban_kinh,05,pass2:inline,,"multiply: new[] { (""a"", ""sector_a"", from + _axis * (length * 0.36f)) },"
Sim/Modes/QuickModes.cs,454,69,0.56f,modes.assaultMode.buildSectorsLengthScale3,x,ban_kinh,05,pass2:inline,,"multiply: new[] { (""b1"", ""sector_b"", from + _axis * (length * 0.56f) + across * 24f), (""b2"", ""sector_b"", from + _axis * (length * 0.56f) - across * 24f) },"
Sim/Modes/QuickModes.cs,454,87,24f,modes.assaultMode.buildSectorsAcrossScale,x,ban_kinh,05,pass2:inline,,"multiply: new[] { (""b1"", ""sector_b"", from + _axis * (length * 0.56f) + across * 24f), (""b2"", ""sector_b"", from + _axis * (length * 0.56f) - across * 24f) },"
Sim/Modes/QuickModes.cs,454,137,0.56f,modes.assaultMode.buildSectorsLengthScale3,x,ban_kinh,05,pass2:inline,,"multiply: new[] { (""b1"", ""sector_b"", from + _axis * (length * 0.56f) + across * 24f), (""b2"", ""sector_b"", from + _axis * (length * 0.56f) - across * 24f) },"
Sim/Modes/QuickModes.cs,454,155,24f,modes.assaultMode.buildSectorsAcrossScale,x,ban_kinh,05,pass2:inline,,"multiply: new[] { (""b1"", ""sector_b"", from + _axis * (length * 0.56f) + across * 24f), (""b2"", ""sector_b"", from + _axis * (length * 0.56f) - across * 24f) },"
Sim/Modes/QuickModes.cs,462,100,14f,modes.assaultMode.buildSectorsSearch,x,sat_thuong,05,pass2:inline,,"arg:AssaultMode.Open: var point = new ObjectiveState(new CapturePointDef(id, name, Open(world, spot, 14f), s == 2 ? 13f : 12f));"
Sim/Modes/QuickModes.cs,462,111,2,modes.assaultMode.buildSectorsSIs,x,sat_thuong,05,pass2:inline,,"equals: var point = new ObjectiveState(new CapturePointDef(id, name, Open(world, spot, 14f), s == 2 ? 13f : 12f));"
Sim/Modes/QuickModes.cs,462,115,13f,modes.assaultMode.buildSectorsSTrue,x,sat_thuong,05,pass2:inline,,"conditional: var point = new ObjectiveState(new CapturePointDef(id, name, Open(world, spot, 14f), s == 2 ? 13f : 12f));"
Sim/Modes/QuickModes.cs,462,121,12f,modes.assaultMode.buildSectorsSFalse,x,sat_thuong,05,pass2:inline,,"conditional: var point = new ObjectiveState(new CapturePointDef(id, name, Open(world, spot, 14f), s == 2 ? 13f : 12f));"
Sim/Modes/QuickModes.cs,491,78,6f,modes.assaultMode.fortifyCountTrue,count,gioi_han_thuc_the,05,pass2:inline,,conditional: var side = (i % 2 == 0 ? 1f : -1f) * (sector.Count > 1 ? 6f : 9f);
Sim/Modes/QuickModes.cs,491,83,9f,modes.assaultMode.fortifyCountFalse,count,gioi_han_thuc_the,05,pass2:inline,,conditional: var side = (i % 2 == 0 ? 1f : -1f) * (sector.Count > 1 ? 6f : 9f);
Sim/Modes/QuickModes.cs,492,81,4f,modes.assaultMode.fortifyRadiusAdd,m,ban_kinh,05,pass2:inline,,add: var spot = point.Def.Position + _axis * (point.Def.Radius + 4f) + across * side;
Sim/Modes/QuickModes.cs,493,91,6f,modes.assaultMode.fortifySearch,x,sat_thuong,05,pass2:inline,,"arg:AssaultMode.Open: var gun = world.SpawnVehicle(kinds[s][i], Defender, Open(world, spot, 6f), heading);"
Sim/Modes/QuickModes.cs,505,56,2f,modes.assaultMode.openDx,x,sat_thuong,05,pass2:inline,,compound_assign: for (var dx = -search; dx <= search; dx += 2f)
Sim/Modes/QuickModes.cs,506,60,2f,modes.assaultMode.openDy,x,sat_thuong,05,pass2:inline,,compound_assign: for (var dy = -search; dy <= search; dy += 2f)
Sim/Modes/QuickModes.cs,511,36,-6f,modes.assaultMode.openOx,x,sat_thuong,05,pass2:inline,,declarator: for (var ox = -6f; ox <= 6f; ox += 3f)
Sim/Modes/QuickModes.cs,511,46,6f,modes.assaultMode.openOxMax,x,sat_thuong,05,pass2:inline,,compare: for (var ox = -6f; ox <= 6f; ox += 3f)
Sim/Modes/QuickModes.cs,511,56,3f,modes.assaultMode.openOx2,x,sat_thuong,05,pass2:inline,,compound_assign: for (var ox = -6f; ox <= 6f; ox += 3f)
Sim/Modes/QuickModes.cs,512,40,-6f,modes.assaultMode.openOy,x,sat_thuong,05,pass2:inline,,declarator: for (var oy = -6f; oy <= 6f; oy += 3f)
Sim/Modes/QuickModes.cs,512,50,6f,modes.assaultMode.openOyMax,x,sat_thuong,05,pass2:inline,,compare: for (var oy = -6f; oy <= 6f; oy += 3f)
Sim/Modes/QuickModes.cs,512,60,3f,modes.assaultMode.openOy2,x,sat_thuong,05,pass2:inline,,compound_assign: for (var oy = -6f; oy <= 6f; oy += 3f)
Sim/Modes/QuickModes.cs,515,40,100,modes.assaultMode.openOpenScale,x,sat_thuong,05,pass2:inline,,multiply: var score = open * 100 - (int)(dx * dx + dy * dy);
Sim/Modes/SandboxMode.cs,43,51,0.5f,modes.sandboxMode.continueEndlessIntensityFloor,s,thoi_gian,05,pass2:inline,,"math_max: _waveTimer = WaveInterval / MathF.Max(0.5f, Intensity);"
Sim/Modes/SandboxMode.cs,80,117,0.5f,modes.sandboxMode.nextWaveInIntensityFloor,count,thoi_gian,05,pass2:inline,,"math_max: private float NextWaveIn => FiniteWaves > 0 && !InEndless ? SurvivalWaveInterval : WaveInterval / MathF.Max(0.5f, Intensity);"
Sim/Modes/SandboxMode.cs,83,44,48,modes.sandboxMode.maxEnemiesWaveCap,count,tran,05,pass2:inline,,"math_min: private int MaxEnemies => Math.Min(48, 14 + Wave * 3 / 2);"
Sim/Modes/SandboxMode.cs,83,48,14,modes.sandboxMode.maxEnemiesWaveAdd,count,gioi_han_thuc_the,05,pass2:inline,,"add: private int MaxEnemies => Math.Min(48, 14 + Wave * 3 / 2);"
Sim/Modes/SandboxMode.cs,83,60,3,modes.sandboxMode.maxEnemiesWaveScale,x,gioi_han_thuc_the,05,pass2:inline,,"multiply: private int MaxEnemies => Math.Min(48, 14 + Wave * 3 / 2);"
Sim/Modes/SandboxMode.cs,83,64,2,modes.sandboxMode.maxEnemiesWaveDivisor,x,gioi_han_thuc_the,05,pass2:inline,,"divide: private int MaxEnemies => Math.Min(48, 14 + Wave * 3 / 2);"
Sim/Modes/SandboxMode.cs,142,71,2,modes.sandboxMode.tryReinforceCount,m,ban_kinh,05,pass2:inline,,"arg:SandboxMode.Offset: world.SpawnVehicle(def, PlayerTeam, rally + Offset(i, 2, 7f), SimMath.DegToRad(45f));"
Sim/Modes/SandboxMode.cs,142,74,7f,modes.sandboxMode.tryReinforceRadius,m,ban_kinh,05,pass2:inline,,"arg:SandboxMode.Offset: world.SpawnVehicle(def, PlayerTeam, rally + Offset(i, 2, 7f), SimMath.DegToRad(45f));"
Sim/Modes/SandboxMode.cs,142,96,45f,modes.sandboxMode.tryReinforceDegrees,m,ban_kinh,05,pass2:inline,,"arg:SimMath.DegToRad: world.SpawnVehicle(def, PlayerTeam, rally + Offset(i, 2, 7f), SimMath.DegToRad(45f));"
Sim/Modes/SandboxMode.cs,164,70,3f,modes.sandboxMode.spawnWaveWaveAdd,count,gioi_han_thuc_the,05,pass2:inline,,"add: var count = Math.Min(room, Math.Max(1, (int)MathF.Round((3f + 0.9f * (Wave - 1)) * Intensity * DeckScale)));"
Sim/Modes/SandboxMode.cs,164,75,0.9f,modes.sandboxMode.spawnWaveWaveScale,x,gioi_han_thuc_the,05,pass2:inline,,"multiply: var count = Math.Min(room, Math.Max(1, (int)MathF.Round((3f + 0.9f * (Wave - 1)) * Intensity * DeckScale)));"
Sim/Modes/SandboxMode.cs,167,36,4,modes.sandboxMode.spawnWaveWaveAdd2,count,ban_kinh,05,pass2:inline,,"add: var reach = Math.Clamp(4 + Wave, 4, WaveRoster.Length);"
Sim/Modes/SandboxMode.cs,167,46,4,modes.sandboxMode.spawnWaveWaveMin,count,ban_kinh,05,pass2:inline,,"math_clamp: var reach = Math.Clamp(4 + Wave, 4, WaveRoster.Length);"
Sim/Modes/SandboxMode.cs,168,47,7,modes.sandboxMode.spawnWaveWaveSub,count,gioi_han_thuc_the,05,pass2:inline,,"subtract: var elite = MathF.Min(1f, (Wave - 7) * 0.06f);"
Sim/Modes/SandboxMode.cs,168,52,0.06f,modes.sandboxMode.spawnWaveWaveScale2,x,gioi_han_thuc_the,05,pass2:inline,,"multiply: var elite = MathF.Min(1f, (Wave - 7) * 0.06f);"
Sim/Modes/SandboxMode.cs,171,46,3,modes.sandboxMode.spawnWaveWaveScale3,x,ban_kinh,05,pass2:inline,,multiply: var def = WaveRoster[(Wave * 3 + i) % reach];
Sim/Modes/SandboxMode.cs,172,48,10,modes.sandboxMode.spawnWaveWaveMod,count,gioi_han_thuc_the,05,pass2:inline,,modulo: if (elite > 0f && (Wave + i) % 10 < elite * 10f && world.Catalog.EliteVariant(def) is { } better) def = better;
Sim/Modes/SandboxMode.cs,172,61,10f,modes.sandboxMode.spawnWaveEliteScale,x,gioi_han_thuc_the,05,pass2:inline,,multiply: if (elite > 0f && (Wave + i) % 10 < elite * 10f && world.Catalog.EliteVariant(def) is { } better) def = better;
Sim/Modes/SandboxMode.cs,173,77,9f,modes.sandboxMode.spawnWaveRadius,count,ban_kinh,05,pass2:inline,,"arg:SandboxMode.Offset: world.SpawnVehicle(def, EnemyTeam, rally + Offset(i, count, 9f), SimMath.DegToRad(225f));"
Sim/Modes/SandboxMode.cs,173,99,225f,modes.sandboxMode.spawnWaveDegrees,count,ban_kinh,05,pass2:inline,,"arg:SimMath.DegToRad: world.SpawnVehicle(def, EnemyTeam, rally + Offset(i, count, 9f), SimMath.DegToRad(225f));"
Sim/Modes/ShowdownMode.cs,186,35,0.5,modes.showdownMode.tickNowAdd,ticks,thoi_gian,05,pass2:inline,,add: _nextLook = now + 0.5;
Sim/Modes/ShowdownMode.cs,213,47,0.5f,modes.showdownMode.tickAbsMax,ticks,thoi_gian,05,pass2:inline,,"compare: End(world, MathF.Abs(a - b) < 0.5f ? -1 : a > b ? PlayerTeam : EnemyTeam);"
Sim/Modes/SiegeModes.cs,36,42,60f,modes.siegeRules.applyValueFloor,s,thoi_gian,05,pass2:inline,,"math_max: StartSeconds = MathF.Max(60f, _codeStartSeconds.Value + limit - (NormalStartSeconds + bonusTotal));"
Sim/Modes/SiegeModes.cs,106,69,34f,modes.siegeRules.attackerStartCp,CP,tran,05,pass2:inline,,"object_init: public SideSetup Attacker { get; set; } = new() { StartCp = 34f, Income = 1.8f, ArmyCap = 40 };"
Sim/Modes/SiegeModes.cs,106,83,1.8f,modes.siegeRules.attackerIncome,count,tran,05,pass2:inline,,"object_init: public SideSetup Attacker { get; set; } = new() { StartCp = 34f, Income = 1.8f, ArmyCap = 40 };"
Sim/Modes/SiegeModes.cs,106,99,40,modes.siegeRules.attackerArmyCap,count,tran,05,pass2:inline,,"object_init: public SideSetup Attacker { get; set; } = new() { StartCp = 34f, Income = 1.8f, ArmyCap = 40 };"
Sim/Modes/SiegeModes.cs,194,57,1.25f,modes.siegeRules.n23,x,sat_thuong,05,pass2:inline,,"table: public float[] LineHealth { get; set; } = { 1f, 1.25f, 1.5f };"
Sim/Modes/SiegeModes.cs,194,64,1.5f,modes.siegeRules.n3,x,sat_thuong,05,pass2:inline,,"table: public float[] LineHealth { get; set; } = { 1f, 1.25f, 1.5f };"
Sim/Modes/SiegeModes.cs,196,57,1.1f,modes.siegeRules.n24,x,sat_thuong,05,pass2:inline,,"table: public float[] LineDamage { get; set; } = { 1f, 1.1f, 1.2f };"
Sim/Modes/SiegeModes.cs,196,63,1.2f,modes.siegeRules.n32,x,sat_thuong,05,pass2:inline,,"table: public float[] LineDamage { get; set; } = { 1f, 1.1f, 1.2f };"
Sim/Modes/SiegeModes.cs,509,84,3,modes.siegeMode.setupRingMax,x,nguong,05,pass2:inline,,"math_clamp: if (slot.Structure.IsValid) _defences[Math.Clamp(slot.Ring, 1, 3) - 1].Add(slot.Structure);"
Sim/Modes/SiegeModes.cs,537,69,2,modes.siegeMode.setupCountTrue,count,gioi_han_thuc_the,05,pass2:inline,,conditional: Stage = _relays.Count > 0 ? 1 : _generators.Count > 0 ? 2 : 3;
Sim/Modes/SiegeModes.cs,537,73,3,modes.siegeMode.setupCountFalse,count,gioi_han_thuc_the,05,pass2:inline,,conditional: Stage = _relays.Count > 0 ? 1 : _generators.Count > 0 ? 2 : 3;
Sim/Modes/SiegeModes.cs,556,72,0.75f,modes.siegeMode.setupWaveSecondsScale,x,thoi_gian,05,pass2:inline,,multiply: _nextWave = _rules.WaveSeconds > 0f ? _rules.WaveSeconds * 0.75f : double.MaxValue;
Sim/Modes/SiegeModes.cs,558,31,2,modes.siegeMode.setupStageMax,count,gioi_han_thuc_the,05,pass2:inline,,compare: DomeUp = Stage <= 2 && _generators.Count > 0;
Sim/Modes/SiegeModes.cs,581,85,0.1f,modes.siegeMode.setupProgressScaleFloor,count,gioi_han_thuc_the,05,pass2:inline,,"math_max: _waveScale = BaseStrength.WaveScale(ReferenceScore) * MathF.Max(0.1f, _rules.ProgressScale);"
Sim/Modes/SiegeModes.cs,628,65,4,modes.siegeMode.counterRosterRoundMax,count,gioi_han_thuc_the,05,pass2:inline,,"math_clamp: var n = Math.Clamp((int)MathF.Round(weight), 0, 4);"
Sim/Modes/SiegeModes.cs,635,77,2f,modes.siegeMode.counterRosterGunsScale,x,sat_thuong,05,pass2:inline,,multiply: if (def.Armor == ArmorClass.Heavy && !def.Flying) weight += 2f * guns / total - 1f * antiArmour / total;
Sim/Modes/SiegeModes.cs,636,67,11f,modes.siegeMode.counterRosterSpeedMin,m/s,sat_thuong,05,pass2:inline,,compare: if (def.Armor == ArmorClass.Light && def.Speed >= 11f) weight += 2f * antiArmour / total + 1.5f * artillery / total;
Sim/Modes/SiegeModes.cs,636,82,2f,modes.siegeMode.counterRosterAntiArmourScale,x,sat_thuong,05,pass2:inline,,multiply: if (def.Armor == ArmorClass.Light && def.Speed >= 11f) weight += 2f * antiArmour / total + 1.5f * artillery / total;
Sim/Modes/SiegeModes.cs,636,108,1.5f,modes.siegeMode.counterRosterArtilleryScale,x,sat_thuong,05,pass2:inline,,multiply: if (def.Armor == ArmorClass.Light && def.Speed >= 11f) weight += 2f * antiArmour / total + 1.5f * artillery / total;
Sim/Modes/SiegeModes.cs,637,106,1.5f,modes.siegeMode.counterRosterAntiArmourScale2,x,sat_thuong,05,pass2:inline,,multiply: if (def.Weapon.Projectile == ProjectileKind.Drone || def.Weapon.MinRange > 0f) weight += 1.5f * antiArmour / total;
Sim/Modes/SiegeModes.cs,638,43,2.5f,modes.siegeMode.counterRosterAaScale,x,gioi_han_thuc_the,05,pass2:inline,,multiply: if (def.Flying) weight -= 2.5f * aa / total;
Sim/Modes/SiegeModes.cs,658,40,2,modes.siegeMode.classifyWorksCountMin,count,gioi_han_thuc_the,05,pass2:inline,,compare: var split = rings.Count >= 2 ? (rings[0] + rings[1]) * 0.5f : float.MaxValue;
Sim/Modes/SiegeModes.cs,665,72,2,modes.siegeMode.classifyWorksRingOfFloor,x,nguong,05,pass2:inline,,"math_max: var ring = _fortress is { Layered: true } f ? Math.Max(2, f.RingOf(prop.Position)) : Chebyshev(prop.Position, hq) >= split ? 2 : 3;"
Sim/Modes/SiegeModes.cs,665,142,2,modes.siegeMode.classifyWorksChebyshevTrue,x,nguong,05,pass2:inline,,"conditional: var ring = _fortress is { Layered: true } f ? Math.Max(2, f.RingOf(prop.Position)) : Chebyshev(prop.Position, hq) >= split ? 2 : 3;"
Sim/Modes/SiegeModes.cs,665,146,3,modes.siegeMode.classifyWorksChebyshevFalse,x,nguong,05,pass2:inline,,"conditional: var ring = _fortress is { Layered: true } f ? Math.Max(2, f.RingOf(prop.Position)) : Chebyshev(prop.Position, hq) >= split ? 2 : 3;"
Sim/Modes/SiegeModes.cs,687,59,0.5f,modes.siegeMode.classifyWorksDistanceScale,x,ban_kinh,05,pass2:inline,,"multiply: DomeRadius = Vector2.Distance(min, max) * 0.5f + 2f;"
Sim/Modes/SiegeModes.cs,687,66,2f,modes.siegeMode.classifyWorksDistanceAdd,m,ban_kinh,05,pass2:inline,,"add: DomeRadius = Vector2.Distance(min, max) * 0.5f + 2f;"
Sim/Modes/SiegeModes.cs,692,45,2,modes.siegeMode.classifyWorksCountMin,count,ban_kinh,05,pass2:inline,,compare: DomeRadius = rings.Count >= 2 ? rings[1] + 4f : 30f;
Sim/Modes/SiegeModes.cs,692,60,4f,modes.siegeMode.classifyWorksRingsAdd,m,ban_kinh,05,pass2:inline,,add: DomeRadius = rings.Count >= 2 ? rings[1] + 4f : 30f;
Sim/Modes/SiegeModes.cs,692,65,30f,modes.siegeMode.classifyWorksCountFalse,count,ban_kinh,05,pass2:inline,,conditional: DomeRadius = rings.Count >= 2 ? rings[1] + 4f : 30f;
Sim/Modes/SiegeModes.cs,700,61,2,modes.siegeMode.ringOfCountMax,count,gioi_han_thuc_the,05,pass2:inline,,compare: if (Fortress is not { } centre || rings.Count < 2) return 1;
Sim/Modes/SiegeModes.cs,774,55,3f,modes.siegeMode.progressStageDivisor,x,nguong,05,pass2:inline,,"divide: return MathF.Min(1f, (Stage - 1 + part) / 3f);"
Sim/Modes/SiegeModes.cs,818,57,2,modes.siegeMode.insideRingCountMax,count,gioi_han_thuc_the,05,pass2:inline,,compare: if (Fortress is not { } hq || rings.Count < 2) return true;
Sim/Modes/SiegeModes.cs,874,101,240.0,modes.siegeMode.tickTimeMin,ticks,thoi_gian,05,pass2:inline,,compare: if (_rules.BreachWave && !BreachSent && _rules.WaveBreachers.Count > 0 && world.Time >= 240.0) SendBreach(world);
Sim/Modes/SiegeModes.cs,885,102,0.999f,modes.siegeMode.tickProgressMin,ticks,thoi_gian,05,pass2:inline,,"compare: if (Stage == 3 && (_targets.Count > 0 ? Alive(world, _targets) == 0 : Progress(world) >= 0.999f))"
Sim/Modes/SiegeModes.cs,897,113,5.0,modes.siegeMode.tickTimeMin2,ticks,thoi_gian,05,pass2:inline,,"compare: var wiped = world.TryGetEconomy(PlayerTeam, out var economy) && economy.ArmyCp == 0 && world.Time > 5.0;"
Sim/Modes/SiegeModes.cs,899,64,12.0,modes.siegeMode.tickTimeMin3,ticks,thoi_gian,05,pass2:inline,,"compare: if (_wipedSince >= 0 && world.Time - _wipedSince > 12.0) Finish(world, EnemyTeam);"
Sim/Modes/SiegeModes.cs,914,70,400f,modes.siegeMode.payBountiesMaxHpDivisor,x,nguong,05,pass2:inline,,"divide: var cp = Math.Clamp(MathF.Round(building.Def.MaxHp / 400f), 2f, 6f);"
Sim/Modes/SiegeModes.cs,914,77,2f,modes.siegeMode.payBountiesRoundMin,x,nguong,05,pass2:inline,,"math_clamp: var cp = Math.Clamp(MathF.Round(building.Def.MaxHp / 400f), 2f, 6f);"
Sim/Modes/SiegeModes.cs,914,81,6f,modes.siegeMode.payBountiesRoundMax,x,nguong,05,pass2:inline,,"math_clamp: var cp = Math.Clamp(MathF.Round(building.Def.MaxHp / 400f), 2f, 6f);"
Sim/Modes/SiegeModes.cs,926,107,25f,modes.siegeMode.contestedDistanceMax,m,ban_kinh,05,pass2:inline,,"compare: if (v.IsAlive && v.Team == Attacker && Vector2.Distance(v.Position, objective.Position) < 25f) return true;"
Sim/Modes/SiegeModes.cs,972,33,2,modes.siegeMode.roomForCeilingFloor,m,ban_kinh,05,pass2:inline,,"math_max: var room = Math.Max(2, (int)MathF.Ceiling((def.HullRadius - SimWorld.ObstacleClearance) / grid.CellSize) + 1);"
Sim/Modes/SiegeModes.cs,1005,43,0.75f,modes.siegeMode.keepEventsHealthMax,x,sat_thuong,05,pass2:inline,,compare: if (_hqPhase == 0 && health < 0.75f)
Sim/Modes/SiegeModes.cs,1012,48,0.5f,modes.siegeMode.keepEventsHealthMax2,x,sat_thuong,05,pass2:inline,,compare: else if (_hqPhase == 1 && health < 0.5f)
Sim/Modes/SiegeModes.cs,1015,44,6.0,modes.siegeMode.keepEventsTimeAdd,s,thoi_gian,05,pass2:inline,,add: _glyphUntil = world.Time + 6.0;
Sim/Modes/SiegeModes.cs,1023,48,0.25f,modes.siegeMode.keepEventsHealthMax3,x,sat_thuong,05,pass2:inline,,compare: else if (_hqPhase == 2 && health < 0.25f)
Sim/Modes/SiegeModes.cs,1052,37,3,modes.siegeMode.brownoutHqPhaseMin,x,nguong,05,pass2:inline,,"compare: var boost = _hqPhase >= 3 ? 1.3f : MathF.Max(0.5f, 1f - down / 6f);"
Sim/Modes/SiegeModes.cs,1052,41,1.3f,modes.siegeMode.brownoutHqPhaseTrue,x,nguong,05,pass2:inline,,"conditional: var boost = _hqPhase >= 3 ? 1.3f : MathF.Max(0.5f, 1f - down / 6f);"
Sim/Modes/SiegeModes.cs,1052,58,0.5f,modes.siegeMode.brownoutDownFloor,x,nguong,05,pass2:inline,,"math_max: var boost = _hqPhase >= 3 ? 1.3f : MathF.Max(0.5f, 1f - down / 6f);"
Sim/Modes/SiegeModes.cs,1052,76,6f,modes.siegeMode.brownoutDownDivisor,x,nguong,05,pass2:inline,,"divide: var boost = _hqPhase >= 3 ? 1.3f : MathF.Max(0.5f, 1f - down / 6f);"
Sim/Modes/SiegeModes.cs,1068,38,4.5,modes.siegeMode.fallTimeAdd,s,thoi_gian,05,pass2:inline,,add: _finishAt = world.Time + 4.5;
Sim/Modes/SiegeModes.cs,1095,108,60.0,modes.siegeMode.watchTimeMax,s,thoi_gian,05,pass2:inline,,compare: if (!_rules.Night || _fortress == null || world.Time < _spotCheck || world.Time - _spottedAt < 60.0) return;
Sim/Modes/SiegeModes.cs,1155,58,4,modes.siegeMode.runSuperGunStageMin,s,thoi_gian,05,pass2:inline,,compare: if (world.Time < _superGunFireAt || Stage >= 4) return;
Sim/Modes/SiegeModes.cs,1175,140,144f,modes.siegeMode.superGunAimDistanceSquaredMax,m,ban_kinh,05,pass2:inline,,"compare: if (o.IsAlive && o.Team == Attacker && !o.Flying && !o.Def.Static && Vector2.DistanceSquared(o.Position, v.Position) < 144f)"
Sim/Modes/SiegeModes.cs,1194,64,3,modes.siegeMode.nextArrivalStageMin,count,gioi_han_thuc_the,05,pass2:inline,,compare: if (_fortress?.Arrival is not { } line || Stage >= 3 || line.Path.Count < 2) return null;
Sim/Modes/SiegeModes.cs,1194,87,2,modes.siegeMode.nextArrivalCountMax,count,gioi_han_thuc_the,05,pass2:inline,,compare: if (_fortress?.Arrival is not { } line || Stage >= 3 || line.Path.Count < 2) return null;
Sim/Modes/SiegeModes.cs,1196,86,2,modes.siegeMode.nextArrivalCountSub,count,gioi_han_thuc_the,05,pass2:inline,,subtract: var along = line.Path[line.Path.Count - 1] - line.Path[line.Path.Count - 2];
Sim/Modes/SiegeModes.cs,1198,66,2.5,modes.siegeMode.nextArrivalArrivalAtMin,s,thoi_gian,05,pass2:inline,,"compare: if (!double.IsNaN(_arrivalAt) && _arrivalAt - now >= 2.5) return (_arrivalAt, line.Stop, along);"
Sim/Modes/SiegeModes.cs,1224,98,4,modes.siegeMode.planWaveCountDivisor,x,tan_suat,05,pass2:inline,,"divide: var heavies = _rules.WaveHeavy.Count > 0 && _rules.HeavyEvery > 0 ? Math.Min(count / 4, wave / _rules.HeavyEvery) : 0;"
Sim/Modes/SiegeModes.cs,1226,107,4,modes.siegeMode.planWaveCountDivisor,x,ban_kinh,05,pass2:inline,,"divide: var breakers = _rules.WaveBreachers.Count > 0 && wave >= _rules.BreachFrom ? Math.Min(count / 4, 1 + (wave - _rules.BreachFrom) / Math.Max(1, _rules.B"
Sim/Modes/SiegeModes.cs,1231,35,0.6f,modes.siegeMode.planWaveWaveCap,count,tran,05,pass2:inline,,"math_min: var elite = MathF.Min(0.6f, (wave - _rules.EliteFrom + 1) * 0.08f);"
Sim/Modes/SiegeModes.cs,1231,73,0.08f,modes.siegeMode.planWaveWaveScale,x,gioi_han_thuc_the,05,pass2:inline,,"multiply: var elite = MathF.Min(0.6f, (wave - _rules.EliteFrom + 1) * 0.08f);"
Sim/Modes/SiegeModes.cs,1274,31,14,modes.siegeMode.sendBreachArmyCpMax,CP,ban_kinh,05,pass2:inline,,"compare: if (ours.ArmyCp < 14 || ours.ArmyCp < 1.6f * Math.Max(1, theirs.ArmyCp)) return;"
Sim/Modes/SiegeModes.cs,1274,51,1.6f,modes.siegeMode.sendBreachMaxScale,x,ban_kinh,05,pass2:inline,,"multiply: if (ours.ArmyCp < 14 || ours.ArmyCp < 1.6f * Math.Max(1, theirs.ArmyCp)) return;"
Sim/Modes/SiegeModes.cs,1279,37,2,modes.siegeMode.sendBreachKMax,m,ban_kinh,05,pass2:inline,,"compare: for (var k = 0; k < 2; k++) _reserve.Enqueue((Wave, world.Catalog.EliteVariant(id) ?? id));"
Sim/Modes/SiegeModes.cs,1293,98,2,modes.siegeMode.forwardDropStageMax,count,gioi_han_thuc_the,05,pass2:inline,,compare: if (_fortress is not { Layered: true } f || f.ForwardDrops.Count == 0 || Stage < 2) return null;
Sim/Modes/SiegeModes.cs,1294,56,2,modes.siegeMode.forwardDropStageSub,count,gioi_han_thuc_the,05,pass2:inline,,"subtract: return f.ForwardDrops[Math.Min(Stage - 2, f.ForwardDrops.Count - 1)];"
Sim/Modes/SiegeModes.cs,1309,83,0.5,modes.siegeMode.releaseWavesTimeAdd,s,thoi_gian,05,pass2:inline,,add: _inbound.Add(world.Time + Economy.EconomySystem.DeliverySeconds + 0.5);
Sim/Modes/SiegeModes.cs,1339,38,0.4,modes.siegeMode.collapseTimeAdd,s,thoi_gian,05,pass2:inline,,add: var start = world.Time + 0.4;
Sim/Modes/SiegeModes.cs,1355,54,10f,modes.siegeMode.runChainHpScale,x,sat_thuong,05,pass2:inline,,"multiply: world.Damage.Apply(p, p.Hp * 10f + 100000f, DamageType.HighExplosive);"
Sim/Modes/SiegeModes.cs,1355,60,100000f,modes.siegeMode.runChainHpAdd,x,sat_thuong,05,pass2:inline,,"add: world.Damage.Apply(p, p.Hp * 10f + 100000f, DamageType.HighExplosive);"
Sim/Modes/SiegeModes.cs,1361,50,10f,modes.siegeMode.runChainHpScale,x,sat_thuong,05,pass2:inline,,"multiply: world.Damage.Apply(v, v.Hp * 10f + 100000f, DamageType.HighExplosive);"
Sim/Modes/SiegeModes.cs,1361,56,100000f,modes.siegeMode.runChainHpAdd,x,sat_thuong,05,pass2:inline,,"add: world.Damage.Apply(v, v.Hp * 10f + 100000f, DamageType.HighExplosive);"
Sim/Modes/SiegeModes.cs,1487,67,30f,modes.bossRushRules.playerStartCp,CP,tran,05,pass2:inline,,"object_init: public SideSetup Player { get; set; } = new() { StartCp = 30f, Income = 1.5f, ArmyCap = 36 };"
Sim/Modes/SiegeModes.cs,1487,81,1.5f,modes.bossRushRules.playerIncome,count,tran,05,pass2:inline,,"object_init: public SideSetup Player { get; set; } = new() { StartCp = 30f, Income = 1.5f, ArmyCap = 36 };"
Sim/Modes/SiegeModes.cs,1487,97,36,modes.bossRushRules.playerArmyCap,count,tran,05,pass2:inline,,"object_init: public SideSetup Player { get; set; } = new() { StartCp = 30f, Income = 1.5f, ArmyCap = 36 };"
Sim/Modes/SiegeModes.cs,1590,71,0.05f,modes.bossRushMode.setupHealthMin,x,sat_thuong,05,pass2:inline,,"math_clamp: v.Hp = MathF.Max(1f, v.MaxHp * Math.Clamp(health, 0.05f, 1f));"
Sim/Modes/SiegeModes.cs,1649,38,3,modes.bossRushMode.tickFloorCap,ticks,sat_thuong,05,pass2:inline,,"math_min: var steps = Math.Min(3, (int)MathF.Floor((1f - hurt.Hp / hurt.MaxHp) * 4f));"
Sim/Modes/SiegeModes.cs,1649,88,4f,modes.bossRushMode.tickHpScale,x,sat_thuong,05,pass2:inline,,"multiply: var steps = Math.Min(3, (int)MathF.Floor((1f - hurt.Hp / hurt.MaxHp) * 4f));"
Sim/Modes/SiegeModes.cs,1654,61,64,modes.bossRushMode.tickIMax,ticks,thoi_gian,05,pass2:inline,,compare: for (var i = 0; i < parted.PartCount && i < 64; i++)
Sim/Modes/SiegeModes.cs,1714,113,5.0,modes.bossRushMode.tickTimeMin,ticks,thoi_gian,05,pass2:inline,,"compare: var wiped = world.TryGetEconomy(PlayerTeam, out var economy) && economy.ArmyCp == 0 && world.Time > 5.0 && (!_rules.Fresh || Boss.IsValid);"
Sim/Modes/SiegeModes.cs,1716,64,12.0,modes.bossRushMode.tickTimeMin2,ticks,thoi_gian,05,pass2:inline,,"compare: if (_wipedSince >= 0 && world.Time - _wipedSince > 12.0) Finish(world, Endless ? PlayerTeam : EnemyTeam);"
Sim/Sandbox/SandboxBattle.cs,189,154,30f,modes.sandboxBattle.setupCpFloor,CP,tran,05,pass2:inline,,"math_max: var economy = new TeamEconomy(team, start, income: _unlimited[team] ? 0f : side.Income, bank: _unlimited[team] ? UnlimitedCp : MathF.Max(30f, side.Cp)"
Sim/Sandbox/SandboxBattle.cs,282,64,100,modes.sandboxBattle.placeHpMax,x,sat_thuong,05,pass2:inline,,"math_clamp: v.Hp = MathF.Max(1f, v.MaxHp * Math.Clamp(u.Hp, 1, 100) / 100f);"
Sim/Sandbox/SandboxBattle.cs,282,71,100f,modes.sandboxBattle.placeMaxHpDivisor,x,sat_thuong,05,pass2:inline,,"divide: v.Hp = MathF.Max(1f, v.MaxHp * Math.Clamp(u.Hp, 1, 100) / 100f);"
Sim/Sandbox/SandboxEditor.cs,139,42,32,modes.sandboxEditor.placeFormationCountMax,count,gioi_han_thuc_the,05,pass2:inline,,"math_clamp: count = Math.Clamp(count, 1, 32);"
Sim/Sandbox/SandboxRules.cs,245,46,0.5f,modes.sandboxRules.formationCountTrue,count,gioi_han_thuc_the,05,pass2:inline,,conditional: var t = count == 1 ? 0.5f : i / (float)(count - 1);
Sim/Sandbox/SandboxRules.cs,247,104,0.5f,modes.sandboxRules.formationCosSub,m,ban_kinh,05,pass2:inline,,subtract: list.Add(centre + right * (MathF.Sin(a) * radius) + forward * ((MathF.Cos(a) - 0.5f) * radius));
Sim/Sandbox/SandboxRules.cs,257,66,4f,modes.sandboxRules.spacingHullBoundFloor,m,ban_kinh,05,pass2:inline,,"math_max: public static float Spacing(VehicleDef def) => MathF.Max(4f, def.HullBound * 2f + 2.5f);"
Sim/Sandbox/SandboxRules.cs,257,86,2f,modes.sandboxRules.spacingHullBoundScale,x,ban_kinh,05,pass2:inline,,"multiply: public static float Spacing(VehicleDef def) => MathF.Max(4f, def.HullBound * 2f + 2.5f);"
Sim/Sandbox/SandboxRules.cs,257,91,2.5f,modes.sandboxRules.spacingHullBoundAdd,m,ban_kinh,05,pass2:inline,,"add: public static float Spacing(VehicleDef def) => MathF.Max(4f, def.HullBound * 2f + 2.5f);"
Sim/Sandbox/SandboxScenario.cs,72,25,100,modes.sandboxUnit.hp,x,sat_thuong,05,pass2:inline,,"field_init: public int Hp = 100, Ammo = 100;"
Sim/Sandbox/SandboxScenario.cs,72,37,100,modes.sandboxUnit.ammo,x,sat_thuong,05,pass2:inline,,"field_init: public int Hp = 100, Ammo = 100;"
Sim/Sandbox/SandboxScenario.cs,151,32,60f,modes.sandboxCheck.seconds,s,thoi_gian,05,pass2:inline,,field_init: public float Seconds = 60f;
Sim/SimWorld.MatchEnd.cs,69,36,7.0,modes.matchEnd.durationForKindValue,s,thoi_gian,05,pass2:inline,,"switch_arm: EndKind.FirstBigWin => 7.0,"
Sim/SimWorld.MatchEnd.cs,70,33,4.5,modes.matchEnd.durationForKindValue2,s,thoi_gian,05,pass2:inline,,"switch_arm: EndKind.FirstWin => 4.5,"
Sim/SimWorld.MatchEnd.cs,71,31,3.0,modes.matchEnd.durationForKindValue3,s,thoi_gian,05,pass2:inline,,"switch_arm: EndKind.Replay => 3.0,"
Sim/SimWorld.MatchEnd.cs,72,18,3.5,modes.matchEnd.durationForKindValue4,s,thoi_gian,05,pass2:inline,,"switch_arm: _ => 3.5,"
Sim/SimWorld.Storm.cs,31,46,0.3f,modes.simWorld.setStormInsideMin,x,nguong,05,pass2:inline,,"math_clamp: StormInside = Math.Clamp(inside, 0.3f, 1.5f);"
Sim/SimWorld.Storm.cs,31,52,1.5f,modes.simWorld.setStormInsideMax,x,nguong,05,pass2:inline,,"math_clamp: StormInside = Math.Clamp(inside, 0.3f, 1.5f);"
Sim/SimWorld.Storm.cs,32,48,0.3f,modes.simWorld.setStormOutsideMin,x,nguong,05,pass2:inline,,"math_clamp: StormOutside = Math.Clamp(outside, 0.3f, 1.5f);"
Sim/SimWorld.Storm.cs,32,54,1.5f,modes.simWorld.setStormOutsideMax,x,nguong,05,pass2:inline,,"math_clamp: StormOutside = Math.Clamp(outside, 0.3f, 1.5f);"
