set	matchup	sideA	sideB	cpA	cpB	seeds	expect	winA	winB	draw	verdict	first_shot_A_s	first_shot_B_s	time_to_range_A_s	time_to_range_B_s	ttk_s	end_s	survivors_A	survivors_B	hp_left_A	hp_left_B	damage_by_source	shots_by_weapon	intercepts_A	intercepts_B	target_switches	stuck	off_water	reverse	turn_over_rate	range_ratio_A	range_ratio_B	big_salvos	overkill_salvos	cheap_target_salvos	first_main_target_A	wreck_clearance_m	peak_projectiles	step_ms_avg	step_ms_max	hash_seed1	note
duel	hover_gunboat x2 vs torpedo_boat x2	hover_gunboat+hover_gunboat	torpedo_boat+torpedo_boat	0	14	5	A	0	0	5	UNEXPECTED	-	-	-	3.0	-	150.0	2.0	2.0	1.00	1.00			0.0	0.0	0.0	1.0	0.0	0.0	0.0	-	-	0.0	0.0	0.0	-	-	0	0.036	145.0	3a017da87cf93511	OWNER DECISION: hover_gunboat is not a sea unit (no naval block; the sea's water blocks it, it is pushed ashore) and the torpedo boat is navalOnly
duel	river_patrol_boat x2 vs torpedo_boat x2	river_patrol_boat+river_patrol_boat	torpedo_boat+torpedo_boat	12	14	5	A	0	0	5	UNEXPECTED	-	-	-	2.5	-	150.0	2.0	2.0	1.00	1.00			0.0	0.0	0.0	0.0	0.0	0.0	0.0	-	-	0.0	0.0	0.0	-	-	0	0.030	41.3	b9d2fc7d319fe94c	OWNER DECISION: river_patrol_boat is a ground-domain river craft (no naval block), it cannot enter the sea
duel	sea_corvette vs ashm_corvette (close 40 m)	sea_corvette	ashm_corvette	0	9	5	A	5	0	0	as_expected	0.5	14.8	0.5	0.5	82.0	82.9	1.0	0.4	0.62	0.01	A:naval_76=1820 A:hover_ciws=1356 B:anti_ship_missile_corvette=1193 B:Redirect=139	A:hover_ciws=95 A:naval_76=11 B:anti_ship_missile_corvette=7	2.8	0.0	0.0	0.0	0.0	0.0	0.0	0.62	0.65	6.6	0.0	0.0	-	-	7	0.057	50.8	a77cf9bc06b7c79e	AShM corvette loses close
duel	sea_corvette vs ashm_corvette (long 130 m)	sea_corvette	ashm_corvette	0	9	5	B	2	3	0	as_expected	8.5	0.1	8.5	0.5	129.8	135.3	1.0	0.8	0.85	0.75	A:naval_76=813 B:anti_ship_missile_corvette=400 B:Redirect=144	B:anti_ship_missile_corvette=6 A:naval_76=5	4.0	0.0	0.0	0.0	0.0	0.0	0.0	0.50	0.77	6.0	0.0	0.0	-	-	3	0.027	40.1	a408033e7bfafa64	AShM corvette wins at standoff
duel	ashm_corvette vs sea_corvette + ciws_escort_craft	ashm_corvette	sea_corvette+ciws_escort_craft	9	8	5	B	0	5	0	as_expected	0.2	2.7	0.5	7.0	51.0	54.7	0.0	2.0	0.00	0.90	B:naval_76=1535 B:naval_76_selfdef=1518 A:anti_ship_missile_corvette=450 B:hover_ciws=184 A:Redirect=30	B:hover_ciws=15 B:naval_76=8 B:naval_76_selfdef=7 A:anti_ship_missile_corvette=7	0.0	6.0	1.0	0.0	0.0	0.0	0.0	0.74	0.68	7.2	0.0	0.0	sea_corvette	-	6	0.057	40.5	3d6997f0ba012663	a lone AShM corvette loses to a CIWS-protected group
duel	frigate vs sea_corvette	frigate	sea_corvette	11	0	5	A	5	0	0	as_expected	0.1	0.1	0.5	0.5	56.9	59.0	1.0	0.0	0.77	0.00	A:naval_100=3317 B:naval_76=1026 A:Redirect=275	A:naval_100=22 B:naval_76=6 A:anti_ship_missile_light=2	0.0	2.0	0.0	0.0	0.0	0.0	0.0	0.55	0.52	0.0	0.0	0.0	-	-	5	0.048	40.3	6b023273b1a3e6a3	
duel	missile_frigate vs frigate (long 130 m)	missile_frigate	frigate	12	11	5	A	4	1	0	as_expected	0.2	0.1	0.5	6.5	47.2	49.9	0.8	0.2	0.03	0.00	B:naval_100=3710 A:naval_76=2898 A:anti_ship_missile_frigate=1503 B:anti_ship_missile_light=496	A:naval_76=18 B:naval_100=16 A:anti_ship_missile_frigate=5 B:anti_ship_missile_light=2	1.0	2.0	0.0	0.0	0.0	0.0	0.0	0.57	0.53	5.0	0.0	0.0	frigate	-	5	0.059	42.8	b36d51754597b221	
duel	destroyer vs frigate	destroyer	frigate	14	11	5	A	5	0	0	as_expected	0.1	0.1	0.5	0.5	30.2	31.3	1.0	0.0	0.62	0.00	A:naval_127=3432 B:naval_100=2336 A:anti_ship_missile_quad=1080	A:naval_127=12 B:naval_100=12 A:anti_ship_missile_quad=4 B:anti_ship_missile_light=2	2.0	2.0	0.0	0.0	0.0	0.0	0.0	0.45	0.55	0.0	0.0	0.0	-	-	7	0.086	44.7	51a3e5363ae445ef	
duel	gun_destroyer vs missile_destroyer (close 40 m)	gun_destroyer	missile_destroyer	14	15	5	A	5	0	0	as_expected	0.1	0.1	0.5	0.5	52.6	53.2	1.0	0.0	0.09	0.00	A:naval_127_gd=6120 B:naval_100=3893 B:anti_ship_missile_destroyer=1800	A:naval_127_gd=24 B:naval_100=20 B:anti_ship_missile_destroyer=7	3.0	0.0	0.0	0.0	0.0	0.0	0.0	0.45	0.42	7.0	0.0	0.0	-	-	3	0.058	43.0	e91ca29d71eed72f	
duel	gun_destroyer vs missile_destroyer (long 135 m)	gun_destroyer	missile_destroyer	14	15	5	B	0	5	0	as_expected	4.3	0.2	4.5	0.5	37.7	40.4	0.0	1.0	0.00	0.25	A:naval_127_gd=4447 B:anti_ship_missile_destroyer=3906 B:naval_100=2453	A:naval_127_gd=16 B:anti_ship_missile_destroyer=14 B:naval_100=13	5.0	0.0	0.0	0.0	0.0	0.0	0.0	0.61	0.55	14.0	0.0	0.0	-	-	5	0.072	42.9	ddfdc7b6763284cc	
duel	sea_cruiser.gun vs destroyer	sea_cruiser.gun	destroyer	17	14	5	A	5	0	0	as_expected	0.1	0.1	0.5	0.5	86.0	87.0	0.6	0.0	0.01	0.00	A:cruiser_203=6600 B:naval_127=5726 B:anti_ship_missile_quad=2196	B:naval_127=31 A:cruiser_203=12 B:anti_ship_missile_quad=12	6.0	0.0	0.0	0.0	0.0	0.0	0.0	0.66	0.63	12.0	0.0	0.0	destroyer	-	6	0.047	42.3	91ff9399d1d9435b	
duel	sea_cruiser (anchor) vs destroyer	sea_cruiser	destroyer	0	14	5	-	0	5	0	record	0.1	0.1	0.5	0.5	63.0	64.3	0.0	1.0	0.00	0.81	B:naval_127=3769 B:anti_ship_missile_quad=1373 A:cruiser_203=1200 B:Redirect=755	B:naval_127=24 B:anti_ship_missile_quad=9 A:cruiser_203=2	3.4	0.0	0.0	0.0	0.0	0.0	0.0	0.52	0.49	2.0	0.0	0.0	destroyer	-	6	0.050	42.1	5a0d46a1b3895d74	anchor niche: fleet escort, cp 0
duel	sea_cruiser.missile vs destroyer (long)	sea_cruiser.missile	destroyer	18	14	5	A	5	0	0	as_expected	0.1	0.1	0.5	3.5	63.0	65.5	1.0	0.0	0.18	0.00	B:naval_127=5445 A:naval_100=4243 A:anti_ship_missile_cruiser=2065 B:anti_ship_missile_quad=900	B:naval_127=22 A:naval_100=22 A:anti_ship_missile_cruiser=8 B:anti_ship_missile_quad=4	2.0	3.0	0.0	0.0	0.0	0.0	0.0	0.61	0.46	8.0	0.0	0.0	destroyer	-	7	0.050	44.9	9599ee6384e198fa	
duel	battlecruiser vs sea_cruiser.gun	battlecruiser	sea_cruiser.gun	19	17	5	A	5	0	0	as_expected	0.1	0.1	0.5	0.5	62.1	63.1	1.0	0.0	0.58	0.00	A:naval_203_bc=6426 B:cruiser_203=4080 A:anti_ship_missile_quad=1530	A:naval_203_bc=18 A:anti_ship_missile_quad=8 B:cruiser_203=8	0.0	4.0	0.0	0.0	0.0	0.0	0.0	0.73	0.73	26.0	0.0	0.0	sea_cruiser.gun	-	6	0.056	40.3	eff38355de64f29d	
duel	battlecruiser vs sea_cruiser.missile	battlecruiser	sea_cruiser.missile	19	18	5	A	5	0	0	as_expected	0.1	0.1	0.5	0.5	54.3	55.4	1.0	0.0	0.30	0.00	A:naval_203_bc=6300 B:anti_ship_missile_cruiser=3825 B:naval_100=2977 A:anti_ship_missile_quad=1750	B:naval_100=20 A:naval_203_bc=16 B:anti_ship_missile_cruiser=16 A:anti_ship_missile_quad=8	6.0	4.0	0.0	0.0	0.0	0.0	0.0	0.62	0.50	32.0	0.0	0.0	sea_cruiser.missile	-	8	0.059	42.3	b820399e44994084	
duel	naval_monitor vs destroyer	naval_monitor	destroyer	13	14	5	-	0	5	0	record	0.3	0.1	0.5	0.5	58.2	59.0	0.0	1.0	0.00	0.47	B:naval_127=5105 A:naval_203_monitor=3240 B:anti_ship_missile_quad=1350	B:naval_127=22 A:naval_203_monitor=9 B:anti_ship_missile_quad=4	1.0	0.0	0.0	0.0	0.0	0.0	0.0	0.54	0.30	0.0	0.0	0.0	-	-	5	0.047	40.5	fdd160ff794c32fc	monitor strong vs medium ships close, weak at standoff
duel	naval_monitor vs missile_destroyer (long)	naval_monitor	missile_destroyer	13	15	5	B	0	5	0	as_expected	-	0.2	-	0.5	37.3	39.5	0.0	1.0	0.00	1.00	B:anti_ship_missile_destroyer=5104 B:naval_100=1440	B:anti_ship_missile_destroyer=14 B:naval_100=8	2.0	0.0	0.0	0.0	0.0	0.0	0.0	-	0.72	14.0	0.0	0.0	-	-	4	0.069	40.7	f5525dcf47c35184	
duel	torpedo_boat x2 vs destroyer	torpedo_boat+torpedo_boat	destroyer	14	14	5	A	5	0	0	as_expected	0.1	0.1	0.5	0.5	24.4	25.6	0.4	0.0	0.02	0.00	A:naval_torpedo_light=6389 B:naval_127=1816 B:anti_ship_missile_quad=630	B:naval_127=10 A:naval_torpedo_light=7 B:anti_ship_missile_quad=4	0.0	0.0	1.0	0.0	0.0	0.0	0.0	0.94	0.61	6.2	0.0	0.0	destroyer	-	5	0.108	49.7	4f0d33687f55062d	glass cannon vs capital
duel	aa_frigate vs missile_frigate (surface duel)	aa_frigate	missile_frigate	12	12	5	B	0	5	0	as_expected	3.5	0.1	10.5	0.5	28.7	31.2	0.0	1.0	0.00	0.57	B:anti_ship_missile_frigate=2782 A:naval_76=1847 B:naval_76=1700	A:naval_76=11 B:naval_76=10 B:anti_ship_missile_frigate=10	4.0	0.0	0.0	0.0	0.0	0.0	0.0	-	0.49	10.0	0.0	0.0	-	-	4	0.083	41.8	c020cff69632423d	
duel	aa_destroyer vs gun_destroyer (isolated)	aa_destroyer	gun_destroyer	15	14	5	B	0	5	0	as_expected	0.1	0.1	0.5	0.5	52.5	53.5	0.0	1.0	0.00	0.36	B:naval_127_gd=6178 A:naval_100=3996	B:naval_127_gd=24 A:naval_100=20	0.0	0.0	0.0	0.0	0.0	0.0	0.0	-	0.53	0.0	0.0	0.0	-	-	6	0.057	40.6	2988714d8f67bd5e	
duel	ew_corvette vs ashm_corvette (equal CP)	ew_corvette	ashm_corvette	9	9	5	B	0	5	0	as_expected	-	0.1	-	0.5	98.3	99.4	0.0	1.0	0.00	1.00	B:anti_ship_missile_corvette=3041	B:anti_ship_missile_corvette=14	0.0	0.0	0.0	0.0	0.0	0.0	0.0	-	0.79	13.6	0.2	0.0	-	-	3	0.034	45.9	f3668e7b95a3a892	EW loses a duel
duel	ciws_escort_craft vs sea_corvette	ciws_escort_craft	sea_corvette	8	0	5	B	0	5	0	as_expected	0.1	0.2	6.5	0.5	8.7	9.9	0.0	1.0	0.00	0.95	B:naval_76=737 B:hover_ciws=547 A:naval_76_selfdef=174	B:hover_ciws=43 B:naval_76=4 A:naval_76_selfdef=2	0.0	0.0	0.0	0.0	0.0	0.0	0.0	-	0.64	0.0	0.0	0.0	-	-	6	0.220	42.6	68aa5e35e2f20e70	
duel	missile_boat x2 vs frigate (anchor niche)	missile_boat+missile_boat	frigate	0	11	5	-	0	5	0	record	8.8	0.1	8.0	0.5	15.2	16.1	0.0	1.0	0.00	0.95	B:naval_100=1520 B:anti_ship_missile_light=648 A:boat_rockets=218	A:boat_rockets=10 B:naval_100=7 B:anti_ship_missile_light=2	0.0	2.0	0.0	0.0	0.0	0.0	0.0	0.98	0.78	0.0	0.0	0.0	-	-	5	0.144	40.7	f636039628223ef1	
duel	river_gunboat vs torpedo_boat (anchor niche)	river_gunboat	torpedo_boat	11	7	5	A	5	0	0	as_expected	2.5	-	1.0	2.0	120.6	126.1	1.0	0.0	1.00	0.00	A:gun_100_river=1237	A:gun_100_river=14	0.0	0.0	0.0	0.0	0.0	0.0	0.0	-	-	0.0	0.0	0.0	-	-	1	0.026	52.8	8d2961eac15ab041	
aa	aa_corvette vs scout_heli	aa_corvette	scout_heli	9	7	5	A	5	0	0	as_expected	21.9	21.4	20.5	21.5	32.7	54.9	1.0	0.0	0.85	0.00	A:naval_ciws_flak=868 A:sam=459 B:scout_rockets=311 B:minigun=151 A:hmg_roof=55	A:naval_ciws=57 B:minigun=27 A:hmg_roof=21 B:scout_rockets=12 A:sam=2	4.0	0.0	0.0	0.0	0.0	0.0	0.0	0.73	-	0.0	0.0	0.0	-	-	12	0.048	41.8	9a7f028fa40e7b11	
aa	aa_corvette vs attack_helicopter	aa_corvette	attack_helicopter	9	11	5	A	5	0	0	as_expected	28.3	10.4	28.0	10.0	90.1	125.7	1.0	0.0	0.19	0.00	B:apkws_rocket=2509 A:sam=1388 A:naval_ciws_flak=402	A:naval_ciws=31 B:apkws_rocket=28 B:hellfire_standoff=24 A:sam=8	34.8	0.0	0.0	0.0	0.0	0.0	0.0	0.97	-	0.0	0.0	0.0	-	-	7	0.028	42.4	b6d72d84765e7820	
aa	aa_corvette vs fighter_jet	aa_corvette	fighter_jet	9	15	5	-	5	0	0	record	3.1	-	2.5	2.0	109.9	113.1	1.0	0.6	1.00	0.08	A:sam=978 A:naval_ciws_flak=367 A:hmg_roof=22	A:naval_ciws=27 A:hmg_roof=12 A:sam=5	0.0	0.0	0.0	0.0	0.0	0.0	0.0	0.86	-	0.0	0.0	0.0	-	-	8	0.030	41.0	4af97ae222540088	
aa	aa_corvette vs attack_jet	aa_corvette	attack_jet	9	23	5	-	0	5	0	record	4.0	3.4	3.0	3.5	10.3	14.1	0.0	1.0	0.00	0.24	B:kh29=1386 B:jet_cannon=1102 A:naval_ciws_flak=806 B:s8_pods=413 A:sam=351 B:jet_bombs=265	A:naval_ciws=60 A:hmg_roof=51 B:jet_cannon=27 B:s8_pods=16 B:kh29=2 A:sam=2	4.0	0.0	0.0	0.0	0.0	0.0	0.0	0.58	-	0.0	0.0	0.0	-	-	11	0.165	47.0	f93e34acf2888c74	
aa	aa_corvette vs cruise missile (ground launcher)	aa_corvette	ground_cruise_missile_vehicle	9	15	5	-	0	0	5	record	-	4.6	-	2.0	-	150.0	1.0	1.0	1.00	1.00		B:cruise_missile_ground=7	7.0	0.0	0.0	1.0	0.0	0.0	0.0	-	-	0.0	0.0	0.0	-	-	1	0.033	42.4	1252e8d20e8bff43	record interceptions
aa	aa_frigate vs scout_heli	aa_frigate	scout_heli	12	7	5	A	5	0	0	as_expected	63.1	64.7	48.0	65.0	14.4	77.9	1.0	0.0	0.95	0.00	A:sam_long=1382 A:naval_ciws_flak=194 B:scout_rockets=172 B:minigun=64	B:minigun=19 A:naval_ciws=13 B:scout_rockets=8 A:sam_long=4	2.8	0.0	0.0	0.0	0.0	0.0	0.0	0.81	-	4.0	0.0	0.0	scout_heli	-	10	0.034	41.4	184114d939751f33	
aa	aa_frigate vs attack_helicopter	aa_frigate	attack_helicopter	12	11	5	A	5	0	0	as_expected	36.1	6.2	6.5	6.0	46.8	83.4	1.0	0.0	0.95	0.00	A:sam_long=2160 B:apkws_rocket=109 B:hellfire_standoff=107	B:hellfire_standoff=14 A:sam_long=6 B:apkws_rocket=1	14.0	0.0	0.0	0.0	0.0	0.0	0.0	0.95	-	5.6	0.0	0.0	attack_helicopter	-	3	0.033	42.1	cd3b97bcaec0219a	
aa	aa_frigate vs fighter_jet	aa_frigate	fighter_jet	12	15	5	A	5	0	0	as_expected	2.9	-	2.0	2.0	29.7	32.7	1.0	0.0	1.00	0.00	A:sam_long=1572 A:naval_ciws_flak=78	A:naval_ciws=6 A:sam_long=4	0.0	0.0	0.0	0.0	0.0	0.0	0.0	0.80	-	3.4	0.0	0.0	fighter_jet	-	3	0.127	42.5	459e51f522ce735c	
aa	aa_frigate vs attack_jet	aa_frigate	attack_jet	12	23	5	A	5	0	0	as_expected	3.5	3.4	2.5	3.5	9.3	13.1	1.0	0.0	0.41	0.00	A:sam_long=1555 B:kh29=889 B:jet_cannon=805 B:jet_bombs=560 B:s8_pods=345 A:naval_ciws_flak=251	A:naval_ciws=21 B:jet_cannon=18 B:s8_pods=9 A:sam_long=4 B:kh29=1 B:jet_bombs=1	2.4	0.0	0.0	0.0	0.0	0.0	0.0	0.50	-	4.0	0.0	0.0	attack_jet	-	10	0.167	41.6	492be83d6cdd013e	
aa	aa_frigate vs cruise missile (ground launcher)	aa_frigate	ground_cruise_missile_vehicle	12	15	5	-	5	0	0	record	105.2	4.7	-	2.0	43.8	150.0	1.0	1.0	1.00	0.54	A:naval_76=597	B:cruise_missile_ground=7 A:naval_76=4	7.0	0.0	0.0	1.0	0.0	0.0	0.0	-	-	0.0	0.0	0.0	-	-	2	0.033	40.7	17dd222eeed330e4	
aa	aa_destroyer vs scout_heli	aa_destroyer	scout_heli	15	7	5	A	5	0	0	as_expected	3.2	-	2.5	-	8.6	12.5	1.0	0.0	1.00	0.00	A:sam_48n6=1191 A:sam_long=691	A:sam_long=2 A:sam_48n6=2	0.0	0.0	0.0	0.0	0.0	0.0	0.0	0.70	-	1.6	0.6	0.0	scout_heli	-	2	0.171	42.8	d4ba37ce3070e20a	
aa	aa_destroyer vs attack_helicopter	aa_destroyer	attack_helicopter	15	11	5	A	5	0	0	as_expected	3.5	6.1	3.0	6.0	9.2	13.4	1.0	0.0	1.00	0.00	A:sam_48n6=1701 A:sam_long=778	A:sam_48n6=2 B:hellfire_standoff=2 A:sam_long=2	2.0	0.0	0.0	0.0	0.0	0.0	0.0	0.72	-	2.0	0.8	0.0	attack_helicopter	-	3	0.158	40.2	268ccaa3e6be40ea	
aa	aa_destroyer vs fighter_jet	aa_destroyer	fighter_jet	15	15	5	A	5	0	0	as_expected	1.7	-	1.0	2.0	5.0	7.2	1.0	0.0	1.00	0.00	A:sam_long=864 A:sam_48n6=851	A:sam_long=3 A:sam_48n6=1	0.0	0.0	0.0	0.0	0.0	0.0	0.0	0.63	-	1.0	0.0	0.0	fighter_jet	-	1	0.325	40.4	041d32473fbda365	
aa	aa_destroyer vs attack_jet	aa_destroyer	attack_jet	15	23	5	A	5	0	0	as_expected	1.9	3.3	1.5	3.5	5.2	7.7	1.0	0.0	0.84	0.00	A:sam_long=886 A:sam_48n6=851 B:kh29=445 B:jet_cannon=245 B:jet_bombs=181 B:s8_pods=121	B:jet_cannon=7 B:s8_pods=6 A:naval_ciws=4 A:sam_long=3 A:sam_48n6=1 B:kh29=1	3.0	0.0	0.0	0.0	0.0	0.0	0.0	0.59	-	1.0	0.0	0.0	attack_jet	-	8	0.306	42.0	1f0179745e58a86b	
aa	aa_destroyer vs cruise missile (ground launcher)	aa_destroyer	ground_cruise_missile_vehicle	15	15	5	-	0	0	5	record	-	4.7	132.0	2.0	-	150.0	1.0	1.0	1.00	1.00		B:cruise_missile_ground=7	7.0	0.0	0.0	1.0	0.0	0.0	0.0	-	-	0.0	0.0	0.0	-	-	1	0.034	41.9	62e3548ec5e9bf46	
aa	frigate (no SAM) vs attack_helicopter (control)	frigate	attack_helicopter	11	11	5	-	1	4	0	record	83.3	3.8	2.0	4.0	98.6	122.5	0.0	0.8	0.00	0.38	B:hellfire_standoff=2557 B:apkws_rocket=1984 A:naval_ciws_flak=1102	A:naval_ciws=69 B:hellfire_standoff=28 B:apkws_rocket=28	35.2	0.0	0.0	0.0	0.0	0.0	0.0	-	-	0.0	0.0	0.0	-	-	7	0.028	40.2	a3b1a14af37276bb	
shore	rocket_artillery_ship vs gun_turret (shore tower)	rocket_artillery_ship	gun_turret	12	0	5	A	5	0	0	as_expected	0.7	-	0.5	-	74.0	75.8	1.0	0.0	1.00	0.00	A:naval_mlrs_salvo=5032	A:naval_mlrs_salvo=40	0.0	0.0	0.0	0.0	0.0	0.0	0.0	0.87	-	40.0	0.0	0.0	gun_turret	-	5	0.063	46.9	af97b6c60085c09a	
shore	rocket_artillery_ship vs repair_bay (structure)	rocket_artillery_ship	repair_bay	12	0	5	A	5	0	0	as_expected	0.7	-	0.5	-	55.7	57.5	1.0	0.0	1.00	0.00	A:naval_mlrs_salvo=4280	A:naval_mlrs_salvo=32	0.0	0.0	0.0	0.0	0.0	0.0	0.0	0.87	-	31.2	0.0	0.0	repair_bay	-	5	0.078	45.5	c3bfb3b1d2c77d9f	
shore	rocket_artillery_ship vs sea_corvette (moving ship)	rocket_artillery_ship	sea_corvette	12	0	5	-	5	0	0	record	0.3	0.2	0.5	0.5	76.6	78.7	1.0	0.0	0.38	0.00	A:naval_mlrs_salvo=2376 B:naval_76=1573 A:hmg_roof=891 B:hover_ciws=734 A:Redirect=275	A:hmg_roof=211 B:hover_ciws=60 A:naval_mlrs_salvo=40 B:naval_76=8	0.0	6.4	0.0	0.0	0.0	0.0	0.0	0.46	0.53	40.0	0.0	0.0	sea_corvette	-	6	0.043	48.4	8763b5edabc09298	
shore	rocket_artillery_ship vs torpedo_boat (closing craft)	rocket_artillery_ship	torpedo_boat	12	7	5	B	0	5	0	as_expected	0.1	0.1	0.5	0.5	13.6	14.6	0.0	1.0	0.00	0.34	B:naval_torpedo_light=4067 A:naval_mlrs_salvo=793 B:hmg_roof=10	A:naval_mlrs_salvo=8 B:naval_torpedo_light=4 B:hmg_roof=1	0.0	0.0	0.0	0.0	0.0	0.0	0.0	0.60	0.88	12.0	0.0	0.0	torpedo_boat	-	4	0.151	42.0	688ded409bbc45fc	
shore	naval_monitor vs gun_turret (medium tower)	naval_monitor	gun_turret	13	0	5	A	5	0	0	as_expected	0.6	8.6	0.5	7.5	24.4	25.8	1.0	0.0	0.69	0.00	A:naval_203_monitor=5474 B:turret_gun_120=1992	B:turret_gun_120=4 A:naval_203_monitor=4	0.0	0.0	0.0	0.0	0.0	0.0	0.0	0.59	-	0.0	0.0	0.0	-	-	2	0.164	41.0	93ff32d10b06dc7e	
shore	naval_monitor vs repair_bay (structure)	naval_monitor	repair_bay	13	0	5	A	5	0	0	as_expected	0.6	-	0.5	-	22.6	24.0	1.0	0.0	1.00	0.00	A:naval_203_monitor=5295	A:naval_203_monitor=4	0.0	0.0	0.0	0.0	0.0	0.0	0.0	0.60	-	0.0	0.0	0.0	-	-	1	0.169	40.7	dd9c82526a81de9d	
shore	gun_destroyer vs gun_turret (shore bombardment)	gun_destroyer	gun_turret	14	0	5	A	5	0	0	as_expected	0.1	-	0.5	-	31.9	32.8	1.0	0.0	1.00	0.00	A:naval_127_gd=5056	A:naval_127_gd=16	0.0	0.0	0.0	0.0	0.0	0.0	0.0	0.51	-	0.0	0.0	0.0	-	-	4	0.132	42.0	0c7272a3667e4b14	
capital	battleship vs ashm_corvette x3 (concentrated AShM)	battleship	ashm_corvette+ashm_corvette+ashm_corvette	23	27	5	-	5	0	0	record	5.1	0.1	5.5	0.5	116.9	123.2	1.0	0.0	0.64	0.00	A:naval_406_bs=9825 B:anti_ship_missile_corvette=4581	A:naval_406_bs=47 B:anti_ship_missile_corvette=33	19.8	0.0	1.2	0.0	0.0	0.0	0.0	0.77	0.77	48.6	0.6	0.0	ashm_corvette	-	11	0.041	43.6	541629d4a1b1ac61	
capital	battleship vs missile_destroyer x2 (AShM salvo)	battleship	missile_destroyer+missile_destroyer	23	30	5	B	1	4	0	as_expected	5.3	0.1	5.5	0.5	100.3	103.6	0.2	0.6	0.00	0.16	A:naval_406_bs=10992 B:anti_ship_missile_destroyer=9142 B:naval_100=3662	A:naval_406_bs=49 B:anti_ship_missile_destroyer=36 B:naval_100=25	10.8	0.0	0.0	0.0	0.0	0.0	0.0	0.70	0.76	52.2	0.0	0.0	missile_destroyer	-	11	0.049	44.1	af6edab2c3b87b4e	
capital	battleship vs torpedo_boat x3 (torpedo)	battleship	torpedo_boat+torpedo_boat+torpedo_boat	23	21	5	-	2	3	0	record	0.1	0.1	0.5	0.5	34.5	35.5	0.4	0.8	0.08	0.16	B:naval_torpedo_light=12014 A:naval_406_bs=3498 B:hmg_roof=177	B:hmg_roof=104 A:naval_406_bs=22 B:naval_torpedo_light=13	0.0	0.0	2.0	0.0	0.0	0.0	0.0	0.49	0.74	19.6	3.6	0.0	torpedo_boat	-	10	0.085	46.2	a41d777fb4262c24	
capital	battleship vs gun_destroyer x2 (heavy gun)	battleship	gun_destroyer+gun_destroyer	23	28	5	A	5	0	0	as_expected	0.1	0.1	0.5	0.5	93.6	94.6	1.0	0.0	0.24	0.00	A:naval_406_bs=12960 B:naval_127_gd=9741	A:naval_406_bs=54 B:naval_127_gd=52	0.0	0.0	1.0	0.0	0.0	0.0	0.0	0.53	0.63	18.0	0.0	0.0	gun_destroyer	-	13	0.051	40.3	4f563933d942a07c	
capital	battleship vs sea_cruiser.gun (heavy gun)	battleship	sea_cruiser.gun	23	17	5	A	5	0	0	as_expected	0.1	0.1	0.5	0.5	74.6	75.6	1.0	0.0	0.60	0.00	A:naval_406_bs=8000 B:cruiser_203=5100	A:naval_406_bs=43 B:cruiser_203=10	0.0	0.0	0.0	0.0	0.0	0.0	0.0	0.79	0.79	24.4	0.0	0.0	sea_cruiser.gun	-	11	0.054	40.3	db9cf8d819994061	
capital	battleship vs battlecruiser	battleship	battlecruiser	23	19	5	A	5	0	0	as_expected	0.1	0.1	0.5	0.5	93.3	94.4	1.0	0.0	0.11	0.00	A:naval_406_bs=9800 B:naval_203_bc=9282 B:anti_ship_missile_quad=2110	A:naval_406_bs=52 B:naval_203_bc=26 B:anti_ship_missile_quad=12	6.0	0.0	0.0	0.0	0.0	0.0	0.0	0.81	0.81	44.0	0.6	0.0	battlecruiser	-	13	0.050	41.5	2e59c7c5b67c5bec	
ew	frigate + aa_frigate + ew_corvette vs missile_frigate x2	frigate+aa_frigate+ew_corvette	missile_frigate+missile_frigate	32	24	5	-	3	2	0	record	0.1	0.2	6.0	0.5	68.7	71.7	1.0	0.4	0.31	0.02	B:naval_76=5546 B:anti_ship_missile_frigate=4822 A:naval_76=3967 A:naval_100=3527 A:anti_ship_missile_light=1036 A:naval_57_selfdef=7	B:naval_76=34 B:anti_ship_missile_frigate=26 A:naval_76=23 A:naval_100=16 A:anti_ship_missile_light=4 A:naval_57_selfdef=0	12.6	2.0	5.2	0.0	0.0	0.0	0.0	0.58	0.54	24.8	0.0	0.0	-	-	8	0.063	40.5	01c73387433cc80e	compare A's damage taken with the next row
ew	frigate + aa_frigate (no EW) vs missile_frigate x2	frigate+aa_frigate	missile_frigate+missile_frigate	23	24	5	-	3	2	0	record	0.1	0.2	6.0	0.5	60.5	63.5	0.4	0.4	0.05	0.02	B:naval_76=5018 A:naval_76=3967 A:naval_100=3527 B:anti_ship_missile_frigate=3456 A:anti_ship_missile_light=1036	B:naval_76=31 A:naval_76=23 B:anti_ship_missile_frigate=19 A:naval_100=16 A:anti_ship_missile_light=4	12.6	2.0	4.0	0.0	0.0	0.0	0.0	0.57	0.52	19.0	0.0	0.0	-	-	8	0.064	41.6	e1c0be9b3bcdb31f	
ew	destroyer + ew_corvette vs ashm_corvette x3	destroyer+ew_corvette	ashm_corvette+ashm_corvette+ashm_corvette	23	27	5	-	5	0	0	record	0.1	0.1	3.0	0.5	65.8	68.0	2.0	0.0	0.65	0.00	A:naval_127=7573 B:anti_ship_missile_corvette=3200 A:anti_ship_missile_quad=2599 ?:None=31	A:naval_127=24 B:anti_ship_missile_corvette=18 A:anti_ship_missile_quad=8	7.0	3.0	5.0	0.0	0.0	0.0	0.0	0.56	0.67	18.0	0.0	0.0	-	-	6	0.059	41.6	937502b2eecf9cad	
ew	destroyer (no EW) vs ashm_corvette x3	destroyer	ashm_corvette+ashm_corvette+ashm_corvette	14	27	5	-	5	0	0	record	0.1	0.1	3.0	0.5	66.7	68.9	1.0	0.0	0.51	0.00	A:naval_127=6320 A:anti_ship_missile_quad=3793 B:anti_ship_missile_corvette=3024	A:naval_127=22 B:anti_ship_missile_corvette=18 A:anti_ship_missile_quad=12	11.0	4.0	2.0	0.0	0.0	0.0	0.0	0.62	0.66	18.0	0.0	0.0	-	-	6	0.055	40.8	2995db3ba33ab0d2	
budget	36 CP: missile_frigate vs frigate	missile_frigate+missile_frigate+missile_frigate	frigate+frigate+frigate	36	33	5	A	5	0	0	as_expected	0.2	0.1	0.5	6.5	58.4	61.1	2.0	0.0	0.78	0.00	A:anti_ship_missile_frigate=8950 A:naval_76=4754 B:naval_100=4214 B:anti_ship_missile_light=2073	A:naval_76=35 A:anti_ship_missile_frigate=30 B:naval_100=19 B:anti_ship_missile_light=8	4.0	11.0	4.2	0.0	0.0	0.0	0.0	0.74	0.83	30.0	0.0	0.0	frigate	-	8	0.080	42.6	b4389db2d1590f4f	
budget	42 CP: destroyer vs frigate	destroyer+destroyer+destroyer	frigate+frigate+frigate	42	33	5	-	5	0	0	record	0.1	0.1	0.5	0.5	36.8	37.8	3.0	0.0	0.68	0.00	A:naval_127=6990 A:anti_ship_missile_quad=6784 B:naval_100=4619 B:anti_ship_missile_light=1324	A:naval_127=26 B:naval_100=24 A:anti_ship_missile_quad=20 B:anti_ship_missile_light=8	5.0	6.0	2.0	0.0	0.0	0.0	0.0	0.71	0.71	0.0	0.0	0.0	-	-	11	0.109	41.6	310cfb2c2891bcd1	
budget	30 CP: gun_destroyer vs missile_destroyer (close)	gun_destroyer+gun_destroyer	missile_destroyer+missile_destroyer	28	30	5	A	3	2	0	as_expected	0.1	0.1	0.5	0.5	69.3	70.0	0.6	0.4	0.09	0.09	A:naval_127_gd=11366 B:anti_ship_missile_destroyer=6271 B:naval_100=5859	A:naval_127_gd=45 B:naval_100=30 B:anti_ship_missile_destroyer=26	11.0	0.0	2.0	0.0	0.0	0.0	0.0	0.61	0.57	23.4	0.0	0.0	-	-	13	0.063	40.3	60f012c0ced869e3	
budget	30 CP: gun_destroyer vs missile_destroyer (long)	gun_destroyer+gun_destroyer	missile_destroyer+missile_destroyer	28	30	5	B	0	5	0	as_expected	4.3	0.2	4.5	0.5	88.0	90.7	0.0	1.0	0.00	0.23	A:naval_127_gd=10739 B:anti_ship_missile_destroyer=8812 B:naval_100=3983	A:naval_127_gd=40 B:anti_ship_missile_destroyer=35 B:naval_100=22	10.0	0.0	1.0	0.0	0.0	0.0	0.0	0.71	0.67	35.0	0.0	0.0	-	-	6	0.051	41.4	29c9e02258535b10	
budget	28 CP: torpedo_boat vs destroyer	torpedo_boat+torpedo_boat+torpedo_boat+torpedo_boat	destroyer+destroyer	28	28	5	A	4	1	0	as_expected	0.1	0.1	0.5	0.5	30.1	31.1	0.8	0.2	0.18	0.13	A:naval_torpedo_light=11945 B:naval_127=3775 B:anti_ship_missile_quad=1211 ?:None=96	B:naval_127=14 A:naval_torpedo_light=13 B:anti_ship_missile_quad=9	0.0	0.0	6.0	0.0	0.0	0.0	0.0	0.93	0.73	11.6	0.0	0.0	destroyer	-	9	0.093	42.3	709d9191b4cb9556	
budget	46 CP: battleship vs ashm_corvette	battleship+battleship	ashm_corvette+ashm_corvette+ashm_corvette+ashm_corvette+ashm_corvette	46	45	5	-	5	0	0	record	5.1	0.1	5.5	0.5	141.8	148.0	2.0	0.0	0.59	0.00	A:naval_406_bs=16523 B:anti_ship_missile_corvette=10417 ?:None=39	A:naval_406_bs=75 B:anti_ship_missile_corvette=60	29.8	0.0	5.0	0.0	0.0	0.0	0.0	0.69	0.77	85.0	0.0	0.0	ashm_corvette	-	12	0.061	40.6	d37d2feff5b2b93b	
budget	36 CP: sea_cruiser.gun vs frigate	sea_cruiser.gun+sea_cruiser.gun	frigate+frigate+frigate	34	33	5	-	5	0	0	record	0.1	0.1	0.5	0.5	75.1	76.3	2.0	0.0	0.51	0.00	A:cruiser_203=14557 B:naval_100=6694 B:anti_ship_missile_light=1111	B:naval_100=45 A:cruiser_203=24 B:anti_ship_missile_light=12	9.0	0.0	2.0	0.0	0.0	0.0	0.0	0.63	0.69	18.0	2.4	0.0	frigate	-	7	0.070	43.3	a637ec9123484cd3	
budget	36 CP: river_gunboat vs frigate (anchor niche)	river_gunboat+river_gunboat+river_gunboat	frigate+frigate+frigate	33	33	5	-	0	5	0	record	2.9	0.1	2.5	0.5	35.5	36.6	0.0	3.0	0.00	0.75	B:naval_100=5429 B:anti_ship_missile_light=4501 A:gun_100_river=3357 ?:None=137	B:naval_100=24 A:gun_100_river=14 B:anti_ship_missile_light=10	0.0	0.0	2.0	0.0	0.0	0.0	0.0	-	0.73	0.0	0.0	0.0	-	-	5	0.098	39.9	0cf4c496d81a5e50	
formation	3 ships: destroyer + frigate + aa_frigate vs missile_destroyer + frigate + ashm_corvette	destroyer+frigate+aa_frigate	missile_destroyer+frigate+ashm_corvette	37	35	5	-	5	0	0	record	0.1	0.1	0.5	0.5	51.3	52.5	2.4	0.0	0.74	0.00	A:naval_127=4223 A:naval_100=4026 B:naval_100=3536 A:naval_76=3266 B:anti_ship_missile_destroyer=2404 A:anti_ship_missile_quad=1962	A:naval_76=20 A:naval_100=19 B:naval_100=18 A:naval_127=16 B:anti_ship_missile_destroyer=14 B:anti_ship_missile_corvette=9	16.8	6.0	6.8	0.0	0.0	0.0	0.0	0.69	0.67	22.6	0.0	0.0	-	-	14	0.095	45.8	bbd34d7f0d012f20	
formation	5 ships: destroyer + 2 frigate + aa_frigate + ciws_escort_craft vs missile_destroyer + gun_destroyer + missile_frigate + ashm_corvette + torpedo_boat	destroyer+frigate+frigate+aa_frigate+ciws_escort_craft	missile_destroyer+gun_destroyer+missile_frigate+ashm_corvette+torpedo_boat	56	57	5	-	0	5	0	record	0.1	0.1	0.5	0.5	54.3	55.5	0.0	3.8	0.00	0.76	B:naval_torpedo_light=6585 B:naval_100=3987 A:naval_100=3604 B:anti_ship_missile_frigate=3121 B:naval_127_gd=3089 A:naval_127=1945	B:hmg_roof=63 A:naval_100=20 B:naval_100=19 B:anti_ship_missile_destroyer=14 B:anti_ship_missile_frigate=14 B:naval_127_gd=12	22.4	6.0	17.4	0.0	0.0	0.0	0.0	0.72	0.73	44.0	0.6	0.0	-	-	18	0.117	40.3	57eb496d16d99387	
formation	mixed escort: battleship + aa_destroyer + ciws_escort_craft + ew_corvette vs missile_destroyer x2 + missile_frigate + torpedo_boat x2	battleship+aa_destroyer+ciws_escort_craft+ew_corvette	missile_destroyer+missile_destroyer+missile_frigate+torpedo_boat+torpedo_boat	55	56	5	-	1	4	0	record	5.3	0.1	5.5	0.5	131.3	138.8	0.4	1.0	0.07	0.55	A:naval_406_bs=12240 B:naval_torpedo_light=8144 B:naval_100=4663 B:anti_ship_missile_frigate=3663 B:anti_ship_missile_destroyer=3572 B:naval_76=2889	A:naval_406_bs=47 B:anti_ship_missile_destroyer=35 B:hmg_roof=31 B:naval_100=29 B:anti_ship_missile_frigate=26 B:naval_76=20	37.4	0.0	11.6	0.0	0.0	0.0	0.0	0.79	0.77	84.8	0.0	0.0	missile_destroyer	-	14	0.064	45.0	4cae65f50e5d4df3	
lane	narrow lane: destroyer + frigate + frigate vs gun_destroyer + frigate + sea_corvette	destroyer+frigate+frigate	gun_destroyer+frigate+sea_corvette	36	25	5	-	5	0	0	record	0.1	0.1	0.5	0.5	123.6	124.7	2.0	0.0	0.90	0.00	A:naval_127=5923 B:naval_127_gd=3890 A:anti_ship_missile_quad=3569 A:naval_100=2569 A:anti_ship_missile_light=2266 B:naval_100=2219	A:naval_127=24 A:naval_100=18 B:naval_127_gd=16 A:anti_ship_missile_quad=12 A:anti_ship_missile_light=12 B:naval_100=11	6.0	10.0	2.0	0.0	0.0	0.0	0.0	0.61	0.62	0.0	0.0	0.0	-	-	12	0.053	44.9	2cfede3ebbfe4458	
lane	narrow lane: battleship + ciws_escort_craft vs destroyer x2	battleship+ciws_escort_craft	destroyer+destroyer	31	28	5	-	5	0	0	record	0.1	0.1	0.5	0.5	93.7	94.8	2.0	0.0	0.36	0.00	A:naval_406_bs=12480 B:naval_127=6246 B:anti_ship_missile_quad=2752	A:naval_406_bs=54 B:naval_127=34 B:anti_ship_missile_quad=20	12.0	0.0	0.0	0.0	0.0	0.0	0.0	0.77	0.74	18.0	0.0	0.0	destroyer	-	15	0.057	44.4	bc93121a24cd8400	
wreck	wreck in the lane: frigate + gun_destroyer + naval_monitor past a sunk sea_corvette	frigate+gun_destroyer+naval_monitor	sea_corvette	38	0	5	-	0	0	5	record	0.1	-	0.5	0.5	-	120.0	3.0	0.0	1.00	1.00	A:naval_100=117 A:Redirect=59	A:naval_127_gd=4 A:naval_100=2	0.0	0.0	0.0	0.0	0.0	0.0	0.0	0.67	-	0.0	0.0	0.0	-	0.0	5	0.031	41.1	1f9c060ce023844a	
wreck	wreck in the narrow lane: destroyer + frigate past a sunk destroyer	destroyer+frigate	destroyer	25	14	5	-	0	0	5	record	0.1	-	0.5	0.5	-	120.0	2.0	0.0	1.00	1.00	A:naval_127=243	A:anti_ship_missile_quad=4 A:naval_127=2 A:naval_100=2 A:anti_ship_missile_light=2	0.0	0.0	0.0	0.0	0.0	0.0	0.0	0.78	-	0.0	0.0	0.0	-	2.8	7	0.028	43.5	94173069c8e0f992	
target	battleship vs river_patrol_boat (5 % HP) + destroyer	battleship	river_patrol_boat+destroyer	23	20	5	-	5	0	0	record	0.1	0.1	0.5	0.5	55.3	56.2	1.0	0.0	0.68	0.00	A:naval_406_bs=6466 B:naval_127=2640 B:anti_ship_missile_quad=1468	A:naval_406_bs=32 B:naval_127=14 B:anti_ship_missile_quad=8	4.0	0.0	1.0	0.0	0.0	0.0	0.0	0.73	0.70	10.8	1.8	1.8	destroyer	-	13	0.065	47.8	03455c87c145a427	main battery should prefer the destroyer
target	missile_destroyer vs torpedo_boat (10 % HP) + frigate	missile_destroyer	torpedo_boat+frigate	15	18	5	-	5	0	0	record	0.1	0.1	0.5	5.0	56.5	58.9	1.0	0.0	0.20	0.00	B:naval_100=4603 A:naval_100=4536 A:anti_ship_missile_destroyer=509 ?:None=177	A:naval_100=21 B:naval_100=20 A:anti_ship_missile_destroyer=7 B:anti_ship_missile_light=2	2.0	2.0	1.0	0.0	0.0	0.0	0.0	0.60	0.41	7.0	0.0	0.0	torpedo_boat	-	6	0.051	42.4	70e86c2242407673	
target	missile_destroyer x2 vs frigate (salvo overkill)	missile_destroyer+missile_destroyer	frigate	30	11	5	-	5	0	0	record	0.2	0.1	0.5	5.0	6.0	8.6	2.0	0.0	0.96	0.00	A:anti_ship_missile_destroyer=4291 B:naval_100=458 A:naval_100=340	A:anti_ship_missile_destroyer=14 B:anti_ship_missile_light=2 B:naval_100=2 A:naval_100=2	2.0	3.0	0.0	0.0	0.0	0.0	0.0	0.83	1.00	14.0	0.0	0.0	frigate	-	8	0.263	40.2	4745ae454a915b94	second salvo held while the first is in flight
target	torpedo_boat x3 vs frigate (torpedo overkill)	torpedo_boat+torpedo_boat+torpedo_boat	frigate	21	11	5	-	5	0	0	record	0.2	0.1	0.5	0.5	4.9	6.2	2.0	0.0	1.00	0.00	A:naval_torpedo_light=5093 B:anti_ship_missile_light=1013 B:naval_100=534	A:naval_torpedo_light=6 B:anti_ship_missile_light=2 B:naval_100=2	0.0	0.0	1.0	0.0	0.0	0.0	0.0	0.95	0.69	6.0	0.8	0.0	frigate	-	3	0.346	41.9	c8603a974203c611	
perf	saturation: missile_destroyer x6 + missile_frigate x4 vs battleship + aa_destroyer x2 + ciws_escort_craft x2	battleship+aa_destroyer+aa_destroyer+ciws_escort_craft+ciws_escort_craft	missile_destroyer+missile_destroyer+missile_destroyer+missile_destroyer+missile_destroyer+missile_destroyer+missile_frigate+missile_frigate+missile_frigate+missile_frigate	69	138	5	-	0	5	0	record	6.4	0.1	6.5	0.5	88.4	92.3	0.0	9.0	0.00	0.90	B:anti_ship_missile_destroyer=11762 B:anti_ship_missile_frigate=10231 A:naval_406_bs=6480 B:naval_100=4899 A:naval_100=4108 B:naval_76=1606	B:anti_ship_missile_destroyer=105 B:anti_ship_missile_frigate=60 B:naval_100=39 A:naval_406_bs=27 A:naval_100=18 B:naval_76=14	38.2	0.0	18.4	0.0	0.0	0.0	0.0	0.87	0.83	160.2	44.4	0.0	missile_destroyer	-	34	0.180	44.6	a284f6cc3bcac694	
