mission	wins	seeds	mean_min	per_seed
c1m01	5	5	1.3	W1.4 W1.5 W1.1 W1.2 W1.0
c1m02	5	5	0.6	W0.6 W0.7 W0.7 W0.5 W0.7
c1m03	5	5	2.0	W2.1 W1.7 W2.1 W2.4 W1.8
c1m04	5	5	2.9	W2.9 W2.9 W2.9 W2.9 W2.9
c1m05	5	5	3.9	W2.1 W5.4 W5.3 W1.7 W4.9
c1m06	4	5	1.7	W1.8 W1.8 L1.3 W1.9 W2.0
c1m07	5	5	7.0	W7.0 W7.0 W7.0 W7.0 W7.0
c1m08	5	5	2.8	W2.4 W2.6 W2.8 W3.1 W3.2
c1m09	5	5	2.4	W2.2 W2.2 W2.6 W3.4 W1.7
c1m10	4	5	28.6	W25.1 W33.6 W23.5 W26.8 L34.0
c1s1	5	5	1.6	W1.6 W1.1 W1.8 W2.0 W1.3
c1s2	5	5	3.2	W2.8 W2.6 W3.9 W3.9 W2.9
c2m01	5	5	5.0	W5.0 W5.0 W5.0 W5.0 W5.0
c2m02	5	5	2.0	W2.4 W2.0 W2.1 W1.4 W2.3
c2m03	5	5	1.5	W1.6 W1.7 W1.4 W1.7 W1.4
c2m04	5	5	1.0	W0.8 W1.3 W1.2 W0.8 W0.9
c2m05	5	5	1.9	W2.1 W1.8 W2.1 W1.8 W1.6
c2m06	5	5	5.0	W4.6 W5.3 W5.3 W4.5 W5.1
c2m07	5	5	1.5	W1.1 W1.6 W1.0 W2.1 W1.9
c2m08	5	5	4.0	W4.0 W4.2 W4.0 W4.0 W4.0
c2m09	3	5	19.5	W18.1 L25.0 W15.6 W13.6 L25.0
c2m10	5	5	17.0	W18.7 W16.1 W16.8 W16.8 W16.7
c2s1	5	5	1.9	W1.8 W1.6 W2.1 W1.8 W2.4
c2s2	5	5	3.9	W3.7 W4.2 W4.1 W4.0 W3.6
c3m01	5	5	2.6	W2.0 W2.8 W3.5 W2.4 W2.6
c3m02	5	5	1.3	W1.3 W1.1 W1.5 W1.1 W1.5
c3m03	5	5	3.5	W3.5 W3.5 W3.5 W3.5 W3.5
c3m04	5	5	4.1	W5.3 W3.5 W3.6 W3.6 W4.7
c3m05	5	5	2.9	W3.4 W2.4 W2.2 W4.2 W2.0
c3m06	5	5	4.4	W6.0 W5.7 W3.3 W3.6 W3.4
c3m07	5	5	6.5	W6.5 W6.5 W6.5 W6.5 W6.5
c3m08	4	5	11.0	W5.8 W10.7 L20.0 W10.8 W7.9
c3m09	5	5	5.8	W5.0 W4.8 W5.5 W8.7 W5.0
c3m10	5	5	15.4	W14.4 W19.7 W12.1 W14.3 W16.3
c3s1	5	5	2.3	W1.8 W2.3 W3.2 W1.5 W2.7
c3s2	5	5	1.5	W1.4 W1.6 W1.4 W1.4 W1.5
c4m01	5	5	5.0	W2.0 W7.5 W3.3 W7.9 W4.4
c4m02	5	5	3.7	W2.9 W3.9 W3.3 W3.7 W4.8
c4m03	4	5	2.0	L1.4 W1.9 W1.8 W2.9 W2.0
c4m04	5	5	1.6	W2.2 W1.1 W2.3 W1.4 W1.1
c4m05	4	5	4.8	W1.6 W3.6 L14.0 W1.2 W3.7
c4m06	3	5	16.9	W12.4 L20.0 W13.7 W18.2 L20.0
c4m07	5	5	7.0	W7.0 W7.0 W7.0 W7.0 W7.0
c4m08	5	5	7.8	W10.8 W2.0 W8.4 W4.4 W13.2
c4m09	4	5	20.0	W18.6 W13.2 L30.0 W22.0 W16.2
c4m10	5	5	20.5	W20.6 W21.7 W19.3 W20.6 W20.2
c4m11	4	5	3.2	W1.9 L6.8 W3.8 W2.4 W1.3
c4s1	5	5	1.9	W1.4 W1.5 W1.4 W1.5 W3.7
c4s2	4	5	12.5	W9.1 W7.8 L21.7 W19.4 W4.6
c5m01	5	5	2.5	W1.7 W2.3 W2.8 W2.9 W2.8
c5m02	5	5	2.8	W2.1 W3.8 W1.8 W2.6 W3.8
c5m03	5	5	1.1	W1.1 W1.2 W1.1 W1.2 W1.1
c5m04	5	5	3.4	W3.4 W3.4 W3.4 W3.4 W3.4
c5m05	5	5	2.2	W3.5 W1.9 W1.8 W2.2 W2.0
c5m06	5	5	19.0	W18.5 W16.7 W18.6 W24.4 W16.8
c5m07	5	5	3.4	W3.6 W3.2 W3.2 W3.3 W3.5
c5m08	2	5	6.7	L6.3 W7.0 L6.8 L6.2 W7.0
c5m09	4	5	20.0	L25.0 W12.8 W18.6 W22.4 W21.0
c5m10	5	5	18.7	W17.3 W18.8 W19.8 W19.1 W18.7
c5s1	5	5	2.3	W1.7 W2.3 W2.8 W2.4 W2.1
c5s2	5	5	2.2	W2.8 W1.5 W3.7 W1.1 W1.8
c6m01	5	5	8.0	W8.0 W8.0 W8.0 W8.0 W8.0
c6m02	5	5	2.1	W2.2 W1.9 W1.9 W2.0 W2.5
c6m03	5	5	1.8	W1.8 W1.8 W1.8 W1.8 W1.8
c6m04	5	5	2.5	W2.4 W2.0 W2.7 W2.8 W2.3
c6m05	5	5	4.1	W5.6 W3.1 W2.6 W4.4 W4.8
c6m06	5	5	4.0	W4.0 W4.0 W4.0 W4.0 W4.0
c6m07	5	5	1.8	W1.8 W1.9 W2.0 W1.8 W1.8
c6m08	5	5	1.0	W1.1 W0.9 W1.0 W1.0 W0.9
c6m09	5	5	5.3	W4.3 W4.7 W5.2 W4.8 W7.3
c6m10	5	5	11.5	W11.4 W11.7 W11.4 W11.6 W11.4
c6s1	5	5	3.2	W3.2 W3.1 W2.8 W3.5 W3.5
c6s2	5	5	1.5	W1.4 W1.0 W2.1 W1.8 W1.4
c7m01	5	5	2.8	W3.2 W2.5 W3.0 W2.9 W2.4
c7m02	5	5	2.0	W1.2 W1.3 W2.9 W2.7 W2.1
c7m03	5	5	7.0	W7.0 W7.0 W7.0 W7.0 W7.0
c7m04	5	5	0.8	W0.8 W0.8 W0.9 W0.7 W0.9
c7m05	5	5	4.2	W2.1 W6.1 W2.6 W3.6 W6.9
c7m06	5	5	3.6	W3.7 W3.1 W4.6 W3.2 W3.5
c7m07	5	5	3.5	W3.5 W3.6 W3.7 W3.5 W3.3
c7m08	4	5	1.8	W1.9 L2.0 W1.9 W1.7 W1.7
c7m09	5	5	6.7	W5.9 W5.2 W10.8 W5.8 W5.8
c7m10	5	5	17.1	W16.8 W17.0 W19.3 W15.0 W17.6
c7s1	5	5	2.5	W2.2 W2.6 W2.5 W2.2 W3.2
c7s2	5	5	2.4	W2.2 W2.0 W2.0 W2.8 W2.9
c8m01	5	5	1.9	W2.1 W2.6 W1.2 W1.8 W2.2
c8m02	5	5	4.2	W5.7 W4.4 W2.8 W3.7 W4.2
c8m03	5	5	1.6	W0.9 W1.6 W1.3 W1.6 W2.5
c8m04	5	5	6.0	W6.0 W6.0 W6.0 W6.0 W6.0
c8m05	5	5	6.8	W6.5 W7.3 W7.6 W6.6 W5.9
c8m06	1	5	3.2	L3.9 L2.4 L2.5 W4.0 L3.3
c8m07	5	5	5.9	W3.9 W5.3 W8.9 W3.7 W7.7
c8m08	0	5	4.1	L6.6 L4.1 L3.0 L2.2 L4.6
c8m09	5	5	0.2	W0.2 W0.2 W0.2 W0.2 W0.2
c8m10	0	5	34.0	L34.0 L34.0 L34.0 L34.0 L34.0
c8s1	5	5	2.2	W1.9 W3.2 W2.3 W2.1 W1.6
c8s2	5	5	3.5	W3.5 W3.0 W4.0 W3.2 W4.0
c9m01	5	5	1.4	W1.5 W2.0 W1.1 W1.5 W1.2
c9m02	5	5	6.2	W4.2 W4.4 W6.7 W5.4 W10.2
c9m03	5	5	4.1	W4.5 W4.3 W3.6 W3.5 W4.5
c9m04	5	5	5.2	W6.3 W5.3 W5.3 W4.5 W4.5
c9m05	5	5	4.5	W4.3 W5.2 W4.5 W5.1 W3.3
c9m06	5	5	6.1	W6.7 W7.8 W6.0 W6.2 W3.8
c9m07	5	5	2.7	W3.1 W2.4 W2.6 W2.7 W2.8
c9m08	5	5	1.1	W1.0 W1.1 W1.1 W1.1 W1.2
c9m09	4	5	4.0	W4.0 W4.0 L4.2 W4.0 W4.0
c9m10	5	5	12.3	W13.2 W11.7 W12.0 W11.7 W12.9
c9s1	5	5	1.5	W2.1 W1.9 W1.1 W1.3 W1.2
c9s2	5	5	3.5	W3.2 W3.6 W3.6 W3.7 W3.2
# 109 missions, 513/545 battles won (94%), 92 missions won on every seed
