id	class	cp	light	tanks	fort	air	light+AA	tanks+AA	fort+AA	long	ground	noAA	onTarget	survival	ready	dpsLight	dpsHeavy	dpsFort	dpsAir
scout_jeep	Scout	2	91.28	13.51	25.26	10.2	50.5	31.95	13.51		37.67	43.35	0.31	13.87		22.72	2.75	6.59	4.41
vbied	Scout	3	107.18	84.49	140.37	0	96.11	60.14	56.72		90.84	110.68	0.03	9.61		58.25	46.01	60.13	0
armored_car	Light	3	198.18	49.78	71.07	10.05	140.59	65.37	28.38		92.23	106.34	0.56	19.83		36.51	11.18	14.2	5.23
ifv	Light	5	201.66	91.38	104.7	11.1	218.54	101.13	22.85		123.38	132.58	0.54	31.34		52.07	24.24	25.83	6.06
light_tank	Tank	4	317.32	96.05	102.88	15.24	338.45	64.05	36.79		159.26	172.08	0.52	51.32		22.1	16.37	13.33	6.42
turtle_tank	Tank	7	476.67	404.33	288	0	453.43	303.5	234.55		360.08	389.67	0.66	77.89		37.07	37.59	22.4	0
bmpt	Tank	9	764.37	287.62	351.16	8.19	810.05	251.83	0		410.84	467.72	0.63	64.66		84.23	55.12	51.2	6.46
flame_tank	Heavy	5	677.41	162.41	490.37	17.1	670.27	133.47	0		355.66	443.4	0.52	54.12		53.59	26.06	54.89	6.9
armored_bulldozer	Heavy	7	567.32	201.42	637.36	22.76	548.05	213.05	364.36		421.93	468.7	0.75	69.07		46.27	23.71	52.79	8.64
main_battle_tank	Heavy	7	625.55	304.58	283.85	24	702.99	379.99	283.94		430.15	404.66	0.73	65.61		58.13	43.12	32.1	10.06
twin_tank	Heavy	9	685.77	362.74	310.5	16.22	770.9	404.53	169.03		450.58	453	0.66	68.4		75.65	55.93	47.17	9.86
heavy_tank	Heavy	10	644.24	433.81	364.24	15.94	683.09	531.45	192.86		474.95	480.76	0.69	77.64		71.58	59.87	45.75	8.59
siege_tank	Heavy	12	214.79	180.18	819.55	20.4	227.45	183.03	805.91	473.9	405.15	404.84	0.81	83.52		28.64	24.02	109.27	7.34
titan_tank	Heavy	14	613.18	737.24	393.43	13.67	611.82	607.15	0		493.8	581.28	0.67	81.3		95.38	114.68	61.2	9.93
atgm_carrier	TankHunter	5	334.49	289.14	549.68	16.54	327.87	252.26	87.91		306.89	391.1	0.7	45.87		44.48	51.36	32.49	8.89
fpv_carrier	TankHunter	6	276.95	500	500.34	6.72	292.32	451.3	546.68	1107.23	427.93	425.76	0.87	78.83		18.46	33.33	33.36	6.04
lancet_truck	TankHunter	6	196.11	383.89	180	6.54	176.95	308.06	180	828.53	237.5	253.33	0.91	78.65		13.07	25.59	12	6.68
wheeled_gun	TankHunter	6	253.77	296.46	276.29	6.49	265.07	249.45	62.99		234	275.51	0.72	34.54		58.93	55.41	39.05	5.08
tank_destroyer	TankHunter	7	679.16	350.94	468.76	10.77	677.3	370.33	407.1		492.26	499.62	0.74	65.78		68.2	48.58	36.46	8.41
railgun_truck	TankHunter	9	324.28	570.23	347.6	0	324.95	516.11	334.74		402.98	414.04	0.83	78.67		32.43	57.02	34.76	0
rocket_technical	Artillery	3	104.95	68.38	812	3.45	54.04	20.22	407.13	39.54	244.45	328.44	0.44	41.28		11.31	7.28	27.07	2.62
mortar_carrier	Artillery	4	269.64	237.22	522.79	8.79	279.87	122.51	576.25	164.45	334.71	343.22	0.76	75.69		11.98	10.54	23.23	5.31
artillery	Artillery	6	269.16	209.35	445.34	0	277.18	235.43	447.21	636.02	313.94	307.95	0.84	90		17.94	13.96	29.69	0
mlrs	Artillery	6	266.67	299.01	703.62	0	347.22	298.61	731.21	829.59	441.06	423.1	0.82	90		17.78	19.93	46.91	0
thermobaric_launcher	Artillery	7	420.55	174.58	98.12	19.26	466.99	143.39	297.3	161.2	266.82	231.09	0.41	75.28		32.71	19.47	7.63	10.21
shahed_truck	Artillery	8	178.13	258.78	605.63	0	215.31	311.31	676.35	533.07	374.25	347.51	0.84	90		15.83	23	53.83	0
ballistic_launcher	Artillery	11	331.51	286.38	544.68	0	284.09	343.47	500	866.91	381.69	387.52	0.82	90		40.52	35	66.57	0
heavy_rocket_artillery	Artillery	11	315.43	351.44	672.77	0	348.38	363.53	683.45	1008.27	455.83	446.55	0.82	90		38.55	42.95	82.23	0
zu23_technical	AntiAir	3	114.07	38.73	34.28	85.28	114.7	56.55	15.88		62.37	62.36	0.56	16.88		31.78	8.74	8.75	49.05
aa_vehicle	AntiAir	4	133.11	44.36	81.73	233.47	141.37	79.08	8.85		81.42	86.4	0.59	37.25		26.63	6.53	7.78	79.61
sam_launcher	AntiAir	5	0	0	41.96	183.33	0	0	0		6.99	13.99	0.13	66.42		0	0	9.36	57.9
heavy_aa	AntiAir	6	252.89	98.46	318.88	193.49	257.99	100.29	52.2		180.12	223.41	0.64	43.55		63.47	14.48	21.26	116.68
iron_beam	AntiAir	9	0	0	0	32.65	0	0	0		0	0	0.08	68.56		0	0	0	33.04
long_sam	AntiAir	11	0	0	0	410.35	0	0	0		0	0	0.11	87.71		0	0	0	63.78
engineer_vehicle	Support	3	0	0	0	0	0	0	0		0	0	0	90		0	0	0	0
smoke_carrier	Support	3	228.97	47.39	78.38	19.04	167.77	75.36	13.56		101.91	118.25	0.54	30.36		30.74	6.79	10.38	7.14
ammo_carrier	Support	4	0	0	0	0	0	0	0		0	0	0	90		0	0	0	0
counter_battery_radar	Support	5	0	0	0	0	0	0	0		0	0	0	90		0	0	0	0
ew_jammer	Support	5	0	0	0	0	0	0	0		0	0	0	90		0	0	0	0
mine_layer	Support	5	101.98	82.94	34.74	8.37	103.88	103.26	6.24		72.17	73.22	0.45	28.33		30.27	16.04	9.77	6.32
sapper	Support	5	580.62	73.86	161.53	30.95	608.06	108.35	61.14		265.59	272	0.65	66		38.11	8.87	11.5	8.41
command_vehicle	Support	6	0	0	0	0	0	0	0		0	0	0	90		0	0	0	0
scout_heli	Helicopter	5	676.68	372.78	639.16	47.52	50.42	125.76	40.82	23.88	317.61	562.87	0.6	44.5	1	55.48	30.45	57.53	7.4
attack_helicopter	Helicopter	9	717.14	683.46	645.38	104.06	67.49	205.89	35.07	47.83	392.41	681.99	0.63	49.4	1	91.05	83.08	89.85	26.38
heavy_attack_heli	Helicopter	13	239.42	352.57	215.39	53.89	240.39	323.72	215.39	547.52	264.48	269.13	0.89	84.3	1	34.58	50.93	31.11	17.96
gunship_heli	Helicopter	15	659.32	737.57	699.16	26.72	61.7	108.27	35.82	131.15	383.64	698.69	0.62	57.93	1	109.89	122.93	116.53	12.52
recon_drone	Plane	6	86.36	143.04	82.35	0	11.69	14.18	7.65	12.41	57.55	103.92	0.54	38.55	1	8.19	12.36	7.1	0
strike_drone	Plane	7	452.27	729.6	789.77	0	29.43	42.35	13.74	23.43	342.86	657.22	0.55	45.84	1	36.41	57.59	66.01	0
fighter_jet	Plane	12	0	0.59	0	283.91	0	1.12	1.29	0	0.5	0.2	0.1	49.28	1	0	0.09	0	117.05
attack_jet	Plane	13	627.64	729.14	1156.07	20.74	46.96	24.02	46.84	7.02	438.44	837.62	0.5	43.33	1	93.36	120.16	172.75	21.91
tank_buster	Plane	16	675.82	843.75	631.15	48.92	55.54	59.19	29.88	23.9	382.56	716.91	0.55	50.38	0.91	120.14	150	112.2	29.35
stealth_bomber	Plane	18	336.03	447.83	855.37	0	247.83	163.43	287.62	218.57	389.68	546.41	0.2	71.81	0.77	67.2	89.56	171.07	0
heavy_bomber	Plane	22	398.34	469.45	1070.3	29.58	234.72	204.57	247.59	198.45	437.5	646.03	0.32	71.17	0.7	97.37	114.75	261.62	13.11
