id	scenario	count	cp	light	heavy	air	structure	total	onTarget	survival	firstKill	ready	value	realDps	leaving	holding	longestLeave
scout_jeep	light	8	16	2313	0	0	0	2313	0.53	14.73	-1	-1	84.11	19.63	0	0	0
scout_jeep	tanks	8	16	0	243.99	0	0	243.99	0.31	12.8	-1	-1	8.71	2.38	0	0	0
scout_jeep	fort	8	16	0	0	0	247.09	247.09	0.49	14.79	-1	-1	9	2.09	0	0	0
scout_jeep	air	8	16	0	0	91.72	0	91.72	0.26	8.01	-1	-1	3.12	1.43	0	0	0
scout_jeep	light+AA	8	16	1206	0	0	0	1206	0.38	11.62	-1	-1	42.55	12.97	0	0	0
scout_jeep	tanks+AA	8	16	506.67	25.18	0	0	531.84	0.15	12.82	-1	-1	18.97	5.19	0	0	0
scout_jeep	fort+AA	8	16	0	0	0	106.69	106.69	0.22	9.7	-1	-1	3.69	1.37	0	0	0
scout_jeep	arty	8	16	2159.17	0	0	0	2159.17	0.49	14.4	22.63	-1	78.28	18.74	0	0	0
vbied	light	8	16	3959.54	0	0	0	3959.54	0.04	11.68	9.1	-1	139.79	42.39	0	0	0
vbied	tanks	8	16	0	1057.3	0	0	1057.3	0.02	10.98	-1	-1	37.03	12.04	0	0	0
vbied	fort	8	16	0	0	0	4334.91	4334.91	0.02	11.24	-1	-1	153.18	48.19	0	0	0
vbied	air	8	16	0	0	0	0	0	0	9.6	-1	-1	0	0	0	0	0
vbied	light+AA	8	16	3644.01	0	0	0	3644.01	0.03	9.51	9.9	-1	125.91	47.92	0	0	0
vbied	tanks+AA	8	16	0	0	0	0	0	0	11.2	-1	-1	0	0	0	0	0
vbied	fort+AA	8	16	0	0	0	1073.39	1073.39	0.03	8.39	-1	-1	36.67	15.99	0	0	0
vbied	arty	8	16	4040.89	0	0	0	4040.89	0.03	11.8	9.1	-1	142.84	42.8	0	0	0
armored_car	light	6	18	5743.81	0	0	0	5743.81	0.64	27	15.25	-1	207.43	35.46	0	0	0
armored_car	tanks	6	18	0	1962.2	0	0	1962.2	0.58	24.05	-1	-1	69.23	13.6	0	0	0
armored_car	fort	6	18	0	0	0	1589.84	1589.84	0.77	29.17	-1	-1	58.52	9.08	0	0	0
armored_car	air	6	18	0	0	47.93	0	47.93	0.32	12.08	-1	-1	1.51	0.66	0	0	0
armored_car	light+AA	6	18	4799.1	0	0	0	4799.1	0.66	23.89	20.1	-1	168.69	33.49	0	0	0
armored_car	tanks+AA	6	18	875	1516.4	0	0	2391.4	0.55	23.56	-1	-1	83.84	16.91	0	0	0
armored_car	fort+AA	6	18	0	0	0	767.38	767.38	0.59	15.41	-1	-1	24.97	8.3	0	0	0
armored_car	arty	6	18	3957.16	0	0	0	3957.16	0.59	21.58	14.08	-1	137.19	30.56	0	0	0
ifv	light	3	18	5468.4	0	0	0	5468.4	0.67	33.59	18.25	-1	208.6	54.26	0	0	0
ifv	tanks	3	18	0	2363.2	0	0	2363.2	0.52	34.15	-1	-1	90.61	23.07	0	0	0
ifv	fort	3	18	0	0	0	1655.52	1655.52	0.74	29.38	-1	-1	61	18.78	0	0	0
ifv	air	3	18	0	0	17.63	0	17.63	0.24	15.64	-1	-1	0.57	0.38	0	0	0
ifv	light+AA	3	18	4377.87	0	0	0	4377.87	0.67	28.03	23.38	-1	159.48	52.06	0	0	0
ifv	tanks+AA	3	18	875	2290.48	0	0	3165.48	0.61	33.02	-1	-1	120.96	31.96	0	0	0
ifv	fort+AA	3	18	0	0	0	840.2	840.2	0.15	52	-1	-1	35.81	5.39	0	0	0
ifv	arty	3	18	6368.03	0	0	0	6368.03	0.65	39.27	16.05	-1	255.48	54.06	0	0	0
light_tank	light	6	18	8264.98	0	0	0	8264.98	0.72	48.67	22.87	-1	353.73	28.3	0	0	0
light_tank	tanks	6	18	0	2262.92	0	0	2262.92	0.71	39.47	-1	-1	90.43	9.56	0	0	0
light_tank	fort	6	18	0	0	0	1646.4	1646.4	0.83	48.77	-1	-1	70.52	5.63	0	0	0
light_tank	air	6	18	0	0	51.89	0	51.89	0.35	18.44	-1	-1	1.74	0.47	0	0	0
light_tank	light+AA	6	18	6963.62	0	0	0	6963.62	0.73	42.47	27.95	-1	284.71	27.33	0	0	0
light_tank	tanks+AA	6	18	875	1997.33	0	0	2872.33	0.71	38.28	-1	-1	113.79	12.5	0	0	0
light_tank	fort+AA	6	18	0	0	0	0	0	0	90	-1	-1	0	0	0	0	0
light_tank	arty	6	18	3074.04	0	0	0	3074.04	0.63	26.03	22.1	-1	110.22	19.68	0	0	0
turtle_tank	light	3	21	10683.92	0	0	0	10683.92	0.72	90	32.55	-1	508.76	39.57	0	0	0
turtle_tank	tanks	3	21	0	8997.68	0	0	8997.68	0.79	88.21	45.35	-1	424.19	34	0	0	0
turtle_tank	fort	3	21	0	0	0	6048	6048	0.84	90	-1	-1	288	22.4	0	0	0
turtle_tank	air	3	21	0	0	0	0	0	0	50.32	-1	-1	0	0	0	0	0
turtle_tank	light+AA	3	21	10338.01	0	0	0	10338.01	0.76	90	37.42	-1	492.29	38.29	0	0	0
turtle_tank	tanks+AA	3	21	1750	7912.76	0	0	9662.75	0.82	90	54.72	-1	460.13	35.79	0	0	0
turtle_tank	fort+AA	3	21	0	0	0	6054	6054	0.84	90	-1	-1	288.29	22.42	0	0	0
turtle_tank	arty	3	21	9613.93	0	0	0	9613.93	0.71	90	33.7	-1	457.81	35.61	0	0	0
bmpt	light	2	18	12942.67	0	0	0	12942.67	0.7	79.96	22.05	-1	678.92	80.93	0	0	0
bmpt	tanks	2	18	0	6948.56	0	0	6948.56	0.78	62.85	43.78	-1	329.61	55.28	0	0	0
bmpt	fort	2	18	0	0	0	5426.94	5426.94	0.84	68.52	-1	-1	265.52	39.6	0	0	0
bmpt	air	2	18	0	0	24.26	0	24.26	0.41	21.43	-1	-1	0.84	0.57	0	0	0
bmpt	light+AA	2	18	13055.94	0	0	0	13055.94	0.73	75.45	22.65	-1	666.67	86.52	0	0	0
bmpt	tanks+AA	2	18	1693.33	5081.32	0	0	6774.66	0.77	55.21	44.45	-1	303.8	61.36	0	0	0
bmpt	fort+AA	2	18	0	0	0	0	0	0	90	-1	-1	0	0	0	0	0
bmpt	arty	2	18	13971.79	0	0	0	13971.79	0.66	86.6	18.03	-1	761.63	80.67	0	0	0
flame_tank	light	4	16	13064.73	0	0	0	13064.73	0.56	63.59	20.28	-1	697.69	51.36	0	0	0
flame_tank	tanks	4	16	0	3447.68	0	0	3447.68	0.6	47.23	67.9	-1	165.1	18.25	0	0	0
flame_tank	fort	4	16	0	0	0	2755.03	2755.03	0.76	58.84	-1	-1	142.42	11.71	0	0	0
flame_tank	air	4	16	0	0	50.05	0	50.05	0.37	20.52	-1	-1	1.93	0.61	0	0	0
flame_tank	light+AA	4	16	11242.14	0	0	0	11242.14	0.52	54.12	22.32	-1	562.58	51.94	0	0	0
flame_tank	tanks+AA	4	16	875	1864.15	0	0	2739.15	0.53	40	-1	-1	123.8	17.12	0	0	0
flame_tank	fort+AA	4	16	0	0	0	0	0	0	66.39	-1	-1	0	0	0	0	0
flame_tank	arty	4	16	9161.78	0	0	0	9161.78	0.42	59.69	18.93	-1	480.98	38.37	0	0	0
bunker_vehicle	light	3	18	9099.13	0	0	0	9099.13	0.77	86.78	32.73	-1	496.46	34.95	0	0	0
bunker_vehicle	tanks	3	18	0	6686.19	0	0	6686.19	0.73	81.62	54.65	-1	354.18	27.31	0	0	0
bunker_vehicle	fort	3	18	0	0	0	3900	3900	0.8	81.03	-1	-1	205.87	16.04	0	0	0
bunker_vehicle	air	3	18	0	0	20.13	0	20.13	0.39	33.1	-1	-1	0.77	0.2	0	0	0
bunker_vehicle	light+AA	3	18	8860.5	0	0	0	8860.5	0.66	90	35.9	-1	492.25	32.82	0	0	0
bunker_vehicle	tanks+AA	3	18	1750	5961.72	0	0	7711.72	0.75	90	63.25	-1	428.43	28.56	0	0	0
bunker_vehicle	fort+AA	3	18	0	0	0	3620	3620	0.53	90	-1	-1	201.11	13.41	0	0	0
bunker_vehicle	arty	3	18	5158.33	0	0	0	5158.33	0.44	76.09	27.07	-1	264.47	22.6	0	0	0
armored_bulldozer	light	3	21	10993.22	0	0	0	10993.22	0.73	90	28.6	-1	523.49	40.72	0	0	0
armored_bulldozer	tanks	3	21	0	5028.32	0	0	5028.32	0.82	80.48	70.02	-1	226.84	20.83	0	0	0
armored_bulldozer	fort	3	21	0	0	0	11131.57	11131.57	0.79	90	64.6	-1	530.08	41.23	0	0	0
armored_bulldozer	air	3	21	0	0	420.95	0	420.95	0.57	39.86	-1	-1	14.48	3.52	0	0	0
armored_bulldozer	light+AA	3	21	11203.5	0	0	0	11203.5	0.77	87.4	32.27	-1	525.95	42.73	0	0	0
armored_bulldozer	tanks+AA	3	21	989.79	4558.09	0	0	5547.88	0.81	73.08	83.9	-1	239.35	25.31	0	0	0
armored_bulldozer	fort+AA	3	21	0	0	0	6415.29	6415.29	0.8	74.37	-1	-1	278.96	28.76	0	0	0
armored_bulldozer	arty	3	21	10382.42	0	0	0	10382.42	0.71	87.58	26.5	-1	488.22	39.51	0	0	0
main_battle_tank	light	3	21	12750.02	0	0	0	12750.02	0.71	78.08	22.1	-1	566.95	54.43	0	0	0
main_battle_tank	tanks	3	21	0	7922.01	0	0	7922.01	0.79	64.73	38.87	-1	324.44	40.79	0	0	0
main_battle_tank	fort	3	21	0	0	0	5133.57	5133.57	0.81	67.33	-1	-1	213.69	25.41	0	0	0
main_battle_tank	air	3	21	0	0	247.71	0	247.71	0.5	27.74	-1	-1	7.72	2.98	0	0	0
main_battle_tank	light+AA	3	21	12605.77	0	0	0	12605.77	0.74	74.68	23.85	-1	549.56	56.27	0	0	0
main_battle_tank	tanks+AA	3	21	1304.88	6677.45	0	0	7982.33	0.74	64.4	46.7	-1	325.93	41.32	0	0	0
main_battle_tank	fort+AA	3	21	0	0	0	3648.79	3648.79	0.68	57.19	-1	-1	141.69	21.27	0	0	0
main_battle_tank	arty	3	21	12538.06	0	0	0	12538.06	0.68	77.86	19.92	-1	556.83	53.68	0	0	0
twin_tank	light	2	18	11646	0	0	0	11646	0.74	77.79	23.05	-1	603.12	74.85	0	0	0
twin_tank	tanks	2	18	0	7990.29	0	0	7990.29	0.81	65.27	37.85	-1	382.99	61.2	0	0	0
twin_tank	fort	2	18	0	0	0	5625.17	5625.17	0.85	68.11	-1	-1	274.5	41.3	0	0	0
twin_tank	air	2	18	0	0	226.25	0	226.25	0.53	26.46	-1	-1	8.14	4.28	0	0	0
twin_tank	light+AA	2	18	12072.02	0	0	0	12072.02	0.77	79.44	23.85	-1	631.33	75.98	0	0	0
twin_tank	tanks+AA	2	18	1750	8407.45	0	0	10157.45	0.72	85.59	44.55	-1	551.36	59.34	0	0	0
twin_tank	fort+AA	2	18	0	0	0	4954.1	4954.1	0.52	90	-1	-1	275.23	27.52	0	0	0
twin_tank	arty	2	18	11823.1	0	0	0	11823.1	0.73	89.18	21.68	-1	654	66.28	0	0	0
heavy_tank	light	2	24	13338.15	0	0	0	13338.15	0.68	90	25.58	-1	555.76	74.1	0	0	0
heavy_tank	tanks	2	24	0	10707.24	0	0	10707.24	0.78	90	42.1	-1	446.14	59.48	0	0	0
heavy_tank	fort	2	24	0	0	0	10827.41	10827.41	0.8	90	69.83	-1	451.14	60.15	0	0	0
heavy_tank	air	2	24	0	0	284.72	0	284.72	0.56	39.73	-1	-1	8.55	3.58	0	0	0
heavy_tank	light+AA	2	24	13774.78	0	0	0	13774.78	0.72	90	29.92	-1	573.95	76.53	0	0	0
heavy_tank	tanks+AA	2	24	1780.88	8999.93	0	0	10780.8	0.81	90	48.72	-1	449.2	59.89	0	0	0
heavy_tank	fort+AA	2	24	0	0	0	10579.52	10579.52	0.84	90	-1	-1	440.82	58.77	0	0	0
heavy_tank	arty	2	24	13385.08	0	0	0	13385.08	0.66	90	23.05	-1	557.71	74.36	0	0	0
siege_tank	light	2	24	4950.49	0	0	0	4950.49	0.85	90	45.62	-1	206.27	27.5	0	0	0
siege_tank	tanks	2	24	0	5181.71	0	0	5181.71	0.85	90	68.08	-1	215.91	28.79	0	0	0
siege_tank	fort	2	24	0	0	0	19668.99	19668.99	0.83	90	39.45	-1	819.55	109.27	0	0	0
siege_tank	air	2	24	0	0	218.12	0	218.12	0.51	38.48	-1	-1	6.49	2.83	0	0	0
siege_tank	light+AA	2	24	5458.84	0	0	0	5458.84	0.79	90	50.45	-1	227.45	30.33	0	0	0
siege_tank	tanks+AA	2	24	1288.29	4500	0	0	5788.29	0.87	90	80.32	-1	241.18	32.16	0	0	0
siege_tank	fort+AA	2	24	0	0	0	19341.63	19341.63	0.85	90	53.4	-1	805.91	107.45	0	0	0
siege_tank	long	2	24	5035.25	9204.96	0	0	14240.21	0.9	240.01	101.05	-1	593.35	29.67	0	0	0
siege_tank	arty	2	24	4006.34	0	0	0	4006.34	0.68	88.44	39.03	-1	165.75	22.65	0	0	0
titan_tank	light	1	14	9872.72	0	0	0	9872.72	0.79	90	30.3	-1	705.2	109.7	0	0	0
titan_tank	tanks	1	14	0	10277.25	0	0	10277.25	0.82	90	42.65	-1	734.09	114.19	0	0	0
titan_tank	fort	1	14	0	0	0	5508	5508	0.88	90	-1	-1	393.43	61.2	0	0	0
titan_tank	air	1	14	0	0	115.16	0	115.16	0.52	39.68	-1	-1	5.93	2.9	0	0	0
titan_tank	light+AA	1	14	9280.77	0	0	0	9280.77	0.82	90	37.75	-1	662.92	103.12	0	0	0
titan_tank	tanks+AA	1	14	1750	7311.42	0	0	9061.42	0.79	90	52.67	-1	647.25	100.68	0	0	0
titan_tank	fort+AA	1	14	0	0	0	0	0	0	90	-1	-1	0	0	0	0	0
titan_tank	arty	1	14	7885.76	0	0	0	7885.76	0.69	90	33.65	-1	563.27	87.62	0	0	0
fpv_carrier	light	3	18	5890.89	0	0	0	5890.89	0.92	90	28.58	-1	327.27	21.82	0	0	0
fpv_carrier	tanks	3	18	0	9000	0	0	9000	0.95	90	39.22	-1	500	33.33	0	0	0
fpv_carrier	fort	3	18	0	0	0	7956.17	7956.17	0.96	90	-1	-1	442.01	29.47	0	0	0
fpv_carrier	air	3	18	0	0	65.74	0	65.74	0.39	10.63	-1	-1	2.05	2.06	0	0	0
fpv_carrier	light+AA	3	18	5873.33	0	0	0	5873.33	0.95	90	38.87	-1	326.3	21.75	0	0	0
fpv_carrier	tanks+AA	3	18	1750	6700	0	0	8450	0.95	90	59.18	-1	469.45	31.3	0	0	0
fpv_carrier	fort+AA	3	18	0	0	0	9005.17	9005.17	0.97	90	-1	-1	500.29	33.35	0	0	0
fpv_carrier	long	3	18	6447.85	13500	0	0	19947.86	0.97	240.01	78.07	-1	1108.24	27.7	0	0	0
fpv_carrier	arty	3	18	2695	0	0	0	2695	0.9	36.8	28.27	-1	105.47	24.41	0	0	0
lancet_truck	light	3	18	5139.38	0	0	0	5139.38	0.94	87.93	33.08	-1	282	19.48	0	0	0
lancet_truck	tanks	3	18	0	6910	0	0	6910	0.96	90	41.37	-1	383.89	25.59	0	0	0
lancet_truck	fort	3	18	0	0	0	3240	3240	0.99	90	-1	-1	180	12	0	0	0
lancet_truck	air	3	18	0	0	119.7	0	119.7	0.44	12.09	-1	-1	3.77	3.3	0	0	0
lancet_truck	light+AA	3	18	5195	0	0	0	5195	0.96	90	40.23	-1	288.61	19.24	0	0	0
lancet_truck	tanks+AA	3	18	1355	5460	0	0	6815	0.96	89.87	54.03	-1	378.33	25.28	0	0	0
lancet_truck	fort+AA	3	18	0	0	0	3240	3240	0.99	90	-1	-1	180	12	0	0	0
lancet_truck	long	3	18	6675.7	9495.67	0	0	16171.37	0.97	222.65	97.73	-1	866.51	24.21	0	0	0
lancet_truck	arty	3	18	2535	0	0	0	2535	0.87	38.24	32.63	-1	100.23	22.1	0	0	0
wheeled_gun	light	3	18	8618.26	0	0	0	8618.26	0.71	43.9	16.32	-1	356.51	65.44	0	0	0
wheeled_gun	tanks	3	18	0	8993.22	0	0	8993.22	0.82	47.14	25.85	-1	380.66	63.59	0	0	0
wheeled_gun	fort	3	18	0	0	0	7062	7062	0.91	59.18	-1	-1	325.15	39.78	0	0	0
wheeled_gun	air	3	18	0	0	17.49	0	17.49	0.31	15.99	-1	-1	0.57	0.36	0	0	0
wheeled_gun	light+AA	3	18	7722.36	0	0	0	7722.36	0.76	41.43	20.72	-1	313.28	62.14	0	0	0
wheeled_gun	tanks+AA	3	18	1040.01	6704.86	0	0	7744.86	0.81	40.86	29	-1	312.92	63.18	0	0	0
wheeled_gun	fort+AA	3	18	0	0	0	2544	2544	0.77	23.13	-1	-1	88.84	36.67	0	0	0
wheeled_gun	arty	3	18	9303.47	0	0	0	9303.47	0.7	48.95	14.7	-1	399.15	63.35	0	0	0
tank_destroyer	light	3	21	13136.17	0	0	0	13136.17	0.71	68.79	18.82	-1	551.83	63.65	0	0	0
tank_destroyer	tanks	3	21	0	9195.26	0	0	9195.26	0.7	60.64	28.02	-1	366.4	50.55	0	0	0
tank_destroyer	fort	3	21	0	0	0	9603.23	9603.23	0.87	90	78.27	-1	457.3	35.57	0	0	0
tank_destroyer	air	3	21	0	0	184.06	0	184.06	0.5	19.27	-1	-1	5.32	3.18	0	0	0
tank_destroyer	light+AA	3	21	13231	0	0	0	13231	0.72	63.42	20.65	-1	537.02	69.54	0	0	0
tank_destroyer	tanks+AA	3	21	1750	7102.78	0	0	8852.78	0.68	60.77	34.78	-1	353.12	48.56	0	0	0
tank_destroyer	fort+AA	3	21	0	0	0	6600	6600	0.87	64.87	-1	-1	270.41	33.91	0	0	0
tank_destroyer	arty	3	21	8550	0	0	0	8550	0.67	47.35	18.55	-1	313.95	60.19	0	0	0
railgun_truck	light	2	18	8008	0	0	0	8008	0.9	90	26.37	-1	444.89	44.49	0	0	0
railgun_truck	tanks	2	18	0	10264	0	0	10264	0.93	90	35.57	-1	570.23	57.02	0	0	0
railgun_truck	fort	2	18	0	0	0	6256.8	6256.8	0.99	90	-1	-1	347.6	34.76	0	0	0
railgun_truck	air	2	18	0	0	0	0	0	0	11.43	-1	-1	0	0	0	0	0
railgun_truck	light+AA	2	18	8965.33	0	0	0	8965.33	0.93	90	26.82	-1	498.08	49.81	0	0	0
railgun_truck	tanks+AA	2	18	1750	8646	0	0	10396	0.97	90	42.95	-1	577.56	57.75	0	0	0
railgun_truck	fort+AA	2	18	0	0	0	6025.2	6025.2	0.99	90	-1	-1	334.74	33.47	0	0	0
railgun_truck	arty	2	18	2474.67	0	0	0	2474.67	0.89	27.62	19.08	-1	90.08	44.79	0	0	0
laser_tank	light	2	20	8207.82	0	0	0	8207.82	0.78	66.92	23.23	-1	357.77	61.33	0	0	0
laser_tank	tanks	2	20	0	8861.77	0	0	8861.77	0.67	46.17	23.3	-1	335.17	95.96	0	0	0
laser_tank	fort	2	20	0	0	0	13656.05	13656.05	0.87	85.21	53.27	-1	664.64	80.13	0	0	0
laser_tank	air	2	20	0	0	0	0	0	0	17.43	-1	-1	0	0	0	0	0
laser_tank	light+AA	2	20	8760.21	0	0	0	8760.21	0.79	63.29	25.45	-1	373.09	69.21	0	0	0
laser_tank	tanks+AA	2	20	900.21	6624.76	0	0	7524.97	0.74	41.01	30.23	-1	273.87	91.75	0	0	0
laser_tank	fort+AA	2	20	0	0	0	11549.21	11549.21	0.76	87.5	79.93	-1	569.44	65.99	0	0	0
laser_tank	arty	2	20	3351.37	0	0	0	3351.37	0.62	32.81	19.12	-1	114.37	51.08	0	0	0
rocket_technical	light	6	18	4188.28	0	0	0	4188.28	0.33	67.57	41.65	-1	203.68	10.33	0	0	0
rocket_technical	tanks	6	18	0	3947.43	0	0	3947.43	0.42	57.82	81.5	-1	183.79	11.38	0	0	0
rocket_technical	fort	6	18	0	0	0	8250	8250	0.92	90	87.4	-1	458.34	15.28	0	0	0
rocket_technical	air	6	18	0	0	66.88	0	66.88	0.25	7.93	-1	-1	2.02	1.41	0	0	0
rocket_technical	light+AA	6	18	2006.39	0	0	0	2006.39	0.3	39.66	-1	-1	80.57	8.43	0	0	0
rocket_technical	tanks+AA	6	18	432.14	567.44	0	0	999.58	0.2	30.51	-1	-1	37.79	5.46	0	0	0
rocket_technical	fort+AA	6	18	0	0	0	5549.38	5549.38	0.9	62.88	-1	-1	261.85	14.71	0	0	0
rocket_technical	long	6	18	1030.06	558.86	0	0	1588.91	0.26	32.36	-1	-1	50.12	8.18	0	0	0
rocket_technical	arty	6	18	1419.68	0	0	0	1419.68	0.77	15.18	-1	-1	46.09	15.58	0	0	0
mortar_carrier	light	4	16	4487.63	0	0	0	4487.63	0.86	90	53.4	-1	280.48	12.47	0	0	0
mortar_carrier	tanks	4	16	0	4913.16	0	0	4913.16	0.9	89.77	77.08	-1	306.68	13.68	0	0	0
mortar_carrier	fort	4	16	0	0	0	5471.95	5471.95	0.93	90	-1	-1	342	15.2	0	0	0
mortar_carrier	air	4	16	0	0	101.46	0	101.46	0.37	11.23	-1	-1	3.57	2.26	0	0	0
mortar_carrier	light+AA	4	16	4494.01	0	0	0	4494.01	0.81	90	62.78	-1	280.88	12.48	0	0	0
mortar_carrier	tanks+AA	4	16	875	2646.77	0	0	3521.77	0.68	77.82	-1	-1	205.78	11.31	0	0	0
mortar_carrier	fort+AA	4	16	0	0	0	6254.99	6254.99	0.93	90	-1	-1	390.94	17.37	0	0	0
mortar_carrier	long	4	16	1549.61	1760.62	0	0	3310.23	0.53	99.43	-1	-1	147.47	8.32	0	0	0
mortar_carrier	arty	4	16	872.27	0	0	0	872.27	0.31	28.78	-1	-1	35.94	7.58	0	0	0
artillery	light	3	18	4844.89	0	0	0	4844.89	0.94	90	44.35	-1	269.16	17.94	0	0	0
artillery	tanks	3	18	0	4768.89	0	0	4768.89	0.97	90	78.7	-1	264.94	17.66	0	0	0
artillery	fort	3	18	0	0	0	7147.35	7147.35	0.98	90	-1	-1	397.08	26.47	0	0	0
artillery	air	3	18	0	0	0	0	0	0	90	-1	-1	0	0	0	0	0
artillery	light+AA	3	18	4989.21	0	0	0	4989.21	0.97	90	58.67	-1	277.18	18.48	0	0	0
artillery	tanks+AA	3	18	875	3995.81	0	0	4870.81	1	90	-1	-1	270.6	18.04	0	0	0
artillery	fort+AA	3	18	0	0	0	7198.54	7198.54	0.99	90	-1	-1	399.92	26.66	0	0	0
artillery	long	3	18	4291.49	8322.03	0	0	12613.53	0.99	240.01	132.9	-1	700.77	17.52	0	0	0
artillery	arty	3	18	2127.71	0	0	0	2127.71	0.99	30.39	44.8	-1	79.42	23.34	0	0	0
mlrs	light	3	18	4800	0	0	0	4800	0.97	90	38.2	-1	266.67	17.78	0	0	0
mlrs	tanks	3	18	0	8143.34	0	0	8143.34	0.97	90	38.68	-1	452.41	30.16	0	0	0
mlrs	fort	3	18	0	0	0	10232.85	10232.85	0.97	90	66.62	-1	568.49	37.9	0	0	0
mlrs	air	3	18	0	0	0	0	0	0	90	-1	-1	0	0	0	0	0
mlrs	light+AA	3	18	6250	0	0	0	6250	0.93	90	26.53	-1	347.22	23.15	0	0	0
mlrs	tanks+AA	3	18	1750	5926.51	0	0	7676.51	0.97	90	54.9	-1	426.47	28.43	0	0	0
mlrs	fort+AA	3	18	0	0	0	11000	11000	0.97	90	79.1	-1	611.11	40.74	0	0	0
mlrs	long	3	18	5654.87	13500	0	0	19154.86	0.98	240.01	79.42	-1	1064.18	26.6	0	0	0
mlrs	arty	3	18	2959.08	0	0	0	2959.08	0.85	35.57	26.62	-1	114.98	27.73	0	0	0
thermobaric_launcher	light	3	21	7697.5	0	0	0	7697.5	0.44	90	32.53	-1	366.55	28.51	0	0	0
thermobaric_launcher	tanks	3	21	0	6722.12	0	0	6722.12	0.45	74.1	55.15	-1	291.91	30.24	0	0	0
thermobaric_launcher	fort	3	21	0	0	0	2951.22	2951.22	0.04	90	-1	-1	140.53	10.93	0	0	0
thermobaric_launcher	air	3	21	0	0	183.21	0	183.21	0.43	24.11	-1	-1	5.53	2.53	0	0	0
thermobaric_launcher	light+AA	3	21	8157.39	0	0	0	8157.39	0.45	84.12	31.9	-1	376.05	32.32	0	0	0
thermobaric_launcher	tanks+AA	3	21	1166.67	4389.62	0	0	5556.29	0.48	81.49	68.8	-1	254.96	22.73	0	0	0
thermobaric_launcher	fort+AA	3	21	0	0	0	5920.85	5920.85	0.22	79.12	-1	-1	264.94	24.94	0	0	0
thermobaric_launcher	long	3	21	3166.67	4074.34	0	0	7241.01	0.4	97.62	58.7	-1	243.55	24.73	0	0	0
thermobaric_launcher	arty	3	21	6025.93	0	0	0	6025.93	0.63	46.79	21.28	-1	218.36	42.93	0	0	0
shahed_truck	light	2	16	2850	0	0	0	2850	0.97	90	72.6	-1	178.13	15.83	0	0	0
shahed_truck	tanks	2	16	0	6830	0	0	6830	0.97	90	41.92	-1	426.88	37.94	0	0	0
shahed_truck	fort	2	16	0	0	0	8250	8250	0.97	90	73.8	-1	515.63	45.83	0	0	0
shahed_truck	air	2	16	0	0	0	0	0	0	90	-1	-1	0	0	0	0	0
shahed_truck	light+AA	2	16	3445	0	0	0	3445	0.97	90	73.6	-1	215.31	19.14	0	0	0
shahed_truck	tanks+AA	2	16	875	4500	0	0	5375	0.97	90	75.97	-1	335.94	29.86	0	0	0
shahed_truck	fort+AA	2	16	0	0	0	9891.19	9891.19	1	90	-1	-1	618.2	54.95	0	0	0
shahed_truck	long	2	16	4029.01	4660	0	0	8689.01	0.99	240.01	141.68	-1	543.07	18.1	0	0	0
shahed_truck	arty	2	16	2981.67	0	0	0	2981.67	0.9	77.44	41.23	-1	173.82	19.25	0	0	0
ballistic_launcher	light	2	22	7293.09	0	0	0	7293.09	0.93	90	3.47	-1	331.51	40.52	0	0	0
ballistic_launcher	tanks	2	22	0	6800.46	0	0	6800.46	0.97	90	47.68	-1	309.11	37.78	0	0	0
ballistic_launcher	fort	2	22	0	0	0	11982.98	11982.98	0.97	90	47.58	-1	544.68	66.57	0	0	0
ballistic_launcher	air	2	22	0	0	0	0	0	0	90	-1	-1	0	0	0	0	0
ballistic_launcher	light+AA	2	22	6250	0	0	0	6250	0.93	90	24.77	-1	284.09	34.72	0	0	0
ballistic_launcher	tanks+AA	2	22	1750	6182.78	0	0	7932.78	0.97	90	47.62	-1	360.58	44.07	0	0	0
ballistic_launcher	fort+AA	2	22	0	0	0	11000	11000	0.97	90	70.92	-1	500	61.11	0	0	0
ballistic_launcher	long	2	22	8819.66	14636.26	0	0	23455.91	0.96	240.01	49.1	-1	1066.2	48.86	0	0	0
ballistic_launcher	arty	2	22	4137.96	0	0	0	4137.96	0.86	47.58	3.12	-1	153.32	43.48	0	0	0
heavy_rocket_artillery	light	2	22	6939.43	0	0	0	6939.43	0.93	90	20.63	-1	315.43	38.55	0	0	0
heavy_rocket_artillery	tanks	2	22	0	8830.46	0	0	8830.46	0.94	90	28.57	-1	401.39	49.06	0	0	0
heavy_rocket_artillery	fort	2	22	0	0	0	14119.44	14119.44	0.97	90	40.17	-1	641.8	78.44	0	0	0
heavy_rocket_artillery	air	2	22	0	0	0	0	0	0	90	-1	-1	0	0	0	0	0
heavy_rocket_artillery	light+AA	2	22	7664.26	0	0	0	7664.26	0.93	90	21.38	-1	348.38	42.58	0	0	0
heavy_rocket_artillery	tanks+AA	2	22	1234.97	8220.42	0	0	9455.39	0.97	90	47.13	-1	429.79	52.53	0	0	0
heavy_rocket_artillery	fort+AA	2	22	0	0	0	11000	11000	0.97	90	77.95	-1	500	61.11	0	0	0
heavy_rocket_artillery	long	2	22	7125	13500	0	0	20625	0.96	240.01	64.73	-1	937.52	42.97	0	0	0
heavy_rocket_artillery	arty	2	22	2914.26	0	0	0	2914.26	0.85	43.33	27.33	-1	101.04	33.63	0	0	0
zu23_technical	light	6	18	4204.78	0	0	0	4204.78	0.63	21.45	15.38	-1	144.64	32.67	0	0	0
zu23_technical	tanks	6	18	0	1036.11	0	0	1036.11	0.63	20.76	-1	-1	35.43	8.32	0	0	0
zu23_technical	fort	6	18	0	0	0	146.86	146.86	0.67	18.42	-1	-1	4.93	1.33	0	0	0
zu23_technical	air	6	18	0	0	2312.92	0	2312.92	0.42	10.37	-1	-1	71.65	37.17	0	0	0
zu23_technical	light+AA	6	18	3688.39	0	0	0	3688.39	0.64	19.71	21.62	-1	124.92	31.19	0	0	0
zu23_technical	tanks+AA	6	18	875	721.33	0	0	1596.33	0.59	18.34	-1	-1	53.42	14.51	0	0	0
zu23_technical	fort+AA	6	18	0	0	0	74.2	74.2	0.51	12.08	-1	-1	2.34	1.02	0	0	0
zu23_technical	arty	6	18	4693.18	0	0	0	4693.18	0.58	23.6	12.42	-1	164.56	33.14	0	0	0
aa_vehicle	light	4	16	3945.83	0	0	0	3945.83	0.68	31.64	21.58	-1	166.69	31.18	0	0	0
aa_vehicle	tanks	4	16	0	2325	0	0	2325	0.62	44.43	-1	-1	108.55	13.08	0	0	0
aa_vehicle	fort	4	16	0	0	0	482.67	482.67	0.82	41.47	-1	-1	22.03	2.91	0	0	0
aa_vehicle	air	4	16	0	0	6513.29	0	6513.29	0.53	18.55	13.75	-1	245.52	87.76	0	0	0
aa_vehicle	light+AA	4	16	3654.06	0	0	0	3654.06	0.68	28.11	24.8	-1	149.93	32.5	0	0	0
aa_vehicle	tanks+AA	4	16	875	1999.55	0	0	2874.55	0.69	40.1	-1	-1	129.9	17.92	0	0	0
aa_vehicle	fort+AA	4	16	0	0	0	132.63	132.63	0.12	42.03	-1	-1	5.97	0.79	0	0	0
aa_vehicle	arty	4	16	2832.18	0	0	0	2832.18	0.58	23.53	16.25	-1	111.76	30.09	0	0	0
sam_launcher	light	4	20	0	0	0	0	0	0	90	-1	-1	0	0	0	0	0
sam_launcher	tanks	4	20	0	0	0	0	0	0	90	-1	-1	0	0	0	0	0
sam_launcher	fort	4	20	0	0	0	385.44	385.44	0.24	61.73	-1	-1	16.24	1.56	0	0	0
sam_launcher	air	4	20	0	0	10013.76	0	10013.76	0.67	30.77	13.13	-1	336.67	81.37	0	0	0
sam_launcher	light+AA	4	20	0	0	0	0	0	0	90	-1	-1	0	0	0	0	0
sam_launcher	tanks+AA	4	20	0	0	0	0	0	0	90	-1	-1	0	0	0	0	0
sam_launcher	fort+AA	4	20	0	0	0	0	0	0	58.73	-1	-1	0	0	0	0	0
sam_launcher	arty	4	20	0	0	0	0	0	0	36.89	-1	-1	0	0	0	0	0
heavy_aa	light	3	18	8766.78	0	0	0	8766.78	0.65	39.43	13.53	-1	350.24	74.12	0	0	0
heavy_aa	tanks	3	18	0	4508.75	0	0	4508.75	0.82	40.19	52.92	-1	181.18	37.39	0	0	0
heavy_aa	fort	3	18	0	0	0	2295.9	2295.9	0.92	90	-1	-1	127.55	8.5	0	0	0
heavy_aa	air	3	18	0	0	8553	0	8553	0.44	19.88	13.57	-1	290.22	143.39	0	0	0
heavy_aa	light+AA	3	18	7540.75	0	0	0	7540.75	0.68	33.21	15.7	-1	286.79	75.69	0	0	0
heavy_aa	tanks+AA	3	18	875	3971.83	0	0	4846.83	0.84	37.52	-1	-1	190.82	43.06	0	0	0
heavy_aa	fort+AA	3	18	0	0	0	486.35	486.35	0.72	24.12	-1	-1	17.13	6.72	0	0	0
heavy_aa	arty	3	18	8248.77	0	0	0	8248.77	0.61	39.78	12.58	-1	330.83	69.12	0	0	0
iron_beam	light	2	18	0	0	0	0	0	0	90	-1	-1	0	0	0	0	0
iron_beam	tanks	2	18	0	0	0	0	0	0	90	-1	-1	0	0	0	0	0
iron_beam	fort	2	18	0	0	0	0	0	0	90	-1	-1	0	0	0	0	0
iron_beam	air	2	18	0	0	629.21	0	629.21	0.52	12.13	-1	-1	19.84	25.95	0	0	0
iron_beam	light+AA	2	18	0	0	0	0	0	0	90	-1	-1	0	0	0	0	0
iron_beam	tanks+AA	2	18	0	0	0	0	0	0	48.34	-1	-1	0	0	0	0	0
iron_beam	fort+AA	2	18	0	0	0	0	0	0	90	-1	-1	0	0	0	0	0
iron_beam	arty	2	18	0	0	0	0	0	0	30.42	-1	-1	0	0	0	0	0
long_sam	light	2	22	0	0	0	0	0	0	90	-1	-1	0	0	0	0	0
long_sam	tanks	2	22	0	0	0	0	0	0	90	-1	-1	0	0	0	0	0
long_sam	fort	2	22	0	0	0	0	0	0	90	-1	-1	0	0	0	0	0
long_sam	air	2	22	0	0	14716.67	0	14716.67	0.82	88.01	20.25	-1	661.83	83.61	0	0	0
long_sam	light+AA	2	22	0	0	0	0	0	0	90	-1	-1	0	0	0	0	0
long_sam	tanks+AA	2	22	0	0	0	0	0	0	90	-1	-1	0	0	0	0	0
long_sam	fort+AA	2	22	0	0	0	0	0	0	90	-1	-1	0	0	0	0	0
long_sam	arty	2	22	0	0	0	0	0	0	25.86	-1	-1	0	0	0	0	0
engineer_vehicle	light	6	18	0	0	0	0	0	0	90	-1	-1	0	0	0	0	0
engineer_vehicle	tanks	6	18	0	0	0	0	0	0	90	-1	-1	0	0	0	0	0
engineer_vehicle	fort	6	18	0	0	0	0	0	0	90	-1	-1	0	0	0	0	0
engineer_vehicle	air	6	18	0	0	0	0	0	0	90	-1	-1	0	0	0	0	0
engineer_vehicle	light+AA	6	18	0	0	0	0	0	0	90	-1	-1	0	0	0	0	0
engineer_vehicle	tanks+AA	6	18	0	0	0	0	0	0	90	-1	-1	0	0	0	0	0
engineer_vehicle	fort+AA	6	18	0	0	0	0	0	0	90	-1	-1	0	0	0	0	0
engineer_vehicle	arty	6	18	0	0	0	0	0	0	90	-1	-1	0	0	0	0	0
smoke_carrier	light	6	18	5744.62	0	0	0	5744.62	0.69	37.16	21.2	-1	225.46	25.77	0	0	0
smoke_carrier	tanks	6	18	0	1487.06	0	0	1487.06	0.62	34.24	-1	-1	57.13	7.24	0	0	0
smoke_carrier	fort	6	18	0	0	0	685.99	685.99	0.75	35.32	-1	-1	26.56	3.24	0	0	0
smoke_carrier	air	6	18	0	0	291.51	0	291.51	0.5	16.67	-1	-1	9.6	2.91	0	0	0
smoke_carrier	light+AA	6	18	4718.78	0	0	0	4718.78	0.68	31.82	25.82	-1	177.46	24.72	0	0	0
smoke_carrier	tanks+AA	6	18	875	1109.44	0	0	1984.44	0.6	31.51	-1	-1	74.45	10.5	0	0	0
smoke_carrier	fort+AA	6	18	0	0	0	167.96	167.96	0.06	45.43	-1	-1	7.02	0.62	0	0	0
smoke_carrier	arty	6	18	3364.98	0	0	0	3364.98	0.54	25.77	18.52	-1	120.38	21.76	0	0	0
ammo_carrier	light	4	16	0	0	0	0	0	0	90	-1	-1	0	0	0	0	0
ammo_carrier	tanks	4	16	0	0	0	0	0	0	90	-1	-1	0	0	0	0	0
ammo_carrier	fort	4	16	0	0	0	0	0	0	90	-1	-1	0	0	0	0	0
ammo_carrier	air	4	16	0	0	0	0	0	0	90	-1	-1	0	0	0	0	0
ammo_carrier	light+AA	4	16	0	0	0	0	0	0	90	-1	-1	0	0	0	0	0
ammo_carrier	tanks+AA	4	16	0	0	0	0	0	0	90	-1	-1	0	0	0	0	0
ammo_carrier	fort+AA	4	16	0	0	0	0	0	0	90	-1	-1	0	0	0	0	0
ammo_carrier	arty	4	16	0	0	0	0	0	0	56.5	-1	-1	0	0	0	0	0
counter_battery_radar	light	4	20	0	0	0	0	0	0	90	-1	-1	0	0	0	0	0
counter_battery_radar	tanks	4	20	0	0	0	0	0	0	90	-1	-1	0	0	0	0	0
counter_battery_radar	fort	4	20	0	0	0	0	0	0	90	-1	-1	0	0	0	0	0
counter_battery_radar	air	4	20	0	0	0	0	0	0	90	-1	-1	0	0	0	0	0
counter_battery_radar	light+AA	4	20	0	0	0	0	0	0	90	-1	-1	0	0	0	0	0
counter_battery_radar	tanks+AA	4	20	0	0	0	0	0	0	90	-1	-1	0	0	0	0	0
counter_battery_radar	fort+AA	4	20	0	0	0	0	0	0	90	-1	-1	0	0	0	0	0
counter_battery_radar	arty	4	20	0	0	0	0	0	0	41.29	-1	-1	0	0	0	0	0
ew_jammer	light	4	20	0	0	0	0	0	0	90	-1	-1	0	0	0	0	0
ew_jammer	tanks	4	20	0	0	0	0	0	0	90	-1	-1	0	0	0	0	0
ew_jammer	fort	4	20	0	0	0	0	0	0	90	-1	-1	0	0	0	0	0
ew_jammer	air	4	20	0	0	0	0	0	0	90	-1	-1	0	0	0	0	0
ew_jammer	light+AA	4	20	0	0	0	0	0	0	90	-1	-1	0	0	0	0	0
ew_jammer	tanks+AA	4	20	0	0	0	0	0	0	90	-1	-1	0	0	0	0	0
ew_jammer	fort+AA	4	20	0	0	0	0	0	0	90	-1	-1	0	0	0	0	0
ew_jammer	arty	4	20	0	0	0	0	0	0	41.34	-1	-1	0	0	0	0	0
mine_layer	light	4	20	3087.3	0	0	0	3087.3	0.69	28.52	29.75	-1	101.65	27.06	0	0	0
mine_layer	tanks	4	20	0	2284.19	0	0	2284.19	0.45	30.8	-1	-1	76.65	18.54	0	0	0
mine_layer	fort	4	20	0	0	0	382.19	382.19	0.73	30.67	-1	-1	12.81	3.12	0	0	0
mine_layer	air	4	20	0	0	230.99	0	230.99	0.58	16.17	-1	-1	6.83	3.57	0	0	0
mine_layer	light+AA	4	20	2250	0	0	0	2250	0.65	22.3	-1	-1	70.19	25.22	0	0	0
mine_layer	tanks+AA	4	20	875	2129.28	0	0	3004.28	0.43	31.33	-1	-1	101.66	23.97	0	0	0
mine_layer	fort+AA	4	20	0	0	0	109.63	109.63	0.07	40.61	-1	-1	3.9	0.67	0	0	0
mine_layer	arty	4	20	2284.44	0	0	0	2284.44	0.53	23.3	23.45	-1	72.58	24.52	0	0	0
command_vehicle	light	3	18	0	0	0	0	0	0	90	-1	-1	0	0	0	0	0
command_vehicle	tanks	3	18	0	0	0	0	0	0	90	-1	-1	0	0	0	0	0
command_vehicle	fort	3	18	0	0	0	0	0	0	90	-1	-1	0	0	0	0	0
command_vehicle	air	3	18	0	0	0	0	0	0	90	-1	-1	0	0	0	0	0
command_vehicle	light+AA	3	18	0	0	0	0	0	0	90	-1	-1	0	0	0	0	0
command_vehicle	tanks+AA	3	18	0	0	0	0	0	0	90	-1	-1	0	0	0	0	0
command_vehicle	fort+AA	3	18	0	0	0	0	0	0	90	-1	-1	0	0	0	0	0
command_vehicle	arty	3	18	0	0	0	0	0	0	51.81	-1	-1	0	0	0	0	0
shield_carrier	light	3	21	0	0	0	0	0	0	90	-1	-1	0	0	0	0	0
shield_carrier	tanks	3	21	0	0	0	0	0	0	90	-1	-1	0	0	0	0	0
shield_carrier	fort	3	21	0	0	0	0	0	0	90	-1	-1	0	0	0	0	0
shield_carrier	air	3	21	0	0	0	0	0	0	90	-1	-1	0	0	0	0	0
shield_carrier	light+AA	3	21	0	0	0	0	0	0	90	-1	-1	0	0	0	0	0
shield_carrier	tanks+AA	3	21	0	0	0	0	0	0	90	-1	-1	0	0	0	0	0
shield_carrier	fort+AA	3	21	0	0	0	0	0	0	90	-1	-1	0	0	0	0	0
shield_carrier	arty	3	21	0	0	0	0	0	0	86.36	-1	-1	0	0	0	0	0
scout_heli	light	4	16	14179.2	0	0	0	14179.2	0.74	80.35	18.38	1	838.69	44.12	0	0	0
scout_heli	tanks	4	16	0	3994.56	0	0	3994.56	0.9	75.43	-1	1	229.46	13.24	0	0	0
scout_heli	fort	4	16	0	0	0	5233.37	5233.37	0.88	63.04	-1	1	278.1	20.75	0	0	0
scout_heli	air	4	16	0	0	519.86	0	519.86	0.74	33.27	-1	1	22.28	3.91	0	0	0
scout_heli	light+AA	4	16	1480.91	0	0	0	1480.91	0.43	15.05	-1	1	54.02	24.6	0	0	0
scout_heli	tanks+AA	4	16	841.33	1180.66	0	0	2021.99	0.42	41.58	-1	1	99.57	12.16	0	0	0
scout_heli	fort+AA	4	16	0	0	0	865.1	865.1	0.19	9.74	-1	1	29.96	22.21	0	0	0
scout_heli	long	4	16	848.17	0.73	0	0	848.91	0.14	19	-1	1	28.69	11.17	0	0	0
scout_heli	arty	4	16	11567.2	0	0	0	11567.2	0.72	74.63	17.87	1	661.17	38.75	0	0	0
attack_helicopter	light	2	22	7400	0	0	0	7400	0.85	90	34.22	1	336.37	41.11	0	0	0
attack_helicopter	tanks	2	22	0	9285.63	0	0	9285.63	0.86	90	46.68	1	422.08	51.59	0	0	0
attack_helicopter	fort	2	22	0	0	0	5650	5650	0.92	90	-1	1	256.82	31.39	0	0	0
attack_helicopter	air	2	22	0	0	4064.61	0	4064.61	0.81	71.33	75.6	1	165.68	28.49	0	0	0
attack_helicopter	light+AA	2	22	6990.67	0	0	0	6990.67	0.83	88.93	36.97	1	315.84	39.31	0	0	0
attack_helicopter	tanks+AA	2	22	1750	6025.2	0	0	7775.2	0.85	90	56.97	1	353.42	43.2	0	0	0
attack_helicopter	fort+AA	2	22	0	0	0	5450	5450	0.92	90	-1	1	247.73	30.28	0	0	0
attack_helicopter	long	2	22	6500.67	11833.33	0	0	18334	0.91	178.75	69.37	1	731.44	51.28	0	0	0
attack_helicopter	arty	2	22	8411.67	0	0	0	8411.67	0.81	90	29.45	1	382.35	46.73	0	0	0
gunship_heli	light	1	15	10200	0	0	0	10200	0.78	90	27.6	1	680	113.33	0	0	0
gunship_heli	tanks	1	15	0	8024.94	0	0	8024.94	0.86	90	59.03	1	535	89.17	0	0	0
gunship_heli	fort	1	15	0	0	0	5930.1	5930.1	0.89	90	-1	1	395.34	65.89	0	0	0
gunship_heli	air	1	15	0	0	236.53	0	236.53	0.77	46.23	-1	1	11.93	5.12	0	0	0
gunship_heli	light+AA	1	15	1785.79	0	0	0	1785.79	0.52	25.53	-1	1	76.43	69.94	0	0	0
gunship_heli	tanks+AA	1	15	875	1211.69	0	0	2086.69	0.35	56.37	-1	1	113.76	37.02	0	0	0
gunship_heli	fort+AA	1	15	0	0	0	543.1	543.1	0.33	15.18	-1	1	21.16	35.77	0	0	0
gunship_heli	long	1	15	1489.29	1005.99	0	0	2495.28	0.47	50.8	-1	1	103.19	49.12	0	0	0
gunship_heli	arty	1	15	10682.67	0	0	0	10682.67	0.73	90	23.02	1	712.18	118.7	0	0	0
recon_drone	light	3	18	2183.71	0	0	0	2183.71	0.89	80.41	-1	1	115.16	9.05	0	0	0
recon_drone	tanks	3	18	0	2380.67	0	0	2380.67	0.87	75.35	-1	1	121.51	10.53	0	0	0
recon_drone	fort	3	18	0	0	0	1148.88	1148.88	0.86	75.61	-1	1	58.72	5.07	0	0	0
recon_drone	air	3	18	0	0	0	0	0	0	25.34	-1	1	0	0	0	0	0
recon_drone	light+AA	3	18	478.18	0	0	0	478.18	0.44	9.82	-1	1	14.72	16.23	0	0	0
recon_drone	tanks+AA	3	18	0	436.92	0	0	436.92	0.43	9.62	-1	1	13.45	15.14	0	0	0
recon_drone	fort+AA	3	18	0	0	0	207	207	0.3	8.36	-1	1	6.29	8.25	0	0	0
recon_drone	long	3	18	160.75	300	0	0	460.75	0.48	10.46	-1	1	13.36	14.69	0	0	0
recon_drone	arty	3	18	2218.33	0	0	0	2218.33	0.85	78.51	77.03	1	115.5	9.42	0	0	0
wingman_drone	light	3	18	0	0	0	0	0	0	90	-1	1	0	0	0	0	0
wingman_drone	tanks	3	18	0	0	0	0	0	0	90	-1	1	0	0	0	0	0
wingman_drone	fort	3	18	0	0	0	0	0	0	90	-1	1	0	0	0	0	0
wingman_drone	air	3	18	0	0	0	0	0	0	90	-1	1	0	0	0	0	0
wingman_drone	light+AA	3	18	0	0	0	0	0	0	90	-1	1	0	0	0	0	0
wingman_drone	tanks+AA	3	18	0	0	0	0	0	0	90	-1	1	0	0	0	0	0
wingman_drone	fort+AA	3	18	0	0	0	0	0	0	90	-1	1	0	0	0	0	0
wingman_drone	long	3	18	0	0	0	0	0	0	240.01	-1	1	0	0	0	0	0
wingman_drone	arty	3	18	0	0	0	0	0	0	90	-1	1	0	0	0	0	0
strike_drone	light	3	21	10183.33	0	0	0	10183.33	0.8	90	23.38	1	484.92	37.72	0	0	0
strike_drone	tanks	3	21	0	14200	0	0	14200	0.8	88.42	27.73	1	670.37	53.53	0	0	0
strike_drone	fort	3	21	0	0	0	16575	16575	0.84	85.68	45.32	1	770.87	64.49	0	0	0
strike_drone	air	3	21	0	0	0	0	0	0	26.93	-1	1	0	0	0	0	0
strike_drone	light+AA	3	21	1125.09	0	0	0	1125.09	0.55	12.45	-1	1	30.5	30.12	0	0	0
strike_drone	tanks+AA	3	21	366.67	1415.49	0	0	1782.15	0.52	11.49	-1	1	47.85	51.68	0	0	0
strike_drone	fort+AA	3	21	0	0	0	525	525	0.34	8.84	-1	1	13.74	19.79	0	0	0
strike_drone	long	3	21	768.09	196.65	0	0	964.73	0.53	11.72	-1	1	24.09	27.45	0	0	0
strike_drone	arty	3	21	9436.83	0	0	0	9436.83	0.79	81.2	18.08	1	426.89	38.74	0	0	0
swarm_carrier	light	2	16	6936.67	0	0	0	6936.67	0.78	90	20.37	0.95	433.54	38.54	0.1	0.15	5.45
swarm_carrier	tanks	2	16	0	7542.94	0	0	7542.94	0.79	90	49.6	0.97	471.44	41.9	0.05	0.07	5.1
swarm_carrier	fort	2	16	0	0	0	6868.5	6868.5	0.84	90	-1	0.98	429.28	38.16	0.15	0.13	5.25
swarm_carrier	air	2	16	0	0	0	0	0	0	78.94	-1	1	0	0	0	0	0
swarm_carrier	light+AA	2	16	4829	0	0	0	4829	0.68	70.09	38.8	0.83	274.18	34.45	0.13	0.3	8.2
swarm_carrier	tanks+AA	2	16	798.24	3546.67	0	0	4344.91	0.71	50.17	-1	0.89	212.86	43.3	0.12	0.24	7.7
swarm_carrier	fort+AA	2	16	0	0	0	3465.9	3465.9	0.66	37.94	-1	0.83	153.96	45.67	0.13	0.23	3.45
swarm_carrier	long	2	16	1945	3040	0	0	4985	0.78	57.92	125.95	0.93	196.59	43.04	0.13	0.26	6.2
swarm_carrier	arty	2	16	6127.42	0	0	0	6127.42	0.77	90	19.95	0.96	382.97	34.04	0.11	0.11	4.85
fighter_jet	light	2	24	0	0	0	0	0	0	90	-1	1	0	0	0	0	0
fighter_jet	tanks	2	24	0	3.26	0	0	3.26	0	81.24	-1	1	0.13	0.02	0	0	0
fighter_jet	fort	2	24	0	0	0	0	0	0	90	-1	1	0	0	0	0	0
fighter_jet	air	2	24	0	0	11390	0	11390	0.75	41.28	12.27	1	346.12	137.95	0	0	0
fighter_jet	light+AA	2	24	0	0	0	0	0	0	16.49	-1	1	0	0	0	0	0
fighter_jet	tanks+AA	2	24	45.16	5.79	0	0	50.96	0	14.64	-1	1	1.25	1.74	0	0	0
fighter_jet	fort+AA	2	24	0	0	0	8.3	8.3	0	14.98	-1	1	0.2	0.28	0	0	0
fighter_jet	long	2	24	0	0	0	0	0	0	17.59	-1	1	0	0	0	0	0
fighter_jet	arty	2	24	21.92	0	0	0	21.92	0	75.3	-1	1	0.84	0.15	0	0	0
stealth_fighter	light	1	14	2418.45	0	0	0	2418.45	0.56	90	-1	0.95	172.75	26.87	0.11	0	4.3
stealth_fighter	tanks	1	14	0	2464.33	0	0	2464.33	0.56	90	-1	0.94	176.02	27.38	0.12	0	4.65
stealth_fighter	fort	1	14	0	0	0	3150	3150	0.62	90	-1	0.95	225	35	0.1	0	4.5
stealth_fighter	air	1	14	0	0	4209.04	0	4209.04	0.78	28.17	25.1	1	198.89	149.43	0	0	0
stealth_fighter	light+AA	1	14	617.56	0	0	0	617.56	0.37	25.25	-1	0.83	28.76	24.46	0.13	0.11	3.95
stealth_fighter	tanks+AA	1	14	0	216.09	0	0	216.09	0.45	11.15	-1	1	8.68	19.38	0.02	0	0.25
stealth_fighter	fort+AA	1	14	0	0	0	225	225	0.54	12.35	-1	1	9.14	18.22	0.07	0	1.15
stealth_fighter	long	1	14	405.72	413.74	0	0	819.46	0.04	122.15	-1	0.97	44.16	6.71	0.03	0.02	1.95
stealth_fighter	arty	1	14	2191.67	0	0	0	2191.67	0.51	90	75.08	0.95	156.55	24.35	0.11	0.03	4.35
attack_jet	light	1	15	11958.67	0	0	0	11958.67	0.61	90	18.67	1	797.25	132.87	0	0	0
attack_jet	tanks	1	15	0	16395.68	0	0	16395.68	0.61	90	24.98	1	1093.05	182.17	0	0	0
attack_jet	fort	1	15	0	0	0	8867.56	8867.56	0.66	90	82.5	1	591.17	98.53	0	0	0
attack_jet	air	1	15	0	0	962.5	0	962.5	0.57	41.62	-1	1	47.05	23.13	0	0	0
attack_jet	light+AA	1	15	1874.75	0	0	0	1874.75	0.5	18.42	-1	1	75.66	101.8	0	0	0
attack_jet	tanks+AA	1	15	23.82	1707.8	0	0	1731.62	0.49	17.3	-1	1	68.77	100.09	0	0	0
attack_jet	fort+AA	1	15	0	0	0	860.87	860.87	0.45	12.27	-1	1	32.61	70.18	0	0	0
attack_jet	long	1	15	0	1314.02	0	0	1314.02	0.66	15.52	-1	1	46.63	84.68	0	0	0
attack_jet	arty	1	15	12657.95	0	0	0	12657.95	0.57	90	14.8	1	843.87	140.64	0	0	0
stealth_bomber	light	1	18	6048.48	0	0	0	6048.48	0.3	90	23.55	0.7	336.03	67.2	0.09	0.62	2.6
stealth_bomber	tanks	1	18	0	9819.88	0	0	9819.88	0.24	90	29.52	0.67	545.55	109.11	0.11	0.67	3.3
stealth_bomber	fort	1	18	0	0	0	14624.82	14624.82	0.27	90	40.2	0.72	812.49	162.5	0.1	0.7	3.1
stealth_bomber	air	1	18	0	0	0	0	0	0	53.58	-1	1	0	0	0	0	0
stealth_bomber	light+AA	1	18	4747.73	0	0	0	4747.73	0.15	80.8	34.38	0.71	247.88	58.76	0.12	0.61	4.35
stealth_bomber	tanks+AA	1	18	869.25	4193.37	0	0	5062.62	0.19	74.3	56.3	0.69	259.75	68.14	0.11	0.59	3.55
stealth_bomber	fort+AA	1	18	0	0	0	7103.31	7103.31	0.2	39.13	-1	0.74	287.62	181.52	0.14	0.5	3.1
stealth_bomber	long	1	18	2345.49	3862.99	0	0	6208.48	0.17	136.67	80.85	0.83	273.72	45.43	0.08	0.44	4.45
stealth_bomber	arty	1	18	5940.86	0	0	0	5940.86	0.25	90	25.85	0.7	330.05	66.01	0.11	0.66	5.1
heavy_bomber	light	1	22	8776.5	0	0	0	8776.5	0.36	90	22.48	0.7	398.93	97.52	0.11	0.48	4.5
heavy_bomber	tanks	1	22	0	13194.85	0	0	13194.85	0.28	90	30.2	0.62	599.77	146.61	0.21	0.47	4.35
heavy_bomber	fort	1	22	0	0	0	18207.91	18207.91	0.32	90	30.47	0.64	827.64	202.31	0.2	0.43	4.25
heavy_bomber	air	1	22	0	0	610.09	0	610.09	0.54	61.23	-1	1	23.3	9.96	0	0	0
heavy_bomber	light+AA	1	22	5325.51	0	0	0	5325.51	0.22	78.55	31.48	0.67	227.04	67.8	0.12	0.47	4.5
heavy_bomber	tanks+AA	1	22	875	4500	0	0	5375	0.2	42.53	28.52	0.57	179.89	126.37	0.13	0.58	3.35
heavy_bomber	fort+AA	1	22	0	0	0	7464.2	7464.2	0.31	27.23	-1	0.74	221.04	274.08	0.15	0.44	2.75
heavy_bomber	long	1	22	2375	4500	0	0	6875	0.25	64.02	48.92	0.66	197.93	107.39	0.15	0.52	4.1
heavy_bomber	arty	1	22	8530.41	0	0	0	8530.41	0.27	90	18.28	0.63	387.75	94.78	0.17	0.46	4.3
