id	class	cp	light	tanks	fort	air	light+AA	tanks+AA	fort+AA	long	arty	ground	noAA	onTarget	survival	ready	dpsLight	dpsHeavy	dpsFort	dpsAir
scout_jeep	Scout	2	84.11	8.71	9	3.12	42.55	18.97	3.69		78.28	27.84	33.94	0.34	12.07		19.63	2.38	2.09	1.43
vbied	Scout	2	139.79	37.03	153.18	0	125.91	0	36.67		142.84	82.1	110	0.02	10.37		42.39	12.04	48.19	0
armored_car	Light	3	207.43	69.23	58.52	1.51	168.69	83.84	24.97		137.19	102.11	111.73	0.59	22.17		35.46	13.6	9.08	0.66
ifv	Light	6	208.6	90.61	61	0.57	159.48	120.96	35.81		255.48	112.74	120.07	0.52	32.26		54.26	23.07	18.78	0.38
light_tank	Tank	3	353.73	90.43	70.52	1.74	284.71	113.79	0		110.22	152.2	171.56	0.58	46.59		28.3	9.56	5.63	0.47
turtle_tank	Tank	7	508.76	424.19	288	0	492.29	460.13	288.29		457.81	410.28	406.98	0.68	84.08		39.57	34	22.4	0
bmpt	Tank	9	678.92	329.61	265.52	0.84	666.67	303.8	0		761.63	374.09	424.69	0.6	64.77		80.93	55.28	39.6	0.57
flame_tank	Heavy	4	697.69	165.1	142.42	1.93	562.58	123.8	0		480.98	281.93	335.07	0.48	50.1		51.36	18.25	11.71	0.61
bunker_vehicle	Heavy	6	496.46	354.18	205.87	0.77	492.25	428.43	201.11		264.47	363.05	352.17	0.66	78.93		34.95	27.31	16.04	0.2
armored_bulldozer	Heavy	7	523.49	226.84	530.08	14.48	525.95	239.35	278.96		488.22	387.44	426.8	0.76	76.46		40.72	20.83	41.23	3.52
main_battle_tank	Heavy	7	566.95	324.44	213.69	7.72	549.56	325.93	141.69		556.83	353.71	368.36	0.71	62.02		54.43	40.79	25.41	2.98
twin_tank	Heavy	9	603.12	382.99	274.5	8.14	631.33	551.36	275.23		654	453.09	420.2	0.7	70.38		74.85	61.2	41.3	4.28
heavy_tank	Heavy	12	555.76	446.14	451.14	8.55	573.95	449.2	440.82		557.71	486.17	484.35	0.74	82.82		74.1	59.48	60.15	3.58
siege_tank	Heavy	12	206.27	215.91	819.55	6.49	227.45	241.18	805.91	593.35	165.75	419.38	413.91	0.79	82.64		27.5	28.79	109.27	2.83
titan_tank	Heavy	14	705.2	734.09	393.43	5.93	662.92	647.25	0		563.27	523.81	610.91	0.66	82.81		109.7	114.19	61.2	2.9
fpv_carrier	TankHunter	6	327.27	500	442.01	2.05	326.3	469.45	500.29	1108.24	105.47	427.55	423.1	0.87	78.66		21.82	33.33	29.47	2.06
lancet_truck	TankHunter	6	282	383.89	180	3.77	288.61	378.33	180	866.51	100.23	282.14	281.96	0.89	78.56		19.48	25.59	12	3.3
wheeled_gun	TankHunter	6	356.51	380.66	325.15	0.57	313.28	312.92	88.84		399.15	296.23	354.11	0.73	38.8		65.44	63.59	39.78	0.36
tank_destroyer	TankHunter	7	551.83	366.4	457.3	5.32	537.02	353.12	270.41		313.95	422.68	458.51	0.72	61.11		63.65	50.55	35.57	3.18
railgun_truck	TankHunter	9	444.89	570.23	347.6	0	498.08	577.56	334.74		90.08	462.18	454.24	0.82	78.78		44.49	57.02	34.76	0
laser_tank	TankHunter	10	357.77	335.17	664.64	0	373.09	273.87	569.44		114.37	429	452.53	0.66	58.22		61.33	95.96	80.13	0
rocket_technical	Artillery	3	203.68	183.79	458.34	2.02	80.57	37.79	261.85	50.12	46.09	204.34	281.94	0.47	50.91		10.33	11.38	15.28	1.41
mortar_carrier	Artillery	4	280.48	306.68	342	3.57	280.88	205.78	390.94	147.47	35.94	301.12	309.72	0.78	76.98		12.47	13.68	15.2	2.26
artillery	Artillery	6	269.16	264.94	397.08	0	277.18	270.6	399.92	700.77	79.42	313.15	310.39	0.84	90		17.94	17.66	26.47	0
mlrs	Artillery	6	266.67	452.41	568.49	0	347.22	426.47	611.11	1064.18	114.98	445.4	429.19	0.82	90		17.78	30.16	37.9	0
thermobaric_launcher	Artillery	7	366.55	291.91	140.53	5.53	376.05	254.96	264.94	243.55	218.36	282.49	266.33	0.36	74.71		28.51	30.24	10.93	2.53
shahed_truck	Artillery	8	178.13	426.88	515.63	0	215.31	335.94	618.2	543.07	173.82	381.68	373.54	0.83	90		15.83	37.94	45.83	0
ballistic_launcher	Artillery	11	331.51	309.11	544.68	0	284.09	360.58	500	1066.2	153.32	388.33	395.1	0.82	90		40.52	37.78	66.57	0
heavy_rocket_artillery	Artillery	11	315.43	401.39	641.8	0	348.38	429.79	500	937.52	101.04	439.46	452.87	0.82	90		38.55	49.06	78.44	0
zu23_technical	AntiAir	3	144.64	35.43	4.93	71.65	124.92	53.42	2.34		164.56	60.95	61.67	0.59	17.3		32.67	8.32	1.33	37.17
aa_vehicle	AntiAir	4	166.69	108.55	22.03	245.52	149.93	129.9	5.97		111.76	97.18	99.09	0.59	35.19		31.18	13.08	2.91	87.76
sam_launcher	AntiAir	5	0	0	16.24	336.67	0	0	0		0	2.71	5.41	0.13	73.03		0	0	1.56	81.37
heavy_aa	AntiAir	6	350.24	181.18	127.55	290.22	286.79	190.82	17.13		330.83	192.28	219.66	0.72	40.62		74.12	37.39	8.5	143.39
iron_beam	AntiAir	9	0	0	0	19.84	0	0	0		0	0	0	0.07	72.92		0	0	0	25.95
long_sam	AntiAir	11	0	0	0	661.83	0	0	0		0	0	0	0.12	89.72		0	0	0	83.61
engineer_vehicle	Support	3	0	0	0	0	0	0	0		0	0	0	0	90		0	0	0	0
smoke_carrier	Support	3	225.46	57.13	26.56	9.6	177.46	74.45	7.02		120.38	94.68	103.05	0.56	33.16		25.77	7.24	3.24	2.91
ammo_carrier	Support	4	0	0	0	0	0	0	0		0	0	0	0	90		0	0	0	0
counter_battery_radar	Support	5	0	0	0	0	0	0	0		0	0	0	0	90		0	0	0	0
ew_jammer	Support	5	0	0	0	0	0	0	0		0	0	0	0	90		0	0	0	0
mine_layer	Support	5	101.65	76.65	12.81	6.83	70.19	101.66	3.9		72.58	61.14	63.7	0.51	28.63		27.06	18.54	3.12	3.57
command_vehicle	Support	6	0	0	0	0	0	0	0		0	0	0	0	90		0	0	0	0
shield_carrier	Support	7	0	0	0	0	0	0	0		0	0	0	0	90		0	0	0	0
scout_heli	Helicopter	4	838.69	229.46	278.1	22.28	54.02	99.57	29.96	28.69	661.17	254.96	448.75	0.61	45.5	1	44.12	13.24	20.75	3.91
attack_helicopter	Helicopter	11	336.37	422.08	256.82	165.68	315.84	353.42	247.73	731.44	382.35	322.04	338.42	0.86	87.18	1	41.11	51.59	31.39	28.49
gunship_heli	Helicopter	15	680	535	395.34	11.93	76.43	113.76	21.16	103.19	712.18	303.61	536.78	0.64	59.05	1	113.33	89.17	65.89	5.12
recon_drone	Plane	6	115.16	121.51	58.72	0	14.72	13.45	6.29	13.36	115.5	54.98	98.47	0.54	40.64	1	9.05	10.53	5.07	0
wingman_drone	Plane	6	0	0	0	0	0	0	0	0	0	0	0	0	90	1	0	0	0	0
strike_drone	Plane	7	484.92	670.37	770.87	0	30.5	47.85	13.74	24.09	426.89	336.38	642.06	0.55	46.26	1	37.72	53.53	64.49	0
swarm_carrier	Plane	8	433.54	471.44	429.28	0	274.18	212.86	153.96	196.59	382.97	329.21	444.75	0.64	72.45	0.93	38.54	41.9	38.16	0
fighter_jet	Plane	12	0	0.13	0	346.12	0	1.25	0.2	0	0.84	0.26	0.04	0.11	49.81	1	0	0.02	0	137.95
stealth_fighter	Plane	14	172.75	176.02	225	198.89	28.76	8.68	9.14	44.16	156.55	103.39	191.26	0.55	49.56	0.95	26.87	27.38	35	149.43
attack_jet	Plane	15	797.25	1093.05	591.17	47.05	75.66	68.77	32.61	46.63	843.87	443.08	827.16	0.56	51.37	1	132.87	182.17	98.53	23.13
stealth_bomber	Plane	18	336.03	545.55	812.49	0	247.88	259.75	287.62	273.72	330.05	414.89	564.69	0.19	73.97	0.75	67.2	109.11	162.5	0
heavy_bomber	Plane	22	398.93	599.77	827.64	23.3	227.04	179.89	221.04	197.93	387.75	409.05	608.78	0.32	68.51	0.69	97.52	146.61	202.31	9.96
