id	scenario	count	cp	light	heavy	air	structure	total	onTarget	survival	firstKill	ready	value	realDps
scout_jeep	light	5	10	697.72	0	0	0	697.72	0.25	10.26	-1	-1	38.86	13.6
scout_jeep	tanks	5	10	0	289.94	0	0	289.94	0.22	15.05	-1	-1	16.92	3.85
scout_jeep	fort	5	10	0	0	0	365.82	365.82	0.42	11.81	-1	-1	20.69	6.2
scout_jeep	air	5	10	0	0	130.65	0	130.65	0.3	7.35	-1	-1	7.07	3.56
scout_jeep	light+AA	5	10	375.2	0	0	0	375.2	0.18	9.7	-1	-1	20.78	7.74
scout_jeep	tanks+AA	5	10	183.58	0	0	0	183.58	0.01	90	-1	-1	18.36	0.41
scout_jeep	fort+AA	5	10	0	0	0	132.66	132.66	0.22	9.1	-1	-1	7.3	2.92
vbied	light	5	15	3485.43	0	0	0	3485.43	0.03	9.56	10.2	-1	128.52	72.92
vbied	tanks	5	15	0	2272.36	0	0	2272.36	0.04	8.45	-1	-1	82.86	53.78
vbied	fort	5	15	0	0	0	3775.42	3775.42	0.04	11.59	-1	-1	142.05	65.15
vbied	air	5	15	0	0	0	0	0	0	7.41	-1	-1	0	0
vbied	light+AA	5	15	2873.74	0	0	0	2873.74	0.04	8.83	-1	-1	105.19	65.09
vbied	tanks+AA	5	15	875	640.23	0	0	1515.23	0.01	15.57	-1	-1	59.25	19.46
vbied	fort+AA	5	15	0	0	0	2284.99	2284.99	0.02	10.11	-1	-1	84.72	45.2
armored_car	light	5	15	3548	0	0	0	3548	0.64	22.58	18.75	-1	147.94	31.43
armored_car	tanks	5	15	0	1007.55	0	0	1007.55	0.61	22.3	-1	-1	41.91	9.04
armored_car	fort	5	15	0	0	0	990.45	990.45	0.68	20.25	-1	-1	40.44	9.78
armored_car	air	5	15	0	0	170.52	0	170.52	0.36	10.11	-1	-1	6.32	3.37
armored_car	light+AA	5	15	2933	0	0	0	2933	0.67	18.67	-1	-1	118.05	31.42
armored_car	tanks+AA	5	15	875	704.79	0	0	1579.79	0.49	22.05	-1	-1	65.56	14.33
armored_car	fort+AA	5	15	0	0	0	609.15	609.15	0.54	14.81	-1	-1	23.65	8.23
ifv	light	3	15	3447.37	0	0	0	3447.37	0.62	23.78	21.95	-1	145.28	48.32
ifv	tanks	3	15	0	1271.6	0	0	1271.6	0.43	31.17	-1	-1	57.06	13.6
ifv	fort	3	15	0	0	0	778.32	778.32	0.21	46.38	-1	-1	39.31	5.59
ifv	air	3	15	0	0	302.76	0	302.76	0.57	14.97	-1	-1	11.77	6.74
ifv	light+AA	3	15	3393.8	0	0	0	3393.8	0.66	23.6	28.95	-1	142.79	47.94
ifv	tanks+AA	3	15	875	1056.43	0	0	1931.43	0.62	26.87	-1	-1	83.6	23.96
ifv	fort+AA	3	15	0	0	0	337.44	337.44	0.08	43.27	-1	-1	16.66	2.6
light_tank	light	4	16	8561.36	0	0	0	8561.36	0.68	79.05	34.1	-1	502.54	27.08
light_tank	tanks	4	16	0	2408	0	0	2408	0.54	31.85	-1	-1	101.88	18.9
light_tank	fort	4	16	0	0	0	2477.46	2477.46	0.76	43.86	-1	-1	115.15	14.12
light_tank	air	4	16	0	0	483.72	0	483.72	0.62	17.41	-1	-1	18.04	6.94
light_tank	light+AA	4	16	7770.3	0	0	0	7770.3	0.77	79.11	46.6	-1	456.27	24.55
light_tank	tanks+AA	4	16	875	474	0	0	1349	0.33	35.31	-1	-1	58.7	9.55
light_tank	fort+AA	4	16	0	0	0	758.4	758.4	0.14	74.25	-1	-1	43.25	2.55
turtle_tank	light	2	16	6833.42	0	0	0	6833.42	0.78	90	49.85	-1	427.09	37.96
turtle_tank	tanks	2	16	0	4900	0	0	4900	0.77	81.3	63.55	-1	291.45	30.14
turtle_tank	fort	2	16	0	0	0	3360	3360	0.81	75.48	-1	-1	193.05	22.26
turtle_tank	air	2	16	0	0	0	0	0	0	26.97	-1	-1	0	0
turtle_tank	light+AA	2	16	5674.99	0	0	0	5674.99	0.83	90	59.2	-1	354.69	31.53
turtle_tank	tanks+AA	2	16	875	2250	0	0	3125	0.58	69.35	-1	-1	172.91	22.53
turtle_tank	fort+AA	2	16	0	0	0	1680	1680	0.36	84.35	-1	-1	101.7	9.96
bmpt	light	2	18	12886.79	0	0	0	12886.79	0.72	90	22.5	-1	715.94	71.59
bmpt	tanks	2	18	0	5196.69	0	0	5196.69	0.77	60.47	50.3	-1	241.35	42.97
bmpt	fort	2	18	0	0	0	5890.76	5890.76	0.84	70.1	-1	-1	291.08	42.02
bmpt	air	2	18	0	0	379.32	0	379.32	0.69	24	-1	-1	13.35	7.9
bmpt	light+AA	2	18	14483.48	0	0	0	14483.48	0.76	90	23.15	-1	804.64	80.46
bmpt	tanks+AA	2	18	875	4517.29	0	0	5392.29	0.81	58.03	76.2	-1	246.36	46.47
bmpt	fort+AA	2	18	0	0	0	0	0	0	90	-1	-1	0	0
flame_tank	light	3	15	12921.88	0	0	0	12921.88	0.65	73.22	22.55	-1	781.14	58.83
flame_tank	tanks	3	15	0	1518	0	0	1518	0.35	37.5	-1	-1	71.68	13.49
flame_tank	fort	3	15	0	0	0	0	0	0	90	-1	-1	0	0
flame_tank	air	3	15	0	0	419.34	0	419.34	0.59	21	-1	-1	17.24	6.66
flame_tank	light+AA	3	15	13022.5	0	0	0	13022.5	0.65	74.63	24.6	-1	794.05	58.16
flame_tank	tanks+AA	3	15	875	957	0	0	1832	0.3	37.2	-1	-1	86.31	16.42
flame_tank	fort+AA	3	15	0	0	0	0	0	0	90	-1	-1	0	0
armored_bulldozer	light	2	14	8710.02	0	0	0	8710.02	0.77	85.85	32.75	-1	607.8	50.73
armored_bulldozer	tanks	2	14	0	1843.33	0	0	1843.33	0.74	45.95	-1	-1	99.44	20.06
armored_bulldozer	fort	2	14	0	0	0	0	0	0	90	-1	-1	0	0
armored_bulldozer	air	2	14	0	0	450.45	0	450.45	0.61	26.35	-1	-1	20.8	8.55
armored_bulldozer	light+AA	2	14	8738.44	0	0	0	8738.44	0.8	86.05	37.2	-1	610.48	50.77
armored_bulldozer	tanks+AA	2	14	875	1104.5	0	0	1979.5	0.74	43.32	-1	-1	104.73	22.84
armored_bulldozer	fort+AA	2	14	0	0	0	0	0	0	90	-1	-1	0	0
main_battle_tank	light	2	14	10199.97	0	0	0	10199.97	0.75	82.4	27.55	-1	697.81	61.89
main_battle_tank	tanks	2	14	0	5436.32	0	0	5436.32	0.81	58.22	52.2	-1	319.76	46.68
main_battle_tank	fort	2	14	0	0	0	2877.83	2877.83	0.4	90	-1	-1	205.56	15.99
main_battle_tank	air	2	14	0	0	396.6	0	396.6	0.68	18.45	-1	-1	17.07	10.75
main_battle_tank	light+AA	2	14	10972.98	0	0	0	10972.98	0.79	86.53	30.35	-1	768.66	63.41
main_battle_tank	tanks+AA	2	14	875	4023.31	0	0	4898.31	0.82	53.97	-1	-1	279.85	45.38
main_battle_tank	fort+AA	2	14	0	0	0	3207.81	3207.81	0.52	76.58	-1	-1	212.04	20.95
twin_tank	light	2	18	12766.47	0	0	0	12766.47	0.72	90	23.2	-1	709.25	70.92
twin_tank	tanks	2	18	0	7520.65	0	0	7520.65	0.61	68.85	35	-1	368.72	54.62
twin_tank	fort	2	18	0	0	0	6248.96	6248.96	0.83	66.7	-1	-1	302.23	46.84
twin_tank	air	2	18	0	0	497.29	0	497.29	0.6	24.47	-1	-1	17.57	10.16
twin_tank	light+AA	2	18	14498.8	0	0	0	14498.8	0.76	90	26.75	-1	805.49	80.55
twin_tank	tanks+AA	2	18	1750	7092.01	0	0	8842.01	0.73	64.27	39.6	-1	421.02	68.78
twin_tank	fort+AA	2	18	0	0	0	3286.63	3286.63	0.36	82.9	-1	-1	175.39	19.82
heavy_tank	light	1	10	7349.99	0	0	0	7349.99	0.78	90	39.8	-1	735	81.67
heavy_tank	tanks	1	10	0	4925.82	0	0	4925.82	0.81	82.65	75.25	-1	472.47	59.6
heavy_tank	fort	1	10	0	0	0	0	0	0	90	-1	-1	0	0
heavy_tank	air	1	10	0	0	207.9	0	207.9	0.6	26.1	-1	-1	13.41	7.97
heavy_tank	light+AA	1	10	5739.25	0	0	0	5739.25	0.82	90	60.4	-1	573.93	63.77
heavy_tank	tanks+AA	1	10	0	0	0	0	0	0	90	-1	-1	0	0
heavy_tank	fort+AA	1	10	0	0	0	0	0	0	90	-1	-1	0	0
siege_tank	light	1	12	3223.26	0	0	0	3223.26	0.9	90	73.2	-1	268.61	35.81
siege_tank	tanks	1	12	0	2327.29	0	0	2327.29	0.93	90	-1	-1	193.94	25.86
siege_tank	fort	1	12	0	0	0	10873.28	10873.28	0.85	90	67.1	-1	906.11	120.81
siege_tank	air	1	12	0	0	247.5	0	247.5	0.49	36.8	-1	-1	14.53	6.73
siege_tank	light+AA	1	12	3125	0	0	0	3125	0.9	90	83.35	-1	260.42	34.72
siege_tank	tanks+AA	1	12	875	1671.06	0	0	2546.06	0.93	90	-1	-1	212.17	28.29
siege_tank	fort+AA	1	12	0	0	0	10199.72	10199.72	0.9	90	-1	-1	849.98	113.33
siege_tank	long	1	12	2375	3694.81	0	0	6069.81	0.97	240.01	-1	-1	505.83	25.29
titan_tank	light	1	14	8498.99	0	0	0	8498.99	0.79	90	34.9	-1	607.07	94.43
titan_tank	tanks	1	14	0	9810.7	0	0	9810.7	0.82	90	45.05	-1	700.77	109.01
titan_tank	fort	1	14	0	0	0	5576.4	5576.4	0.88	90	-1	-1	398.32	61.96
titan_tank	air	1	14	0	0	344.28	0	344.28	0.68	32.35	-1	-1	16.72	10.64
titan_tank	light+AA	1	14	9047.49	0	0	0	9047.49	0.82	90	39.85	-1	646.25	100.53
titan_tank	tanks+AA	1	14	1750	6750.01	0	0	8500.01	0.8	90	55.15	-1	607.15	94.44
titan_tank	fort+AA	1	14	0	0	0	0	0	0	90	-1	-1	0	0
atgm_carrier	light	2	12	3432	0	0	0	3432	0.8	41.67	33.85	-1	209.22	41.18
atgm_carrier	tanks	2	12	0	2111.44	0	0	2111.44	0.78	24.65	-1	-1	112.07	42.83
atgm_carrier	fort	2	12	0	0	0	4200	4200	0.93	90	-1	-1	350	23.33
atgm_carrier	air	2	12	0	0	146.03	0	146.03	0.56	11.05	-1	-1	6.83	6.61
atgm_carrier	light+AA	2	12	3323	0	0	0	3323	0.82	46.37	42	-1	209.8	35.83
atgm_carrier	tanks+AA	2	12	775.2	1629.73	0	0	2404.93	0.77	23.7	-1	-1	126.59	50.74
atgm_carrier	fort+AA	2	12	0	0	0	360	360	0.11	55.28	-1	-1	24.21	3.26
fpv_carrier	light	2	12	4050	0	0	0	4050	0.95	90	66.45	-1	337.5	22.5
fpv_carrier	tanks	2	12	0	6740	0	0	6740	0.95	90	66	-1	561.67	37.44
fpv_carrier	fort	2	12	0	0	0	6804	6804	0.97	90	-1	-1	567	37.8
fpv_carrier	air	2	12	0	0	101.48	0	101.48	0.38	8.33	-1	-1	4.62	6.09
fpv_carrier	light+AA	2	12	3965	0	0	0	3965	0.95	90	79.3	-1	330.42	22.03
fpv_carrier	tanks+AA	2	12	1295	5060	0	0	6355	0.95	90	77.1	-1	529.59	35.31
fpv_carrier	fort+AA	2	12	0	0	0	6426	6426	0.96	90	-1	-1	535.5	35.7
fpv_carrier	long	2	12	4000	9000	0	0	13000	0.98	240.01	126.3	-1	1083.36	27.08
tank_destroyer	light	2	12	10200	0	0	0	10200	0.78	79.65	24.7	-1	801.13	64.03
tank_destroyer	tanks	2	12	0	5317.13	0	0	5317.13	0.77	44.02	36.2	-1	329.92	60.39
tank_destroyer	fort	2	12	0	0	0	6426	6426	0.91	90	-1	-1	535.5	35.7
tank_destroyer	air	2	12	0	0	294.53	0	294.53	0.66	16.13	-1	-1	14.47	9.13
tank_destroyer	light+AA	2	12	11189.75	0	0	0	11189.75	0.81	85.28	32.9	-1	908	65.61
tank_destroyer	tanks+AA	2	12	1106	4857	0	0	5963	0.8	52.4	46.85	-1	393.11	56.9
tank_destroyer	fort+AA	2	12	0	0	0	0	0	0	90	-1	-1	0	0
lancet_truck	light	2	14	2250	0	0	0	2250	1	90	-1	-1	160.72	12.5
lancet_truck	tanks	2	14	0	4500	0	0	4500	0.96	90	64.2	-1	321.43	25
lancet_truck	fort	2	14	0	0	0	2376	2376	0.99	90	-1	-1	169.72	13.2
lancet_truck	air	2	14	0	0	141.08	0	141.08	0.54	10.65	-1	-1	5.63	6.62
lancet_truck	light+AA	2	14	2250	0	0	0	2250	1	90	-1	-1	160.72	12.5
lancet_truck	tanks+AA	2	14	875	3210	0	0	4085	1	90	-1	-1	291.79	22.69
lancet_truck	fort+AA	2	14	0	0	0	2376	2376	0.99	90	-1	-1	169.72	13.2
lancet_truck	long	2	14	2915	9000	0	0	11915	0.99	240.01	150.05	-1	851.09	24.82
wheeled_gun	light	2	14	3165.55	0	0	0	3165.55	0.8	37.62	32.8	-1	160.32	42.07
wheeled_gun	tanks	2	14	0	3450	0	0	3450	0.82	32.4	-1	-1	167.57	53.24
wheeled_gun	fort	2	14	0	0	0	1800	1800	0.81	26.17	-1	-1	82.98	34.38
wheeled_gun	air	2	14	0	0	36.54	0	36.54	0.5	10.08	-1	-1	1.45	1.81
wheeled_gun	light+AA	2	14	3050	0	0	0	3050	0.88	36.72	-1	-1	153.38	41.53
wheeled_gun	tanks+AA	2	14	875	901.81	0	0	1776.81	0.7	19.12	-1	-1	76.94	46.45
wheeled_gun	fort+AA	2	14	0	0	0	900	900	0.63	13.65	-1	-1	37.02	32.97
railgun_truck	light	2	18	5811	0	0	0	5811	0.93	90	34.95	-1	322.83	32.28
railgun_truck	tanks	2	18	0	9948	0	0	9948	0.93	90	36.45	-1	552.67	55.27
railgun_truck	fort	2	18	0	0	0	6256.8	6256.8	0.99	90	-1	-1	347.6	34.76
railgun_truck	air	2	18	0	0	0	0	0	0	12.3	-1	-1	0	0
railgun_truck	light+AA	2	18	5375	0	0	0	5375	0.97	90	42.95	-1	298.61	29.86
railgun_truck	tanks+AA	2	18	1750	7224	0	0	8974	0.97	90	49.35	-1	498.56	49.86
railgun_truck	fort+AA	2	18	0	0	0	6025.2	6025.2	0.99	90	-1	-1	334.74	33.47
rocket_technical	light	5	15	1769.28	0	0	0	1769.28	0.4	28.43	-1	-1	77.61	12.45
rocket_technical	tanks	5	15	0	1083.14	0	0	1083.14	0.32	25.71	-1	-1	46.42	8.43
rocket_technical	fort	5	15	0	0	0	9731.72	9731.72	0.9	90	73	-1	648.78	21.63
rocket_technical	air	5	15	0	0	20.1	0	20.1	0.12	6.3	-1	-1	0.72	0.64
rocket_technical	light+AA	5	15	1109.21	0	0	0	1109.21	0.3	29.98	-1	-1	49.29	7.4
rocket_technical	tanks+AA	5	15	875	583.62	0	0	1458.62	0.31	38.5	-1	-1	69.42	7.58
rocket_technical	fort+AA	5	15	0	0	0	8495.32	8495.32	0.79	73.74	-1	-1	515.2	23.04
rocket_technical	long	5	15	1672.39	2348.18	0	0	4020.57	0.56	89.67	-1	-1	184.09	8.97
mortar_carrier	light	4	16	4960.06	0	0	0	4960.06	0.78	90	48.05	-1	310.01	13.78
mortar_carrier	tanks	4	16	0	4002.03	0	0	4002.03	0.95	90	-1	-1	250.13	11.12
mortar_carrier	fort	4	16	0	0	0	8743.32	8743.32	0.89	90	78.65	-1	546.46	24.29
mortar_carrier	air	4	16	0	0	195.53	0	195.53	0.37	9.39	-1	-1	6.75	5.21
mortar_carrier	light+AA	4	16	5246.52	0	0	0	5246.52	0.76	90	59.65	-1	327.91	14.57
mortar_carrier	tanks+AA	4	16	875	611.52	0	0	1486.52	0.38	68	-1	-1	81.55	5.47
mortar_carrier	fort+AA	4	16	0	0	0	9367.35	9367.35	0.93	90	-1	-1	585.46	26.02
mortar_carrier	long	4	16	1678.08	4438.18	0	0	6116.26	0.76	169.19	-1	-1	325.88	9.04
mlrs	light	3	15	5100	0	0	0	5100	0.95	90	36.75	-1	340	18.89
mlrs	tanks	3	15	0	6225.71	0	0	6225.71	0.97	90	64.95	-1	415.05	23.06
mlrs	fort	3	15	0	0	0	14160	14160	0.97	90	52.45	-1	944	52.44
mlrs	air	3	15	0	0	0	0	0	0	90	-1	-1	0	0
mlrs	light+AA	3	15	7125	0	0	0	7125	0.93	90	25.75	-1	475	26.39
mlrs	tanks+AA	3	15	1750	4788	0	0	6538	0.97	90	76.5	-1	435.87	24.21
mlrs	fort+AA	3	15	0	0	0	14750	14750	0.97	90	64.3	-1	983.34	54.63
mlrs	long	3	15	5625	10059.01	0	0	15684.01	0.98	240.01	88	-1	1045.62	21.78
artillery	light	2	12	2550	0	0	0	2550	0.97	90	83.75	-1	212.5	14.17
artillery	tanks	2	12	0	2662.91	0	0	2662.91	1	90	-1	-1	221.91	14.79
artillery	fort	2	12	0	0	0	4804.9	4804.9	0.99	90	-1	-1	400.41	26.69
artillery	air	2	12	0	0	0	0	0	0	90	-1	-1	0	0
artillery	light+AA	2	12	2874.61	0	0	0	2874.61	1	90	-1	-1	239.55	15.97
artillery	tanks+AA	2	12	875	1618.21	0	0	2493.21	1	90	-1	-1	207.77	13.85
artillery	fort+AA	2	12	0	0	0	4494.96	4494.96	0.98	90	-1	-1	374.58	24.97
artillery	long	2	12	2375	3859.03	0	0	6234.03	1	240.01	-1	-1	519.51	12.99
shahed_truck	light	2	16	2850	0	0	0	2850	0.97	90	72.6	-1	178.13	15.83
shahed_truck	tanks	2	16	0	4273.31	0	0	4273.31	1	90	-1	-1	267.08	23.74
shahed_truck	fort	2	16	0	0	0	9690	9690	0.97	90	72.55	-1	605.63	53.83
shahed_truck	air	2	16	0	0	0	0	0	0	90	-1	-1	0	0
shahed_truck	light+AA	2	16	3445	0	0	0	3445	0.97	90	73.6	-1	215.31	19.14
shahed_truck	tanks+AA	2	16	875	4170	0	0	5045	1	90	-1	-1	315.31	28.03
shahed_truck	fort+AA	2	16	0	0	0	11000	11000	0.97	90	76.6	-1	687.5	61.11
shahed_truck	long	2	16	4000	4500	0	0	8500	0.99	240.01	143.85	-1	531.26	17.71
heavy_rocket_artillery	light	2	18	6974.56	0	0	0	6974.56	0.93	90	21.35	-1	387.48	38.75
heavy_rocket_artillery	tanks	2	18	0	7670.2	0	0	7670.2	0.97	90	42.2	-1	426.12	42.61
heavy_rocket_artillery	fort	2	18	0	0	0	14773.62	14773.62	0.97	90	40.85	-1	820.76	82.07
heavy_rocket_artillery	air	2	18	0	0	0	0	0	0	90	-1	-1	0	0
heavy_rocket_artillery	light+AA	2	18	8495.49	0	0	0	8495.49	0.93	90	21.85	-1	471.97	47.2
heavy_rocket_artillery	tanks+AA	2	18	1750	5670.57	0	0	7420.57	0.97	90	58.65	-1	412.26	41.22
heavy_rocket_artillery	fort+AA	2	18	0	0	0	11000	11000	0.97	90	78.45	-1	611.11	61.11
heavy_rocket_artillery	long	2	18	7125	12334.2	0	0	19459.2	0.98	240.01	61.2	-1	1081.09	40.54
thermobaric_launcher	light	2	18	5100	0	0	0	5100	0.39	90	50.95	-1	283.33	28.33
thermobaric_launcher	tanks	2	18	0	2179.91	0	0	2179.91	0.39	59.45	-1	-1	100.55	18.33
thermobaric_launcher	fort	2	18	0	0	0	3784.84	3784.84	0.29	90	-1	-1	210.27	21.03
thermobaric_launcher	air	2	18	0	0	220.28	0	220.28	0.44	17.75	-1	-1	7.33	6.2
thermobaric_launcher	light+AA	2	18	5916.04	0	0	0	5916.04	0.55	90	41.1	-1	328.67	32.87
thermobaric_launcher	tanks+AA	2	18	875	1791.87	0	0	2666.87	0.32	64.28	-1	-1	126.98	20.75
thermobaric_launcher	fort+AA	2	18	0	0	0	6232.45	6232.45	0.5	78.83	-1	-1	324.75	39.53
thermobaric_launcher	long	2	18	2375	852.75	0	0	3227.75	0.37	83.25	-1	-1	120.76	19.39
ballistic_launcher	light	1	11	5100	0	0	0	5100	0.93	90	28.35	-1	463.64	56.67
ballistic_launcher	tanks	1	11	0	4128.97	0	0	4128.97	1	90	-1	-1	375.36	45.88
ballistic_launcher	fort	1	11	0	0	0	7193.77	7193.77	1	90	-1	-1	653.98	79.93
ballistic_launcher	air	1	11	0	0	0	0	0	0	90	-1	-1	0	0
ballistic_launcher	light+AA	1	11	5314.51	0	0	0	5314.51	0.97	90	55.15	-1	483.14	59.05
ballistic_launcher	tanks+AA	1	11	875	3709.6	0	0	4584.6	1	90	-1	-1	416.78	50.94
ballistic_launcher	fort+AA	1	11	0	0	0	9294.56	9294.56	1	90	-1	-1	844.96	103.27
ballistic_launcher	long	1	11	4750	5823.56	0	0	10573.56	0.99	240.01	136.5	-1	961.25	44.05
zu23_technical	light	5	15	2120.88	0	0	0	2120.88	0.61	13.51	-1	-1	81.31	31.4
zu23_technical	tanks	5	15	0	660.96	0	0	660.96	0.58	16.66	-1	-1	26.11	7.93
zu23_technical	fort	5	15	0	0	0	576.18	576.18	0.6	15.43	-1	-1	22.5	7.47
zu23_technical	air	5	15	0	0	4800	0	4800	0.36	15.19	9.2	-1	187	63.2
zu23_technical	light+AA	5	15	1785.56	0	0	0	1785.56	0.5	13.61	-1	-1	68.52	26.24
zu23_technical	tanks+AA	5	15	875	253.22	0	0	1128.22	0.48	15.5	-1	-1	44.08	14.56
zu23_technical	fort+AA	5	15	0	0	0	253.17	253.17	0.39	10.54	-1	-1	9.43	4.8
aa_vehicle	light	4	16	3087.85	0	0	0	3087.85	0.69	32.67	27.85	-1	131.53	23.63
aa_vehicle	tanks	4	16	0	962.99	0	0	962.99	0.66	40.09	-1	-1	43.5	6.01
aa_vehicle	fort	4	16	0	0	0	1559.79	1559.79	0.85	53.4	-1	-1	77.66	7.3
aa_vehicle	air	4	16	0	0	4799.98	0	4799.98	0.44	18.09	10.5	-1	180.15	66.34
aa_vehicle	light+AA	4	16	3415.44	0	0	0	3415.44	0.71	34.3	34.35	-1	147.41	24.89
aa_vehicle	tanks+AA	4	16	875	818.89	0	0	1693.89	0.68	42.14	-1	-1	77.72	10.05
aa_vehicle	fort+AA	4	16	0	0	0	125.35	125.35	0.06	55.74	-1	-1	6.34	0.56
sam_launcher	light	3	15	0	0	0	0	0	0	90	-1	-1	0	0
sam_launcher	tanks	3	15	0	0	0	0	0	0	90	-1	-1	0	0
sam_launcher	fort	3	15	0	0	0	0	0	0	90	-1	-1	0	0
sam_launcher	air	3	15	0	0	3771.28	0	3771.28	0.68	25.68	18.2	-1	161.58	48.95
sam_launcher	light+AA	3	15	0	0	0	0	0	0	90	-1	-1	0	0
sam_launcher	tanks+AA	3	15	791.59	0	0	0	791.59	0.07	71.47	-1	-1	47.34	3.69
sam_launcher	fort+AA	3	15	0	0	0	0	0	0	67.02	-1	-1	0	0
heavy_aa	light	2	14	3738.63	0	0	0	3738.63	0.71	29.95	20.8	-1	177.96	62.41
heavy_aa	tanks	2	14	0	1291.59	0	0	1291.59	0.63	40.22	-1	-1	66.74	16.05
heavy_aa	fort	2	14	0	0	0	3863.14	3863.14	0.93	90	-1	-1	275.94	21.46
heavy_aa	air	2	14	0	0	3584.63	0	3584.63	0.34	13.23	8.65	-1	146.83	135.52
heavy_aa	light+AA	2	14	4048.44	0	0	0	4048.44	0.71	30.25	22.95	-1	193.18	66.92
heavy_aa	tanks+AA	2	14	875	1016.41	0	0	1891.41	0.6	39	-1	-1	96.82	24.25
heavy_aa	fort+AA	2	14	0	0	0	655.35	655.35	0.69	20.67	-1	-1	28.78	15.85
iron_beam	light	2	18	0	0	0	0	0	0	90	-1	-1	0	0
iron_beam	tanks	2	18	0	0	0	0	0	0	90	-1	-1	0	0
iron_beam	fort	2	18	0	0	0	0	0	0	52.73	-1	-1	0	0
iron_beam	air	2	18	0	0	1292.8	0	1292.8	0.57	16.65	-1	-1	42.55	38.82
iron_beam	light+AA	2	18	0	0	0	0	0	0	90	-1	-1	0	0
iron_beam	tanks+AA	2	18	0	0	0	0	0	0	55.97	-1	-1	0	0
iron_beam	fort+AA	2	18	0	0	0	0	0	0	90	-1	-1	0	0
long_sam	light	1	11	0	0	0	0	0	0	90	-1	-1	0	0
long_sam	tanks	1	11	0	0	0	0	0	0	90	-1	-1	0	0
long_sam	fort	1	11	0	0	0	0	0	0	90	-1	-1	0	0
long_sam	air	1	11	0	0	6050	0	6050	0.87	90	32.5	-1	550	67.22
long_sam	light+AA	1	11	0	0	0	0	0	0	90	-1	-1	0	0
long_sam	tanks+AA	1	11	0	0	0	0	0	0	90	-1	-1	0	0
long_sam	fort+AA	1	11	0	0	0	0	0	0	90	-1	-1	0	0
smoke_carrier	light	5	15	4091.25	0	0	0	4091.25	0.62	28.11	21.4	-1	178.97	29.11
smoke_carrier	tanks	5	15	0	1095.91	0	0	1095.91	0.52	30.42	-1	-1	48.88	7.21
smoke_carrier	fort	5	15	0	0	0	212.85	212.85	0.05	64.16	-1	-1	12.15	0.66
smoke_carrier	air	5	15	0	0	796.95	0	796.95	0.68	18.02	-1	-1	31.88	8.85
smoke_carrier	light+AA	5	15	4089.5	0	0	0	4089.5	0.6	28.35	24.9	-1	179.26	28.85
smoke_carrier	tanks+AA	5	15	875	670.83	0	0	1545.83	0.53	25.31	-1	-1	66.02	12.22
smoke_carrier	fort+AA	5	15	0	0	0	294.53	294.53	0.11	36.05	-1	-1	13.75	1.63
engineer_vehicle	light	4	16	0	0	0	0	0	0	90	-1	-1	0	0
engineer_vehicle	tanks	4	16	0	0	0	0	0	0	90	-1	-1	0	0
engineer_vehicle	fort	4	16	0	0	0	0	0	0	90	-1	-1	0	0
engineer_vehicle	air	4	16	0	0	0	0	0	0	90	-1	-1	0	0
engineer_vehicle	light+AA	4	16	0	0	0	0	0	0	90	-1	-1	0	0
engineer_vehicle	tanks+AA	4	16	0	0	0	0	0	0	90	-1	-1	0	0
engineer_vehicle	fort+AA	4	16	0	0	0	0	0	0	90	-1	-1	0	0
counter_battery_radar	light	3	15	0	0	0	0	0	0	90	-1	-1	0	0
counter_battery_radar	tanks	3	15	0	0	0	0	0	0	90	-1	-1	0	0
counter_battery_radar	fort	3	15	0	0	0	0	0	0	90	-1	-1	0	0
counter_battery_radar	air	3	15	0	0	0	0	0	0	90	-1	-1	0	0
counter_battery_radar	light+AA	3	15	0	0	0	0	0	0	90	-1	-1	0	0
counter_battery_radar	tanks+AA	3	15	0	0	0	0	0	0	90	-1	-1	0	0
counter_battery_radar	fort+AA	3	15	0	0	0	0	0	0	90	-1	-1	0	0
ew_jammer	light	3	15	0	0	0	0	0	0	90	-1	-1	0	0
ew_jammer	tanks	3	15	0	0	0	0	0	0	90	-1	-1	0	0
ew_jammer	fort	3	15	0	0	0	0	0	0	90	-1	-1	0	0
ew_jammer	air	3	15	0	0	0	0	0	0	90	-1	-1	0	0
ew_jammer	light+AA	3	15	0	0	0	0	0	0	90	-1	-1	0	0
ew_jammer	tanks+AA	3	15	0	0	0	0	0	0	90	-1	-1	0	0
ew_jammer	fort+AA	3	15	0	0	0	0	0	0	90	-1	-1	0	0
mine_layer	light	3	15	2632.5	0	0	0	2632.5	0.43	30.98	26.2	-1	117.96	28.32
mine_layer	tanks	3	15	0	393.94	0	0	393.94	0.35	29.1	-1	-1	17.38	4.51
mine_layer	fort	3	15	0	0	0	123.75	123.75	0.04	66.23	-1	-1	7.16	0.62
mine_layer	air	3	15	0	0	301.95	0	301.95	0.58	13.85	-1	-1	11.61	7.27
mine_layer	light+AA	3	15	1203.75	0	0	0	1203.75	0.53	16.58	-1	-1	47.52	24.2
mine_layer	tanks+AA	3	15	875	119.63	0	0	994.63	0.22	37.35	-1	-1	46.91	8.88
mine_layer	fort+AA	3	15	0	0	0	99	99	0.06	41.98	-1	-1	4.84	0.79
sapper	light	3	15	9450.16	0	0	0	9450.16	0.76	86.5	28.45	-1	617.76	36.42
sapper	tanks	3	15	0	1023	0	0	1023	0.54	52.22	-1	-1	53.88	6.53
sapper	fort	3	15	0	0	0	309.38	309.38	0.08	90	-1	-1	20.63	1.15
sapper	air	3	15	0	0	571.73	0	571.73	0.57	23.77	-1	-1	24.09	8.02
sapper	light+AA	3	15	9839.06	0	0	0	9839.06	0.78	84.13	33.2	-1	634.56	38.98
sapper	tanks+AA	3	15	875	991.55	0	0	1866.55	0.47	66.27	-1	-1	108.03	9.39
sapper	fort+AA	3	15	0	0	0	1089	1089	0.31	82.17	-1	-1	69.44	4.42
command_vehicle	light	2	12	0	0	0	0	0	0	90	-1	-1	0	0
command_vehicle	tanks	2	12	0	0	0	0	0	0	90	-1	-1	0	0
command_vehicle	fort	2	12	0	0	0	0	0	0	90	-1	-1	0	0
command_vehicle	air	2	12	0	0	0	0	0	0	90	-1	-1	0	0
command_vehicle	light+AA	2	12	0	0	0	0	0	0	90	-1	-1	0	0
command_vehicle	tanks+AA	2	12	0	0	0	0	0	0	90	-1	-1	0	0
command_vehicle	fort+AA	2	12	0	0	0	0	0	0	90	-1	-1	0	0
scout_heli	light	2	12	5099.99	0	0	0	5099.99	0.64	60.93	25.75	1	356.35	41.85
scout_heli	tanks	2	12	0	2582.02	0	0	2582.02	0.62	60.38	-1	1	179.76	21.38
scout_heli	fort	2	12	0	0	0	5084.31	5084.31	0.82	41.7	-1	1	310	60.96
scout_heli	air	2	12	0	0	412.67	0	412.67	0.62	26.22	-1	1	22.2	7.87
scout_heli	light+AA	2	12	630.58	0	0	0	630.58	0.21	11.4	-1	1	29.6	27.66
scout_heli	tanks+AA	2	12	290.32	172.62	0	0	462.94	0.18	11.45	-1	1	21.74	20.22
scout_heli	fort+AA	2	12	0	0	0	699.6	699.6	0.1	8.43	-1	1	31.88	41.52
scout_heli	long	2	12	0	0	0	0	0	0	240.01	-1	1	0	0
attack_helicopter	light	2	18	14022	0	0	0	14022	0.72	75.95	19.45	1	718.2	92.31
attack_helicopter	tanks	2	18	0	12634.5	0	0	12634.5	0.83	78.98	35.05	1	658.93	79.99
attack_helicopter	fort	2	18	0	0	0	11788.2	11788.2	0.86	68.08	53.55	1	575.13	86.58
attack_helicopter	air	2	18	0	0	3210	0	3210	0.69	59.67	49	1	148.29	26.9
attack_helicopter	light+AA	2	18	2139.75	0	0	0	2139.75	0.51	18.37	-1	1	71.57	58.22
attack_helicopter	tanks+AA	2	18	1062.5	4500	0	0	5562.5	0.76	39.4	54.5	1	222.16	70.59
attack_helicopter	fort+AA	2	18	0	0	0	1066.34	1066.34	0.24	10.73	-1	1	33.15	49.71
attack_helicopter	long	2	18	2375	2828.76	0	0	5203.76	0.45	69.3	-1	1	186.29	37.55
gunship_heli	light	1	14	9467.99	0	0	0	9467.99	0.79	90	31	1	676.29	105.2
gunship_heli	tanks	1	14	0	11982.18	0	0	11982.18	0.83	90	37.15	1	855.87	133.13
gunship_heli	fort	1	14	0	0	0	11222	11222	0.85	90	65.3	1	801.58	124.69
gunship_heli	air	1	14	0	0	796.32	0	796.32	0.81	57.25	-1	1	46.53	13.91
gunship_heli	light+AA	1	14	1899.15	0	0	0	1899.15	0.57	28.2	-1	1	89.08	67.35
gunship_heli	tanks+AA	1	14	1052.6	4786.8	0	0	5839.4	0.76	52.45	42.25	1	330.09	111.33
gunship_heli	fort+AA	1	14	0	0	0	926.45	926.45	0.33	15.1	-1	1	38.64	61.35
gunship_heli	long	1	14	0	0	0	0	0	0	240.01	-1	1	0	0
heavy_attack_heli	light	1	14	2550	0	0	0	2550	0.88	90	86.25	1	182.14	28.33
heavy_attack_heli	tanks	1	14	0	4090	0	0	4090	0.92	90	-1	1	292.14	45.44
heavy_attack_heli	fort	1	14	0	0	0	2622	2622	0.91	90	-1	1	187.29	29.13
heavy_attack_heli	air	1	14	0	0	1520	0	1520	0.84	78.6	-1	1	101.7	19.34
heavy_attack_heli	light+AA	1	14	2595	0	0	0	2595	0.92	90	-1	1	185.36	28.83
heavy_attack_heli	tanks+AA	1	14	875	2710	0	0	3585	0.91	90	-1	1	256.07	39.83
heavy_attack_heli	fort+AA	1	14	0	0	0	2622	2622	0.91	90	-1	1	187.29	29.13
heavy_attack_heli	long	1	14	4000	6980	0	0	10980	0.9	240.01	158	1	784.3	45.75
recon_drone	light	2	12	1024.5	0	0	0	1024.5	0.88	51.32	-1	1	67.03	9.98
recon_drone	tanks	2	12	0	1774.3	0	0	1774.3	0.86	52.5	-1	1	117.05	16.9
recon_drone	fort	2	12	0	0	0	1184.52	1184.52	0.85	63.6	-1	1	84.23	9.31
recon_drone	air	2	12	0	0	0	0	0	0	25.45	-1	1	0	0
recon_drone	light+AA	2	12	145.37	0	0	0	145.37	0.48	10.38	-1	1	6.76	7.01
recon_drone	tanks+AA	2	12	0	122	0	0	122	0.48	10.33	-1	1	5.67	5.91
recon_drone	fort+AA	2	12	0	0	0	73.2	73.2	0.3	8.15	-1	1	3.33	4.49
recon_drone	long	2	12	329.4	0	0	0	329.4	0.15	75.58	-1	1	18.05	2.18
strike_drone	light	2	14	8020.84	0	0	0	8020.84	0.81	89.2	26.35	1	570.37	44.96
strike_drone	tanks	2	14	0	9988.2	0	0	9988.2	0.85	76.35	35.6	1	659.34	65.41
strike_drone	fort	2	14	0	0	0	10356	10356	0.85	78.08	62.1	1	690.71	66.32
strike_drone	air	2	14	0	0	0	0	0	0	27.57	-1	1	0	0
strike_drone	light+AA	2	14	1030.29	0	0	0	1030.29	0.55	12.58	-1	1	41.94	40.97
strike_drone	tanks+AA	2	14	0	896.4	0	0	896.4	0.59	13.93	-1	1	36.97	32.19
strike_drone	fort+AA	2	14	0	0	0	243	243	0.32	8.7	-1	1	9.52	13.97
strike_drone	long	2	14	708.75	0	0	0	708.75	0.14	93.68	-1	1	35.19	3.78
fighter_jet	light	1	10	0	0	0	0	0	0	56.85	-1	1	0	0
fighter_jet	tanks	1	10	0	0	0	0	0	0	90	-1	1	0	0
fighter_jet	fort	1	10	0	0	0	0	0	0	90	-1	1	0	0
fighter_jet	air	1	10	0	0	4426	0	4426	0.8	27.15	12.3	1	288.06	163.02
fighter_jet	light+AA	1	10	0	0	0	0	0	0	14	-1	1	0	0
fighter_jet	tanks+AA	1	10	0	0	0	0	0	0	22.45	-1	1	0	0
fighter_jet	fort+AA	1	10	0	0	0	0	0	0	9.8	-1	1	0	0
fighter_jet	long	1	10	0	0	0	0	0	0	24.15	-1	1	0	0
attack_jet	light	1	13	8795.06	0	0	0	8795.06	0.52	90	21	1	676.55	97.72
attack_jet	tanks	1	13	0	11758.24	0	0	11758.24	0.53	90	27.55	1	904.48	130.65
attack_jet	fort	1	13	0	0	0	15387.52	15387.52	0.63	90	47.75	1	1183.66	170.97
attack_jet	air	1	13	0	0	300	0	300	0.56	24.55	-1	1	14.69	12.22
attack_jet	light+AA	1	13	1547.18	0	0	0	1547.18	0.42	14.55	-1	1	69.13	106.34
attack_jet	tanks+AA	1	13	635.66	528.3	0	0	1163.97	0.36	10.95	-1	1	50.21	106.3
attack_jet	fort+AA	1	13	0	0	0	412.44	412.44	0.33	5.85	-1	1	16.89	70.5
attack_jet	long	1	13	240.88	0	0	0	240.88	0.1	30.6	-1	1	10.45	7.87
tank_buster	light	1	18	15300	0	0	0	15300	0.63	90	15.2	1	850	170
tank_buster	tanks	1	18	0	25188.74	0	0	25188.74	0.63	90	16.7	1	1399.38	279.87
tank_buster	fort	1	18	0	0	0	16969.87	16969.87	0.65	90	40.6	1	942.78	188.55
tank_buster	air	1	18	0	0	990	0	990	0.67	45.15	-1	1	41.3	21.93
tank_buster	light+AA	1	18	3575.24	0	0	0	3575.24	0.17	90	20.1	1	198.63	39.72
tank_buster	tanks+AA	1	18	20.25	2781.41	0	0	2801.66	0.53	18.5	-1	1	93.82	151.44
tank_buster	fort+AA	1	18	0	0	0	1583.69	1583.69	0.43	12.1	-1	1	49.91	130.88
tank_buster	long	1	18	750	1883.91	0	0	2633.91	0.66	16.85	-1	1	78.3	156.31
heavy_bomber	light	1	20	9850.01	0	0	0	9850.01	0.42	90	21.35	1	492.5	109.44
heavy_bomber	tanks	1	20	0	16415.53	0	0	16415.53	0.41	90	21.4	1	820.78	182.39
heavy_bomber	fort	1	20	0	0	0	29569.34	29569.34	0.4	90	21.05	1	1478.47	328.55
heavy_bomber	air	1	20	0	0	725.4	0	725.4	0.52	55.85	-1	1	29.39	12.99
heavy_bomber	light+AA	1	20	3575	0	0	0	3575	0.38	31.65	21	1	120.81	112.95
heavy_bomber	tanks+AA	1	20	875	4500	0	0	5375	0.36	37.05	32.8	1	189.69	145.08
heavy_bomber	fort+AA	1	20	0	0	0	7891.05	7891.05	0.4	20.25	-1	1	241.66	389.68
heavy_bomber	long	1	20	2138.7	4500	0	0	6638.7	0.38	34.15	-1	1	189.58	194.4
stealth_bomber	light	1	20	9729.03	0	0	0	9729.03	0.43	90	25.65	1	486.45	108.1
stealth_bomber	tanks	1	20	0	13500	0	0	13500	0.43	90	24.15	1	675	150
stealth_bomber	fort	1	20	0	0	0	24750	24750	0.43	90	22.7	1	1237.51	275
stealth_bomber	air	1	20	0	0	0	0	0	0	52.55	-1	1	0	0
stealth_bomber	light+AA	1	20	3125	0	0	0	3125	0.14	90	27.45	1	156.25	34.72
stealth_bomber	tanks+AA	1	20	1750	6255.88	0	0	8005.88	0.5	51.6	30.7	1	314.9	155.15
stealth_bomber	fort+AA	1	20	0	0	0	5201.71	5201.71	0.52	16	-1	1	153.16	325.11
stealth_bomber	long	1	20	2375	4500	0	0	6875	0.57	52.3	47.65	1	209.33	131.45
