id	class	cp	old_light	old_heavy	old_air	old_structure	light	heavy	air	structure	heavy_per_cp
scout_jeep	Scout	2	36.76	7.35	14.71	11.76	36.76	7.35	14.71	11.76	3.68
vbied	Scout	3	700	700	0	525	700	700	0	525	233.33
hover_gunboat	Light	0	22.09	8.84	6.63	9.94	22.09	8.84	6.63	9.94	
missile_boat	Light	0	75.71	23.06	14.44	56.11	75.71	23.06	14.44	56.11	
armored_car	Light	3	65.96	21.72	9.55	25.86	65.96	21.72	9.55	25.86	7.24
ifv	Light	6	118.48	51.39	9.55	51.66	118.48	51.39	9.55	51.66	8.57
light_tank	Tank	3	44.64	13.19	9.55	16.27	44.64	13.19	9.55	16.27	4.4
turtle_tank	Tank	7	60.77	45.92	9.55	30.1	60.77	45.92	9.55	30.1	6.56
bmpt	Tank	9	162.61	85.65	9.55	85.83	162.61	85.65	9.55	85.83	9.52
sea_corvette	Heavy	0	99.51	66.9	6.63	126.07	99.51	66.9	6.63	126.07	
flame_tank	Heavy	5	115.97	21.92	9.55	39.02	115.97	21.92	9.55	39.02	4.38
bunker_vehicle	Heavy	6	60.45	34.73	9.55	29.91	60.45	34.73	9.55	29.91	5.79
armored_bulldozer	Heavy	7	73.92	27.85	14.44	135.3	73.92	27.85	14.44	135.3	3.98
main_battle_tank	Heavy	7	96.87	53.14	23.99	41.65	96.87	53.14	23.99	41.65	7.59
twin_tank	Heavy	9	139.56	95.83	23.99	67.26	139.56	95.83	23.99	67.26	10.65
heavy_tank	Heavy	12	151.58	85.41	14.44	71.52	151.58	85.41	14.44	71.52	7.12
siege_tank	Heavy	12	79.18	50.3	14.44	166.63	70.53	41.65	14.44	135.49	3.47
titan_tank	Heavy	16	189.26	145.53	23.99	97.08	189.26	145.53	23.99	97.08	9.1
fpv_carrier	TankHunter	6	86.78	57.9	14.44	57.16	73.31	44.43	14.44	45.04	7.4
lancet_truck	TankHunter	6	62.77	33.89	14.44	35.55	55.3	26.42	14.44	28.83	4.4
wheeled_gun	TankHunter	6	104.24	89.39	9.55	56.18	104.24	89.39	9.55	56.18	14.9
tank_destroyer	TankHunter	7	100.21	71.32	14.44	50.01	100.21	71.32	14.44	50.01	10.19
railgun_truck	TankHunter	9	67.71	67.71	0	40.63	67.71	67.71	0	40.63	7.52
laser_tank	TankHunter	10	102.13	102.13	0	51.06	102.13	102.13	0	51.06	10.21
rocket_technical	Artillery	3	65.61	36.2	14.71	31.24	57.6	28.19	14.71	25.83	9.4
mortar_carrier	Artillery	4	59.5	30.62	14.44	37.88	53.56	24.68	14.44	31.19	6.17
artillery	Artillery	6	65.19	36.31	14.44	55.19	61.1	32.22	14.44	49.05	5.37
mlrs	Artillery	6	77.84	48.96	14.44	74.16	67.05	38.17	14.44	57.98	6.36
shahed_truck	Artillery	8	83.16	54.28	14.44	82.14	70.89	42	14.44	63.73	5.25
thermobaric_launcher	Artillery	8	98.82	69.94	14.44	136.98	80.32	51.43	14.44	99.98	6.43
ballistic_launcher	Artillery	11	88.94	60.06	14.44	90.81	74.57	45.69	14.44	69.26	4.15
heavy_rocket_artillery	Artillery	11	119.3	90.42	14.44	136.35	97.92	69.03	14.44	104.27	6.28
zu23_technical	AntiAir	3	49.05	9.81	170.05	5.23	49.05	9.81	170.05	5.23	3.27
aa_vehicle	AntiAir	4	43.96	17.58	159.77	6.59	43.96	17.58	159.77	6.59	4.4
sam_launcher	AntiAir	5	36.1	7.22	259.15	11.55	36.1	7.22	259.15	11.55	1.44
heavy_aa	AntiAir	6	116.9	46.76	349.41	17.53	116.9	46.76	349.41	17.53	7.79
iron_beam	AntiAir	7	0	0	105	0	0	0	200	0	0
long_sam	AntiAir	11	0	0	97.5	0	0	0	97.5	0	0
landing_craft	Support	0	36.1	7.22	14.44	11.55	36.1	7.22	14.44	11.55	
supply_truck	Support	0	36.76	7.35	14.71	11.76	36.76	7.35	14.71	11.76	
engineer_vehicle	Support	3	36.1	7.22	14.44	11.55	36.1	7.22	14.44	11.55	2.41
smoke_carrier	Support	3	36.1	7.22	14.44	11.55	36.1	7.22	14.44	11.55	2.41
ammo_carrier	Support	4	36.1	7.22	14.44	11.55	36.1	7.22	14.44	11.55	1.81
counter_battery_radar	Support	5	36.1	7.22	14.44	11.55	36.1	7.22	14.44	11.55	1.44
ew_jammer	Support	5	36.1	7.22	14.44	11.55	36.1	7.22	14.44	11.55	1.44
mine_layer	Support	5	36.1	7.22	14.44	11.55	36.1	7.22	14.44	11.55	1.44
command_vehicle	Support	6	36.1	7.22	14.44	11.55	36.1	7.22	14.44	11.55	1.2
shield_carrier	Support	7	36.1	7.22	14.44	11.55	36.1	7.22	14.44	11.55	1.03
drop_pod	Helicopter	0	0	0	0	0	0	0	0	0	
scout_heli	Helicopter	4	58.8	17.8	11.7	47.44	46.96	13.07	11.7	34.12	3.27
attack_helicopter	Helicopter	11	175.63	109.99	46.33	113.4	147.91	89.77	38.25	90.19	8.16
gunship_heli	Helicopter	15	281.97	130.78	26.08	157.82	250.59	108.52	26.08	131.01	7.23
recon_drone	Plane	6	15.25	11.44	0	9.15	12.93	9.69	0	7.76	1.62
wingman_drone	Plane	6	0	0	35.75	0	0	0	21.19	0	0
strike_drone	Plane	8	97.29	97.29	0	105.39	56.48	56.48	0	61.76	7.06
swarm_carrier	Plane	8	79.43	79.43	0	71.49	37.21	37.21	0	33.49	4.65
fighter_jet	Plane	12	62.89	25.16	389.64	9.43	62.89	25.16	255.05	9.43	2.1
stealth_fighter	Plane	14	92.61	54.87	254.74	54.01	79.24	41.51	217.51	33.96	2.96
attack_jet	Plane	16	504.59	263.7	32.5	310.02	418.08	197.22	16.25	224.03	12.33
stealth_bomber	Plane	18	198.15	178.33	0	297.22	99.83	88.9	0	149.74	4.94
heavy_bomber	Plane	22	333.15	325.11	21.22	499.72	147.51	142.82	21.22	221.26	6.49
sky_gunship	Plane	22	399.35	173.74	0	327.21	387.93	165.17	0	320.35	7.51
aa_turret	Defense	0	46.26	15.42	296.06	14.46	46.26	15.42	296.06	14.46	
aa_turret.flak	Defense	0	88.12	17.62	305.48	9.4	88.12	17.62	305.48	9.4	
aa_turret.sam	Defense	0	36.1	7.22	227.77	11.55	36.1	7.22	227.77	11.55	
airfield	Defense	0	0	0	0	0	0	0	0	0	
airfield.hangar	Defense	0	0	0	0	0	0	0	0	0	
airfield.service	Defense	0	0	0	0	0	0	0	0	0	
ammo_depot	Defense	0	0	0	0	0	0	0	0	0	
artillery_emplacement	Defense	0	99.02	84.17	9.55	126.9	87.3	72.45	9.55	109.31	
artillery_emplacement.cb	Defense	0	99.02	84.17	9.55	126.9	87.3	72.45	9.55	109.31	
artillery_emplacement.mortar	Defense	0	86.2	71.35	9.55	107.66	71.52	56.67	9.55	85.64	
atgm_tower	Defense	0	37.17	92.93	0	55.76	37.17	92.93	0	55.76	
atgm_tower.multi	Defense	0	55.76	78.99	27.88	55.76	55.76	78.99	27.88	55.76	
atgm_tower.top	Defense	0	40	100	0	60	40	100	0	60	
bulwark_post	Defense	0	82.8	16.56	33.12	26.5	82.8	16.56	33.12	26.5	
c_ram	Defense	0	0	0	105.51	0	0	0	105.51	0	
c_ram.centurion	Defense	0	0	0	105.51	0	0	0	105.51	0	
c_ram.dome	Defense	0	0	0	40.86	0	0	0	20.93	0	
coastal_battery	Defense	0	72.4	54.3	0	108.6	72.4	54.3	0	108.6	
cp_relay	Defense	0	0	0	0	0	0	0	0	0	
cp_relay.hardened	Defense	0	0	0	0	0	0	0	0	0	
cp_relay.loot	Defense	0	0	0	0	0	0	0	0	0	
dragons_teeth	Defense	0	0	0	0	0	0	0	0	0	
dragons_teeth.hedgehog	Defense	0	0	0	0	0	0	0	0	0	
dragons_teeth.wire	Defense	0	0	0	0	0	0	0	0	0	
drone_hangar	Defense	0	58.95	58.95	0	53.05	58.95	58.95	0	53.05	
drone_hangar.lancet	Defense	0	66.67	66.67	0	60	66.67	66.67	0	60	
drone_hangar.swarm	Defense	0	76.71	76.71	0	69.04	76.71	76.71	0	69.04	
ew_tower	Defense	0	0	0	0	0	0	0	0	0	
ew_tower.drone	Defense	0	0	0	0	0	0	0	0	0	
ew_tower.spoof	Defense	0	0	0	0	0	0	0	0	0	
guard_tower	Defense	0	78.35	18.99	24.7	38.43	78.35	18.99	24.7	38.43	
guard_tower.nest	Defense	0	85.42	34.17	0	49.64	85.42	34.17	0	49.64	
guard_tower.watch	Defense	0	78.35	18.99	24.7	38.43	78.35	18.99	24.7	38.43	
gun_turret	Defense	0	71.14	85.45	0	53.82	71.14	85.45	0	53.82	
gun_turret.auto	Defense	0	102.69	36.41	111.43	42.39	102.69	36.41	111.43	42.39	
gun_turret.long	Defense	0	56.97	63.66	0	40.74	56.97	63.66	0	40.74	
headquarters	Defense	0	296.33	187.57	416.5	101	296.33	187.57	416.5	101	
heavy_turret	Defense	0	132.29	88.61	0	176.79	132.29	88.61	0	176.79	
heavy_turret.bastion	Defense	0	204.49	103.05	28.88	199.9	204.49	103.05	28.88	199.9	
heavy_turret.coastal	Defense	0	132.29	88.61	0	176.79	132.29	88.61	0	176.79	
logistics_station	Defense	0	0	0	0	0	0	0	0	0	
mg_bunker	Defense	0	98.5	28.34	33.12	35.92	98.5	28.34	33.12	35.92	
mg_bunker.flame	Defense	0	150	30	0	53.33	150	30	0	53.33	
mg_bunker.twin	Defense	0	114.6	31.56	39.56	41.07	114.6	31.56	39.56	41.07	
minefield	Defense	0	0	0	0	0	0	0	0	0	
minefield.at	Defense	0	0	0	0	0	0	0	0	0	
minefield.scatter	Defense	0	0	0	0	0	0	0	0	0	
missile_battery	Defense	0	36.1	7.22	202.93	11.55	36.1	7.22	202.93	11.55	
missile_battery.lrr	Defense	0	36.1	7.22	232.71	11.55	36.1	7.22	232.71	11.55	
missile_battery.pac3	Defense	0	36.1	7.22	164.2	11.55	36.1	7.22	164.2	11.55	
radar_station	Defense	0	0	0	0	0	0	0	0	0	
repair_bay	Defense	0	0	0	0	0	0	0	0	0	
rocket_turret	Defense	0	103.55	41.95	9.55	101.22	103.55	41.95	9.55	101.22	
rocket_turret.cluster	Defense	0	106.97	43.52	9.55	105.07	106.97	43.52	9.55	105.07	
rocket_turret.guided	Defense	0	43.64	28.79	9.55	63.82	43.64	28.79	9.55	63.82	
shield_tower	Defense	0	0	0	0	0	0	0	0	0	
shield_tower.bulwark	Defense	0	0	0	0	0	0	0	0	0	
shield_tower.ward	Defense	0	0	0	0	0	0	0	0	0	
spawn_bastion	Defense	0	139.81	124.96	9.55	77.52	139.81	124.96	9.55	77.52	
super_gun	Defense	0	0	0	0	0	0	0	0	0	
targeting_station	Defense	0	0	0	0	0	0	0	0	0	
