id	size	light_cp	tanks_cp	air_cp	light_worth	tanks_worth	air_worth
heavy_turret	Large	13.47	23.03	2.11	24	28	3.63
heavy_turret.coastal	Large	13.47	23.03	2.11	24	28	3.63
heavy_turret.bastion	Large	13.47	23.03	2.19	24	28	3.76
missile_battery	Large	6.78	5.23	19.2	12.09	6.36	33
missile_battery.pac3	Large	6.78	5.23	19.2	12.09	6.36	33
missile_battery.lrr	Large	6.78	5.23	19.2	12.09	6.36	33
atgm_tower	Medium	4.71	7.85	1.16	8.4	9.54	2
atgm_tower.top	Medium	4.79	8.02	1.16	8.54	9.74	2
atgm_tower.multi	Medium	5.64	8.6	2.99	10.05	10.46	5.13
gun_turret	Medium	13.47	15.27	1.71	24	18.56	2.93
gun_turret.long	Medium	13.28	14.38	1.71	23.66	17.49	2.93
gun_turret.auto	Medium	13.47	17.16	1.71	24	20.86	2.93
aa_turret	Small	7.18	5.4	5.41	12.79	6.57	9.29
aa_turret.flak	Small	10.81	5.37	5.41	19.27	6.53	9.29
aa_turret.sam	Small	0.86	1.88	11	1.54	2.28	18.9
c_ram	Medium	0.76	1.82	6.4	1.36	2.21	11
c_ram.centurion	Medium	0.76	1.82	6.4	1.36	2.21	11
c_ram.hunter	Medium	0.76	1.82	5.63	1.36	2.21	9.68
drone_hangar	Large	4.62	6.93	1.16	8.23	8.42	2
drone_hangar.lancet	Large	3.33	10.89	1.16	5.94	13.23	2
drone_hangar.swarm	Large	4.62	6.96	1.16	8.24	8.47	2
rocket_turret	Medium	5.29	6.03	1.4	9.42	7.34	2.41
rocket_turret.cluster	Medium	6.28	7.55	1.4	11.19	9.18	2.41
rocket_turret.thermo	Medium	9.1	7.56	1.4	16.21	9.19	2.41
mg_bunker	Small	13.47	10.78	4.09	24	13.11	7.03
mg_bunker.twin	Small	13.47	10.92	4.03	24	13.28	6.93
mg_bunker.flame	Small	1.04	2.2	1.27	1.85	2.67	2.18
artillery_emplacement	Large	10.54	11.3	1.4	18.79	13.74	2.41
artillery_emplacement.cb	Large	10.54	11.3	1.4	18.79	13.74	2.41
artillery_emplacement.ext	Large	9.36	9.68	1.4	16.69	11.77	2.41
guard_tower	Small	5.51	5.17	1.98	9.82	6.28	3.4
guard_tower.watch	Small	5.51	5.17	1.98	9.82	6.28	3.4
guard_tower.nest	Small	5.42	5.35	1.16	9.67	6.51	2
vehicles' median worth per CP		1.78	1.22	1.72
