id	class	cp	role	worth	worth_per_cp
armored_car	Light	3	light	3.08	1.03
ifv	Light	6	light	7.7	1.28
light_tank	Tank	3	light	3.57	1.19
turtle_tank	Tank	7	light	20.42	2.92
bmpt	Tank	9	light	19.97	2.22
flame_tank	Heavy	4	light	11.82	2.96
bunker_vehicle	Heavy	6	light	24	4
armored_bulldozer	Heavy	7	light	10.24	1.46
main_battle_tank	Heavy	7	light	14.4	2.06
twin_tank	Heavy	9	light	19.23	2.14
heavy_tank	Heavy	12	light	24	2
siege_tank	Heavy	12	light	24	2
titan_tank	Heavy	14	light	24	1.71
fpv_carrier	TankHunter	6	light	6.46	1.08
lancet_truck	TankHunter	6	light	5.14	0.86
wheeled_gun	TankHunter	6	light	8.11	1.35
tank_destroyer	TankHunter	7	light	12.48	1.78
railgun_truck	TankHunter	9	light	7.07	0.79
laser_tank	TankHunter	10	light	15.04	1.5
armored_car	Light	3	tanks	2.55	0.85
ifv	Light	6	tanks	6.15	1.03
light_tank	Tank	3	tanks	3.06	1.02
turtle_tank	Tank	7	tanks	13.02	1.86
bmpt	Tank	9	tanks	13.15	1.46
flame_tank	Heavy	4	tanks	6.45	1.61
bunker_vehicle	Heavy	6	tanks	10.29	1.72
armored_bulldozer	Heavy	7	tanks	6.33	0.9
main_battle_tank	Heavy	7	tanks	6.99	1
twin_tank	Heavy	9	tanks	13.1	1.46
heavy_tank	Heavy	12	tanks	18.3	1.52
siege_tank	Heavy	12	tanks	14.59	1.22
titan_tank	Heavy	14	tanks	28	2
fpv_carrier	TankHunter	6	tanks	6.27	1.05
lancet_truck	TankHunter	6	tanks	4.54	0.76
wheeled_gun	TankHunter	6	tanks	6.71	1.12
tank_destroyer	TankHunter	7	tanks	6.96	0.99
railgun_truck	TankHunter	9	tanks	6.4	0.71
laser_tank	TankHunter	10	tanks	13.34	1.33
zu23_technical	AntiAir	3	air	7.36	2.45
aa_vehicle	AntiAir	4	air	8.62	2.15
sam_launcher	AntiAir	5	air	13.33	2.67
heavy_aa	AntiAir	6	air	9.93	1.66
iron_beam	AntiAir	9	air	7.69	0.85
long_sam	AntiAir	11	air	12.52	1.14
