id,commander_id,thu_tu,reach_m,stat,value,nguon,raw_json
adler/0,adler,0,Vehicles,CaptureRate,0.3,Assets/MachineBrigade/Scripts/Sim/Content/Commanders.cs#All (9.Lines[0]),"{""stat"":""CaptureRate"",""value"":0.3,""reach"":""Vehicles""}"
brandt/0,brandt,0,Towers,Health,0.15,Assets/MachineBrigade/Scripts/Sim/Content/Commanders.cs#All (6.Lines[0]),"{""stat"":""Health"",""value"":0.15,""reach"":""Towers""}"
brandt/1,brandt,1,Towers,Damage,0.1,Assets/MachineBrigade/Scripts/Sim/Content/Commanders.cs#All (6.Lines[1]),"{""stat"":""Damage"",""value"":0.1,""reach"":""Towers""}"
brandt/2,brandt,2,Vehicles,Speed,-0.05,Assets/MachineBrigade/Scripts/Sim/Content/Commanders.cs#All (6.Lines[2]),"{""stat"":""Speed"",""value"":-0.05,""reach"":""Vehicles""}"
brenn/0,brenn,0,Army,Damage,-0.05,Assets/MachineBrigade/Scripts/Sim/Content/Commanders.cs#All (8.Lines[0]),"{""stat"":""Damage"",""value"":-0.05,""reach"":""Army""}"
dahl/0,dahl,0,Artillery,Damage,0.15,Assets/MachineBrigade/Scripts/Sim/Content/Commanders.cs#All (7.lines[0]),"{""stat"":""Damage"",""value"":0.15,""reach"":""Artillery""}"
dahl/1,dahl,1,Artillery,Range,0.1,Assets/MachineBrigade/Scripts/Sim/Content/Commanders.cs#All (7.lines[1]),"{""stat"":""Range"",""value"":0.1,""reach"":""Artillery""}"
dahl/2,dahl,2,Artillery,Health,0.25,Assets/MachineBrigade/Scripts/Sim/Content/Commanders.cs#All (7.lines[2]),"{""stat"":""Health"",""value"":0.25,""reach"":""Artillery""}"
dahl/3,dahl,3,DirectFire,Damage,-0.1,Assets/MachineBrigade/Scripts/Sim/Content/Commanders.cs#All (7.lines[3]),"{""stat"":""Damage"",""value"":-0.1,""reach"":""DirectFire""}"
gen.aurel/0,gen.aurel,0,Energy,Damage,0.15,Assets/MachineBrigade/Scripts/Sim/Content/Commanders.cs#Generals (7.lines[0]),"{""stat"":""Damage"",""value"":0.15,""reach"":""Energy""}"
gen.aurel/1,gen.aurel,1,Shielded,Health,0.1,Assets/MachineBrigade/Scripts/Sim/Content/Commanders.cs#Generals (7.lines[1]),"{""stat"":""Health"",""value"":0.1,""reach"":""Shielded""}"
gen.aurel/2,gen.aurel,2,Light,Health,-0.05,Assets/MachineBrigade/Scripts/Sim/Content/Commanders.cs#Generals (7.lines[2]),"{""stat"":""Health"",""value"":-0.05,""reach"":""Light""}"
gen.brandt/0,gen.brandt,0,Towers,Health,0.15,Assets/MachineBrigade/Scripts/Sim/Content/Commanders.cs#Generals (0.lines[0]),"{""stat"":""Health"",""value"":0.15,""reach"":""Towers""}"
gen.brandt/1,gen.brandt,1,Vehicles,Speed,-0.05,Assets/MachineBrigade/Scripts/Sim/Content/Commanders.cs#Generals (0.lines[1]),"{""stat"":""Speed"",""value"":-0.05,""reach"":""Vehicles""}"
gen.hung/0,gen.hung,0,Army,Damage,0.05,Assets/MachineBrigade/Scripts/Sim/Content/Commanders.cs#Generals (6.lines[0]),"{""stat"":""Damage"",""value"":0.05,""reach"":""Army""}"
gen.kessler/0,gen.kessler,0,Ships,Health,0.1,Assets/MachineBrigade/Scripts/Sim/Content/Commanders.cs#Generals (3.lines[0]),"{""stat"":""Health"",""value"":0.1,""reach"":""Ships""}"
gen.kessler/1,gen.kessler,1,Towers,Health,-0.05,Assets/MachineBrigade/Scripts/Sim/Content/Commanders.cs#Generals (3.lines[1]),"{""stat"":""Health"",""value"":-0.05,""reach"":""Towers""}"
gen.orlov/0,gen.orlov,0,Artillery,Range,0.15,Assets/MachineBrigade/Scripts/Sim/Content/Commanders.cs#Generals (2.lines[0]),"{""stat"":""Range"",""value"":0.15,""reach"":""Artillery""}"
gen.orlov/1,gen.orlov,1,Artillery,Spread,0.2,Assets/MachineBrigade/Scripts/Sim/Content/Commanders.cs#Generals (2.lines[1]),"{""stat"":""Spread"",""value"":0.2,""reach"":""Artillery""}"
gen.orlov/2,gen.orlov,2,Light,Health,-0.05,Assets/MachineBrigade/Scripts/Sim/Content/Commanders.cs#Generals (2.lines[2]),"{""stat"":""Health"",""value"":-0.05,""reach"":""Light""}"
gen.quaden/0,gen.quaden,0,Aircraft,Damage,0.1,Assets/MachineBrigade/Scripts/Sim/Content/Commanders.cs#Generals (5.lines[0]),"{""stat"":""Damage"",""value"":0.1,""reach"":""Aircraft""}"
gen.quaden/1,gen.quaden,1,Ground,Damage,-0.05,Assets/MachineBrigade/Scripts/Sim/Content/Commanders.cs#Generals (5.lines[1]),"{""stat"":""Damage"",""value"":-0.05,""reach"":""Ground""}"
gen.sen/0,gen.sen,0,DroneUnits,Health,0.15,Assets/MachineBrigade/Scripts/Sim/Content/Commanders.cs#Generals (4.lines[0]),"{""stat"":""Health"",""value"":0.15,""reach"":""DroneUnits""}"
gen.sen/1,gen.sen,1,Tanks,Damage,-0.05,Assets/MachineBrigade/Scripts/Sim/Content/Commanders.cs#Generals (4.lines[1]),"{""stat"":""Damage"",""value"":-0.05,""reach"":""Tanks""}"
gen.varga/0,gen.varga,0,Armour,Health,0.1,Assets/MachineBrigade/Scripts/Sim/Content/Commanders.cs#Generals (1.lines[0]),"{""stat"":""Health"",""value"":0.1,""reach"":""Armour""}"
gen.varga/1,gen.varga,1,Aircraft,Damage,-0.1,Assets/MachineBrigade/Scripts/Sim/Content/Commanders.cs#Generals (1.lines[1]),"{""stat"":""Damage"",""value"":-0.1,""reach"":""Aircraft""}"
kade/0,kade,0,Army,Damage,0.05,Assets/MachineBrigade/Scripts/Sim/Content/Commanders.cs#All (0.lines[0]),"{""stat"":""Damage"",""value"":0.05,""reach"":""Army""}"
kade/1,kade,1,Army,Health,0.05,Assets/MachineBrigade/Scripts/Sim/Content/Commanders.cs#All (0.lines[1]),"{""stat"":""Health"",""value"":0.05,""reach"":""Army""}"
kerr/0,kerr,0,Army,Vision,0.15,Assets/MachineBrigade/Scripts/Sim/Content/Commanders.cs#All (3.Lines[0]),"{""stat"":""Vision"",""value"":0.15,""reach"":""Army""}"
kerr/1,kerr,1,Heavy,Health,-0.05,Assets/MachineBrigade/Scripts/Sim/Content/Commanders.cs#All (3.Lines[1]),"{""stat"":""Health"",""value"":-0.05,""reach"":""Heavy""}"
lind/0,lind,0,Aircraft,Damage,-0.1,Assets/MachineBrigade/Scripts/Sim/Content/Commanders.cs#All (1.Lines[0]),"{""stat"":""Damage"",""value"":-0.1,""reach"":""Aircraft""}"
mendez/0,mendez,0,Vehicles,Speed,0.15,Assets/MachineBrigade/Scripts/Sim/Content/Commanders.cs#All (5.Lines[0]),"{""stat"":""Speed"",""value"":0.15,""reach"":""Vehicles""}"
mendez/1,mendez,1,Light,Health,0.15,Assets/MachineBrigade/Scripts/Sim/Content/Commanders.cs#All (5.Lines[1]),"{""stat"":""Health"",""value"":0.15,""reach"":""Light""}"
mendez/2,mendez,2,Army,Health,-0.05,Assets/MachineBrigade/Scripts/Sim/Content/Commanders.cs#All (5.Lines[2]),"{""stat"":""Health"",""value"":-0.05,""reach"":""Army""}"
reyes/0,reyes,0,Aircraft,Damage,0.1,Assets/MachineBrigade/Scripts/Sim/Content/Commanders.cs#All (2.Lines[0]),"{""stat"":""Damage"",""value"":0.1,""reach"":""Aircraft""}"
reyes/1,reyes,1,Aircraft,Health,0.2,Assets/MachineBrigade/Scripts/Sim/Content/Commanders.cs#All (2.Lines[1]),"{""stat"":""Health"",""value"":0.2,""reach"":""Aircraft""}"
reyes/2,reyes,2,Aircraft,MagazineReload,0.15,Assets/MachineBrigade/Scripts/Sim/Content/Commanders.cs#All (2.Lines[2]),"{""stat"":""MagazineReload"",""value"":0.15,""reach"":""Aircraft""}"
reyes/3,reyes,3,Towers,Health,-0.1,Assets/MachineBrigade/Scripts/Sim/Content/Commanders.cs#All (2.Lines[3]),"{""stat"":""Health"",""value"":-0.1,""reach"":""Towers""}"
reyn/0,reyn,0,ArmourOrDear,Health,0.2,Assets/MachineBrigade/Scripts/Sim/Content/Commanders.cs#All (11.Lines[0]),"{""stat"":""Health"",""value"":0.2,""reach"":""ArmourOrDear""}"
reyn/1,reyn,1,Dear,Damage,0.15,Assets/MachineBrigade/Scripts/Sim/Content/Commanders.cs#All (11.Lines[1]),"{""stat"":""Damage"",""value"":0.15,""reach"":""Dear""}"
varro/0,varro,0,Army,Health,-0.05,Assets/MachineBrigade/Scripts/Sim/Content/Commanders.cs#All (10.Lines[0]),"{""stat"":""Health"",""value"":-0.05,""reach"":""Army""}"
venn/0,venn,0,DroneUnits,Health,0.15,Assets/MachineBrigade/Scripts/Sim/Content/Commanders.cs#All (4.Lines[0]),"{""stat"":""Health"",""value"":0.15,""reach"":""DroneUnits""}"
venn/1,venn,1,Drones,Damage,0.1,Assets/MachineBrigade/Scripts/Sim/Content/Commanders.cs#All (4.Lines[1]),"{""stat"":""Damage"",""value"":0.1,""reach"":""Drones""}"
venn/2,venn,2,Army,SummonPower,0.1,Assets/MachineBrigade/Scripts/Sim/Content/Commanders.cs#All (4.Lines[2]),"{""stat"":""SummonPower"",""value"":0.1,""reach"":""Army""}"
venn/3,venn,3,Tanks,Damage,-0.05,Assets/MachineBrigade/Scripts/Sim/Content/Commanders.cs#All (4.Lines[3]),"{""stat"":""Damage"",""value"":-0.05,""reach"":""Tanks""}"
