id,dung_boi,amount,cooldown_s,count,duration_s,kind,once,radius_m,threshold,trigger,unit,nguon,raw_json
airship_launch_l,command_airship;garuda,,30,1,,Summon,,80,,EnemyInRange,strike_drone,Assets/MachineBrigade/Resources/Data/balance.json: skills[21],"{""id"":""airship_launch_l"",""kind"":""Summon"",""trigger"":""EnemyInRange"",""radius"":80,""cooldown"":30,""count"":1,""unit"":""strike_drone""}"
airship_launch_r,command_airship;garuda,,30,1,,Summon,,80,,EnemyInRange,strike_drone,Assets/MachineBrigade/Resources/Data/balance.json: skills[22],"{""id"":""airship_launch_r"",""kind"":""Summon"",""trigger"":""EnemyInRange"",""radius"":80,""cooldown"":30,""count"":1,""unit"":""strike_drone""}"
apc_smoke,ifv,,30,,8,Smoke,,7,,UnderFire,,Assets/MachineBrigade/Resources/Data/balance.json: skills[9],"{""id"":""apc_smoke"",""kind"":""Smoke"",""trigger"":""UnderFire"",""cooldown"":30,""duration"":8,""radius"":7}"
bomber_flares,glide_bomber;heavy_bomber;sky_gunship;swarm_carrier,,11,,3,Flares,,,,MissileIncoming,,Assets/MachineBrigade/Resources/Data/balance.json: skills[8],"{""id"":""bomber_flares"",""kind"":""Flares"",""trigger"":""MissileIncoming"",""cooldown"":11,""duration"":3}"
boss_bulwark,bastion_mk0;behemoth;behemoth_mk0;behemoth_mk2;behemoth_tempest;cerberus;fortress_bastion;moloch;monster;supreme_command,0.5,30,,6,Shield,,,0.35,HpBelow,,Assets/MachineBrigade/Resources/Data/balance.json: skills[13],"{""id"":""boss_bulwark"",""kind"":""Shield"",""trigger"":""HpBelow"",""threshold"":0.35,""cooldown"":30,""duration"":6,""amount"":0.5}"
boss_emp,behemoth_tempest;fenrir;fortress_hive;mobile_fortress,,35,,4,Emp,,22,,EnemyInRange,,Assets/MachineBrigade/Resources/Data/balance.json: skills[15],"{""id"":""boss_emp"",""kind"":""Emp"",""trigger"":""EnemyInRange"",""radius"":22,""cooldown"":35,""duration"":4}"
boss_flares,drone_mothership;locust;mega_gunship;morrigan;sky_fortress;stymphalos,,10,,3,Flares,,,,MissileIncoming,,Assets/MachineBrigade/Resources/Data/balance.json: skills[14],"{""id"":""boss_flares"",""kind"":""Flares"",""trigger"":""MissileIncoming"",""cooldown"":10,""duration"":3}"
boss_rage,behemoth;behemoth_inferno;behemoth_mk2;cerberus;daedalus;earth_borer;hyperion;icarus_mk0;mega_gunship;silver_bug;sky_fortress,1.2,,,9999,Overdrive,TRUE,,0.5,HpBelow,,Assets/MachineBrigade/Resources/Data/balance.json: skills[12],"{""id"":""boss_rage"",""kind"":""Overdrive"",""trigger"":""HpBelow"",""threshold"":0.5,""once"":true,""duration"":9999,""amount"":1.2}"
elite_barrage,elite_artillery;elite_attack_helicopter;elite_fpv_carrier;elite_grad;elite_mlrs;elite_tank_destroyer,2.2,28,,6,Barrage,,,,EnemyInRange,,Assets/MachineBrigade/Resources/Data/balance.json: skills[4],"{""id"":""elite_barrage"",""kind"":""Barrage"",""trigger"":""EnemyInRange"",""cooldown"":28,""duration"":6,""amount"":2.2}"
elite_emp,elite_apc,,30,,3.5,Emp,,14,,EnemyInRange,,Assets/MachineBrigade/Resources/Data/balance.json: skills[11],"{""id"":""elite_emp"",""kind"":""Emp"",""trigger"":""EnemyInRange"",""radius"":14,""cooldown"":30,""duration"":3.5}"
elite_flares,elite_attack_helicopter;elite_attack_jet,,14,,3,Flares,,,,MissileIncoming,,Assets/MachineBrigade/Resources/Data/balance.json: skills[5],"{""id"":""elite_flares"",""kind"":""Flares"",""trigger"":""MissileIncoming"",""cooldown"":14,""duration"":3}"
elite_overdrive,elite_aa;elite_heavy_tank;elite_long_sam,1.5,25,,6,Overdrive,,,,EnemyInRange,,Assets/MachineBrigade/Resources/Data/balance.json: skills[3],"{""id"":""elite_overdrive"",""kind"":""Overdrive"",""trigger"":""EnemyInRange"",""cooldown"":25,""duration"":6,""amount"":1.5}"
elite_repair,,0.3,30,,8,Repair,,,0.5,HpBelow,,Assets/MachineBrigade/Resources/Data/balance.json: skills[2],"{""id"":""elite_repair"",""kind"":""Repair"",""trigger"":""HpBelow"",""threshold"":0.5,""cooldown"":30,""duration"":8,""amount"":0.3}"
elite_shield,elite_mbt,0.3,20,,5,Shield,,,,UnderFire,,Assets/MachineBrigade/Resources/Data/balance.json: skills[0],"{""id"":""elite_shield"",""kind"":""Shield"",""trigger"":""UnderFire"",""cooldown"":20,""duration"":5,""amount"":0.3}"
elite_smoke,elite_tank_destroyer,,30,,8,Smoke,,9,0.55,HpBelow,,Assets/MachineBrigade/Resources/Data/balance.json: skills[1],"{""id"":""elite_smoke"",""kind"":""Smoke"",""trigger"":""HpBelow"",""threshold"":0.55,""cooldown"":30,""duration"":8,""radius"":9}"
fortress_barrage,bastion_mk0;fenrir;fortress_bastion;mobile_fortress;monster,2,25,,8,Barrage,,,0.4,HpBelow,,Assets/MachineBrigade/Resources/Data/balance.json: skills[16],"{""id"":""fortress_barrage"",""kind"":""Barrage"",""trigger"":""HpBelow"",""threshold"":0.4,""cooldown"":25,""duration"":8,""amount"":2}"
heli_flares,attack_helicopter;gunship_heli,,20,,1.5,Flares,,,,MissileIncoming,,Assets/MachineBrigade/Resources/Data/balance.json: skills[6],"{""id"":""heli_flares"",""kind"":""Flares"",""trigger"":""MissileIncoming"",""cooldown"":20,""duration"":1.5}"
jet_flares,attack_jet;fighter_jet;interceptor_jet;stealth_fighter,,16,,1.5,Flares,,,,MissileIncoming,,Assets/MachineBrigade/Resources/Data/balance.json: skills[7],"{""id"":""jet_flares"",""kind"":""Flares"",""trigger"":""MissileIncoming"",""cooldown"":16,""duration"":1.5}"
leviathan_helos,kraken;leviathan;nyx;scylla,,55,1,,Summon,,,0.7,HpBelow,attack_helicopter,Assets/MachineBrigade/Resources/Data/balance.json: skills[23],"{""id"":""leviathan_helos"",""kind"":""Summon"",""trigger"":""HpBelow"",""threshold"":0.7,""cooldown"":55,""count"":1,""unit"":""attack_helicopter""}"
mothership_launch,drone_mothership;fortress_hive;locust;stymphalos,,30,3,,Summon,,70,,EnemyInRange,strike_drone,Assets/MachineBrigade/Resources/Data/balance.json: skills[19],"{""id"":""mothership_launch"",""kind"":""Summon"",""trigger"":""EnemyInRange"",""radius"":70,""cooldown"":30,""count"":3,""unit"":""strike_drone""}"
mothership_shield,behemoth_tempest;drone_mothership;locust;stymphalos,0.5,30,,8,Shield,,,0.5,HpBelow,,Assets/MachineBrigade/Resources/Data/balance.json: skills[20],"{""id"":""mothership_shield"",""kind"":""Shield"",""trigger"":""HpBelow"",""threshold"":0.5,""cooldown"":30,""duration"":8,""amount"":0.5}"
smoke_generator,smoke_carrier,,11,,11,Smoke,,11,,EnemyInRange,,Assets/MachineBrigade/Resources/Data/balance.json: skills[10],"{""id"":""smoke_generator"",""kind"":""Smoke"",""trigger"":""EnemyInRange"",""cooldown"":11,""duration"":11,""radius"":11}"
train_patch,armored_train;bastion_mk0;fortress_bastion;monster,0.5,,,,Patch,TRUE,,,PartBroken,,Assets/MachineBrigade/Resources/Data/balance.json: skills[18],"{""id"":""train_patch"",""kind"":""Patch"",""trigger"":""PartBroken"",""once"":true,""amount"":0.5}"
train_smoke,armored_train;behemoth_inferno;nuke_train,,25,,8,Smoke,,12,,UnderFire,,Assets/MachineBrigade/Resources/Data/balance.json: skills[17],"{""id"":""train_smoke"",""kind"":""Smoke"",""trigger"":""UnderFire"",""cooldown"":25,""duration"":8,""radius"":12}"
