id,boss_id,chi_so_be,vu_khi,slot,aim,bo_phan,so_nong,sat_thuong_moi_phat,thoi_gian_nap_s,loi_m,ria_tren_boss_m,canh_bao_s,chu_ky_day_du_s,so_voi_ban_goc,vu_khi_truoc,vu_khi_sau,nguon,raw_json
argus/0,argus,0,p26_roc_main_roc_bombs,gun,Free,,1,700,33.34,10,NEED_CODE_CHECK,NEED_CODE_CHECK,CHUA_AP:prompt_xuat_luot5,giong,,,Assets/MachineBrigade/Resources/Data/balance.json: vehicles[id=argus] dựng bởi Tools/balance/p26_ab.expand,
argus/1,argus,1,p26_roc_main_roc_bombs,gun,Free,,1,700,33.34,10,NEED_CODE_CHECK,NEED_CODE_CHECK,CHUA_AP:prompt_xuat_luot5,giong,,,Assets/MachineBrigade/Resources/Data/balance.json: vehicles[id=argus] dựng bởi Tools/balance/p26_ab.expand,
armored_train/0,armored_train,0,train_gun,main,,gun_car_front,1,600,8,2.5,NEED_CODE_CHECK,NEED_CODE_CHECK,CHUA_AP:prompt_xuat_luot5,giong,,,Assets/MachineBrigade/Resources/Data/balance.json: vehicles[id=armored_train] dựng bởi Tools/balance/p26_ab.expand,
armored_train/1,armored_train,1,boss_rockets,rocket,Free,rocket_car,1,200,2.44,4.5,NEED_CODE_CHECK,NEED_CODE_CHECK,CHUA_AP:prompt_xuat_luot5,giong,,,Assets/MachineBrigade/Resources/Data/balance.json: vehicles[id=armored_train] dựng bởi Tools/balance/p26_ab.expand,
armored_train/2,armored_train,2,boss_hmg,mg,Free,,1,15,0.0833,0,NEED_CODE_CHECK,NEED_CODE_CHECK,CHUA_AP:prompt_xuat_luot5,giong,,,Assets/MachineBrigade/Resources/Data/balance.json: vehicles[id=armored_train] dựng bởi Tools/balance/p26_ab.expand,
armored_train/3,armored_train,3,boss_flak,mg,Free,flak_car,1,25,0.05,2.5,NEED_CODE_CHECK,NEED_CODE_CHECK,CHUA_AP:prompt_xuat_luot5,giong,,,Assets/MachineBrigade/Resources/Data/balance.json: vehicles[id=armored_train] dựng bởi Tools/balance/p26_ab.expand,
armored_train/4,armored_train,4,train_gun,main,Free,gun_car_rear,1,600,8,2.5,NEED_CODE_CHECK,NEED_CODE_CHECK,CHUA_AP:prompt_xuat_luot5,giong,,,Assets/MachineBrigade/Resources/Data/balance.json: vehicles[id=armored_train] dựng bởi Tools/balance/p26_ab.expand,
armored_train/5,armored_train,5,boss_flak,mg,Free,,1,25,0.05,2.5,NEED_CODE_CHECK,NEED_CODE_CHECK,CHUA_AP:prompt_xuat_luot5,giong,,,Assets/MachineBrigade/Resources/Data/balance.json: vehicles[id=armored_train] dựng bởi Tools/balance/p26_ab.expand,
bastion_mk0/0,bastion_mk0,0,p26_bastion_sec_b240,main,,mortar,1,1100,60,10,NEED_CODE_CHECK,NEED_CODE_CHECK,CHUA_AP:prompt_xuat_luot5,giong,,,Assets/MachineBrigade/Resources/Data/balance.json: vehicles[id=bastion_mk0] dựng bởi Tools/balance/p26_ab.expand,
bastion_mk0/1,bastion_mk0,1,p26_bastion_direct_b100,gun,Free,turret_fl,2,240,8.6,0,NEED_CODE_CHECK,NEED_CODE_CHECK,CHUA_AP:prompt_xuat_luot5,giong,,,Assets/MachineBrigade/Resources/Data/balance.json: vehicles[id=bastion_mk0] dựng bởi Tools/balance/p26_ab.expand,
bastion_mk0/2,bastion_mk0,2,p26_bastion_direct_b100,gun,Free,turret_fr,2,240,8.6,0,NEED_CODE_CHECK,NEED_CODE_CHECK,CHUA_AP:prompt_xuat_luot5,giong,,,Assets/MachineBrigade/Resources/Data/balance.json: vehicles[id=bastion_mk0] dựng bởi Tools/balance/p26_ab.expand,
behemoth/0,behemoth,0,p26_behemoth_main_be152,main,,main_gun,2,600,8.98,7,NEED_CODE_CHECK,NEED_CODE_CHECK,CHUA_AP:prompt_xuat_luot5,giong,,,Assets/MachineBrigade/Resources/Data/balance.json: vehicles[id=behemoth] dựng bởi Tools/balance/p26_ab.expand,
behemoth/1,behemoth,1,p26_behemoth_tiny_be120,gun,Free,gun_120,1,260,7.5,0,NEED_CODE_CHECK,NEED_CODE_CHECK,CHUA_AP:prompt_xuat_luot5,giong,,,Assets/MachineBrigade/Resources/Data/balance.json: vehicles[id=behemoth] dựng bởi Tools/balance/p26_ab.expand,
behemoth/2,behemoth,2,p26_behemoth_close_boss_flak,mg,Free,flak_r,1,25,0.05,2.5,NEED_CODE_CHECK,NEED_CODE_CHECK,CHUA_AP:prompt_xuat_luot5,giong,,,Assets/MachineBrigade/Resources/Data/balance.json: vehicles[id=behemoth] dựng bởi Tools/balance/p26_ab.expand,
behemoth/3,behemoth,3,p26_behemoth_close_boss_flak,mg,Free,flak_l,1,25,0.05,2.5,NEED_CODE_CHECK,NEED_CODE_CHECK,CHUA_AP:prompt_xuat_luot5,giong,,,Assets/MachineBrigade/Resources/Data/balance.json: vehicles[id=behemoth] dựng bởi Tools/balance/p26_ab.expand,
behemoth/4,behemoth,4,p26_behemoth_tiny_boss_missiles,missile,Hull,missiles_r,1,230,20,0,NEED_CODE_CHECK,NEED_CODE_CHECK,CHUA_AP:prompt_xuat_luot5,giong,,,Assets/MachineBrigade/Resources/Data/balance.json: vehicles[id=behemoth] dựng bởi Tools/balance/p26_ab.expand,
behemoth/5,behemoth,5,p26_behemoth_tiny_boss_missiles,missile,Hull,missiles_l,1,230,20,0,NEED_CODE_CHECK,NEED_CODE_CHECK,CHUA_AP:prompt_xuat_luot5,giong,,,Assets/MachineBrigade/Resources/Data/balance.json: vehicles[id=behemoth] dựng bởi Tools/balance/p26_ab.expand,
behemoth/6,behemoth,6,p26_behemoth_tiny_kornet_twin,missile,Free,gun_120,1,230,19.4,0,NEED_CODE_CHECK,NEED_CODE_CHECK,CHUA_AP:prompt_xuat_luot5,giong,,,Assets/MachineBrigade/Resources/Data/balance.json: vehicles[id=behemoth] dựng bởi Tools/balance/p26_ab.expand,
behemoth/7,behemoth,7,p26_behemoth_direct_be120,gun,Free,side_gun_l,2,260,7.5,0,NEED_CODE_CHECK,NEED_CODE_CHECK,CHUA_AP:prompt_xuat_luot5,giong,,,Assets/MachineBrigade/Resources/Data/balance.json: vehicles[id=behemoth] dựng bởi Tools/balance/p26_ab.expand,
behemoth/8,behemoth,8,p26_behemoth_direct_be120,gun,Free,side_gun_r,2,260,7.5,0,NEED_CODE_CHECK,NEED_CODE_CHECK,CHUA_AP:prompt_xuat_luot5,giong,,,Assets/MachineBrigade/Resources/Data/balance.json: vehicles[id=behemoth] dựng bởi Tools/balance/p26_ab.expand,
behemoth/9,behemoth,9,p26_behemoth_sec_be_rockets,rocket,Free,rocket_pod,1,200,2.44,4.5,NEED_CODE_CHECK,NEED_CODE_CHECK,CHUA_AP:prompt_xuat_luot5,giong,,,Assets/MachineBrigade/Resources/Data/balance.json: vehicles[id=behemoth] dựng bởi Tools/balance/p26_ab.expand,
behemoth_inferno/0,behemoth_inferno,0,boss_flamer,main,,flamer_r,1,30,0.25,3.5,NEED_CODE_CHECK,NEED_CODE_CHECK,CHUA_AP:prompt_xuat_luot5,giong,,,Assets/MachineBrigade/Resources/Data/balance.json: vehicles[id=behemoth_inferno] dựng bởi Tools/balance/p26_ab.expand,
behemoth_inferno/1,behemoth_inferno,1,boss_thermo,rocket,Free,thermo,1,97,12.51,7,NEED_CODE_CHECK,NEED_CODE_CHECK,CHUA_AP:prompt_xuat_luot5,giong,,,Assets/MachineBrigade/Resources/Data/balance.json: vehicles[id=behemoth_inferno] dựng bởi Tools/balance/p26_ab.expand,
behemoth_inferno/2,behemoth_inferno,2,boss_flamer,main,Turret,flamer_l,1,30,0.25,3.5,NEED_CODE_CHECK,NEED_CODE_CHECK,CHUA_AP:prompt_xuat_luot5,giong,,,Assets/MachineBrigade/Resources/Data/balance.json: vehicles[id=behemoth_inferno] dựng bởi Tools/balance/p26_ab.expand,
behemoth_mk0/0,behemoth_mk0,0,p26_behemoth_main_be152,main,,main_gun,2,600,8.98,7,NEED_CODE_CHECK,NEED_CODE_CHECK,CHUA_AP:prompt_xuat_luot5,giong,,,Assets/MachineBrigade/Resources/Data/balance.json: vehicles[id=behemoth_mk0] dựng bởi Tools/balance/p26_ab.expand,
behemoth_mk0/1,behemoth_mk0,1,p26_behemoth_direct_be120,gun,Free,side_gun_l,2,260,7.5,0,NEED_CODE_CHECK,NEED_CODE_CHECK,CHUA_AP:prompt_xuat_luot5,giong,,,Assets/MachineBrigade/Resources/Data/balance.json: vehicles[id=behemoth_mk0] dựng bởi Tools/balance/p26_ab.expand,
behemoth_mk0/2,behemoth_mk0,2,p26_behemoth_direct_be120,gun,Free,side_gun_r,2,260,7.5,0,NEED_CODE_CHECK,NEED_CODE_CHECK,CHUA_AP:prompt_xuat_luot5,giong,,,Assets/MachineBrigade/Resources/Data/balance.json: vehicles[id=behemoth_mk0] dựng bởi Tools/balance/p26_ab.expand,
behemoth_mk0/3,behemoth_mk0,3,p26_behemoth_sec_be_rockets,rocket,Free,rocket_pod,1,200,2.44,4.5,NEED_CODE_CHECK,NEED_CODE_CHECK,CHUA_AP:prompt_xuat_luot5,giong,,,Assets/MachineBrigade/Resources/Data/balance.json: vehicles[id=behemoth_mk0] dựng bởi Tools/balance/p26_ab.expand,
behemoth_mk2/0,behemoth_mk2,0,p26_behemoth_main_be152,main,,main_gun,2,600,8.98,7,NEED_CODE_CHECK,NEED_CODE_CHECK,CHUA_AP:prompt_xuat_luot5,giong,,,Assets/MachineBrigade/Resources/Data/balance.json: vehicles[id=behemoth_mk2] dựng bởi Tools/balance/p26_ab.expand,
behemoth_mk2/1,behemoth_mk2,1,p26_behemoth_close_boss_flak,mg,Free,flak_r,1,25,0.05,2.5,NEED_CODE_CHECK,NEED_CODE_CHECK,CHUA_AP:prompt_xuat_luot5,giong,,,Assets/MachineBrigade/Resources/Data/balance.json: vehicles[id=behemoth_mk2] dựng bởi Tools/balance/p26_ab.expand,
behemoth_mk2/2,behemoth_mk2,2,p26_behemoth_close_boss_flak,mg,Free,flak_l,1,25,0.05,2.5,NEED_CODE_CHECK,NEED_CODE_CHECK,CHUA_AP:prompt_xuat_luot5,giong,,,Assets/MachineBrigade/Resources/Data/balance.json: vehicles[id=behemoth_mk2] dựng bởi Tools/balance/p26_ab.expand,
behemoth_tempest/0,behemoth_tempest,0,boss_railgun,main,,railgun,1,720,8,0.0,NEED_CODE_CHECK,NEED_CODE_CHECK,CHUA_AP:prompt_xuat_luot5,giong,,,Assets/MachineBrigade/Resources/Data/balance.json: vehicles[id=behemoth_tempest] dựng bởi Tools/balance/p26_ab.expand,
behemoth_tempest/1,behemoth_tempest,1,coilgun,gun,Free,coil_l,1,250,4.54,0.0,NEED_CODE_CHECK,NEED_CODE_CHECK,CHUA_AP:prompt_xuat_luot5,giong,,,Assets/MachineBrigade/Resources/Data/balance.json: vehicles[id=behemoth_tempest] dựng bởi Tools/balance/p26_ab.expand,
behemoth_tempest/2,behemoth_tempest,2,coilgun,gun,Free,coil_r,1,250,4.54,0.0,NEED_CODE_CHECK,NEED_CODE_CHECK,CHUA_AP:prompt_xuat_luot5,giong,,,Assets/MachineBrigade/Resources/Data/balance.json: vehicles[id=behemoth_tempest] dựng bởi Tools/balance/p26_ab.expand,
caspian/0,caspian,0,hover_ciws,gun,,,1,12,0.0167,0,NEED_CODE_CHECK,NEED_CODE_CHECK,CHUA_AP:prompt_xuat_luot5,giong,,,Assets/MachineBrigade/Resources/Data/balance.json: vehicles[id=caspian] dựng bởi Tools/balance/p26_ab.expand,
caspian/1,caspian,1,zu23,mg,Free,,1,7,0.04,0.0,NEED_CODE_CHECK,NEED_CODE_CHECK,CHUA_AP:prompt_xuat_luot5,giong,,,Assets/MachineBrigade/Resources/Data/balance.json: vehicles[id=caspian] dựng bởi Tools/balance/p26_ab.expand,
caspian/2,caspian,2,zu23,mg,Free,,1,7,0.04,0.0,NEED_CODE_CHECK,NEED_CODE_CHECK,CHUA_AP:prompt_xuat_luot5,giong,,,Assets/MachineBrigade/Resources/Data/balance.json: vehicles[id=caspian] dựng bởi Tools/balance/p26_ab.expand,
cerberus/0,cerberus,0,p26_behemoth_main_be152,main,,main_gun,2,600,8.98,7,NEED_CODE_CHECK,NEED_CODE_CHECK,CHUA_AP:prompt_xuat_luot5,giong,,,Assets/MachineBrigade/Resources/Data/balance.json: vehicles[id=cerberus] dựng bởi Tools/balance/p26_ab.expand,
cerberus/1,cerberus,1,p26_behemoth_close_boss_flak,mg,Free,flak_r,1,25,0.05,2.5,NEED_CODE_CHECK,NEED_CODE_CHECK,CHUA_AP:prompt_xuat_luot5,giong,,,Assets/MachineBrigade/Resources/Data/balance.json: vehicles[id=cerberus] dựng bởi Tools/balance/p26_ab.expand,
cerberus/2,cerberus,2,p26_behemoth_close_boss_flak,mg,Free,flak_l,1,25,0.05,2.5,NEED_CODE_CHECK,NEED_CODE_CHECK,CHUA_AP:prompt_xuat_luot5,giong,,,Assets/MachineBrigade/Resources/Data/balance.json: vehicles[id=cerberus] dựng bởi Tools/balance/p26_ab.expand,
cerberus/3,cerberus,3,p26_behemoth_sec_be_rockets,rocket,Free,rocket_pod,1,200,2.44,4.5,NEED_CODE_CHECK,NEED_CODE_CHECK,CHUA_AP:prompt_xuat_luot5,giong,,,Assets/MachineBrigade/Resources/Data/balance.json: vehicles[id=cerberus] dựng bởi Tools/balance/p26_ab.expand,
command_airship/0,command_airship,0,p26_roc_main_roc_bombs,gun,Free,,1,700,33.34,10,NEED_CODE_CHECK,NEED_CODE_CHECK,CHUA_AP:prompt_xuat_luot5,giong,,,Assets/MachineBrigade/Resources/Data/balance.json: vehicles[id=command_airship] dựng bởi Tools/balance/p26_ab.expand,
command_airship/1,command_airship,1,p26_roc_main_roc_bombs,gun,Free,,1,700,33.34,10,NEED_CODE_CHECK,NEED_CODE_CHECK,CHUA_AP:prompt_xuat_luot5,giong,,,Assets/MachineBrigade/Resources/Data/balance.json: vehicles[id=command_airship] dựng bởi Tools/balance/p26_ab.expand,
command_airship/2,command_airship,2,p26_roc_direct_roc_atgm,door_l,Free,hangar_l,1,230,19.4,0,NEED_CODE_CHECK,NEED_CODE_CHECK,CHUA_AP:prompt_xuat_luot5,giong,,,Assets/MachineBrigade/Resources/Data/balance.json: vehicles[id=command_airship] dựng bởi Tools/balance/p26_ab.expand,
command_airship/3,command_airship,3,p26_roc_direct_roc_atgm,door_r,Free,hangar_r,1,230,19.4,0,NEED_CODE_CHECK,NEED_CODE_CHECK,CHUA_AP:prompt_xuat_luot5,giong,,,Assets/MachineBrigade/Resources/Data/balance.json: vehicles[id=command_airship] dựng bởi Tools/balance/p26_ab.expand,
command_airship/4,command_airship,4,p26_roc_close_twin_30_bmpt,gun,Free,bomb_bay,1,22,1.45,0,NEED_CODE_CHECK,NEED_CODE_CHECK,CHUA_AP:prompt_xuat_luot5,giong,,,Assets/MachineBrigade/Resources/Data/balance.json: vehicles[id=command_airship] dựng bởi Tools/balance/p26_ab.expand,
command_airship/5,command_airship,5,p26_roc_close_twin_30_bmpt,gun,Free,bomb_bay,1,22,1.45,0,NEED_CODE_CHECK,NEED_CODE_CHECK,CHUA_AP:prompt_xuat_luot5,giong,,,Assets/MachineBrigade/Resources/Data/balance.json: vehicles[id=command_airship] dựng bởi Tools/balance/p26_ab.expand,
command_airship/6,command_airship,6,p26_roc_roc105,gun,Free,pod_105_l,1,300,6,5,NEED_CODE_CHECK,NEED_CODE_CHECK,CHUA_AP:prompt_xuat_luot5,giong,,,Assets/MachineBrigade/Resources/Data/balance.json: vehicles[id=command_airship] dựng bởi Tools/balance/p26_ab.expand,
command_airship/7,command_airship,7,p26_roc_roc105,gun,Free,pod_105_r,1,300,6,5,NEED_CODE_CHECK,NEED_CODE_CHECK,CHUA_AP:prompt_xuat_luot5,giong,,,Assets/MachineBrigade/Resources/Data/balance.json: vehicles[id=command_airship] dựng bởi Tools/balance/p26_ab.expand,
daedalus/0,daedalus,0,p26_daedalus_direct_dae_laser,gun,,gun_l,1,16.5,0.1,1.5,NEED_CODE_CHECK,NEED_CODE_CHECK,CHUA_AP:prompt_xuat_luot5,giong,,,Assets/MachineBrigade/Resources/Data/balance.json: vehicles[id=daedalus] dựng bởi Tools/balance/p26_ab.expand,
daedalus/1,daedalus,1,p26_daedalus_sec_dae57,gun,Free,,2,120,2.79,3,NEED_CODE_CHECK,NEED_CODE_CHECK,CHUA_AP:prompt_xuat_luot5,giong,,,Assets/MachineBrigade/Resources/Data/balance.json: vehicles[id=daedalus] dựng bởi Tools/balance/p26_ab.expand,
daedalus/2,daedalus,2,p26_daedalus_sec_dae57,gun,Free,,2,120,2.79,3,NEED_CODE_CHECK,NEED_CODE_CHECK,CHUA_AP:prompt_xuat_luot5,giong,,,Assets/MachineBrigade/Resources/Data/balance.json: vehicles[id=daedalus] dựng bởi Tools/balance/p26_ab.expand,
daedalus/3,daedalus,3,p26_daedalus_direct_dae_laser,gun,Free,gun_r,1,16.5,0.1,1.5,NEED_CODE_CHECK,NEED_CODE_CHECK,CHUA_AP:prompt_xuat_luot5,giong,,,Assets/MachineBrigade/Resources/Data/balance.json: vehicles[id=daedalus] dựng bởi Tools/balance/p26_ab.expand,
drone_mothership/0,drone_mothership,0,p26_matriarch_tiny_mothership_cannon,main,,cannon_bow,1,120,2.79,3,NEED_CODE_CHECK,NEED_CODE_CHECK,CHUA_AP:prompt_xuat_luot5,giong,,,Assets/MachineBrigade/Resources/Data/balance.json: vehicles[id=drone_mothership] dựng bởi Tools/balance/p26_ab.expand,
drone_mothership/1,drone_mothership,1,p26_matriarch_ma_drones,missile,Free,drone_bay,1,320,4,3,NEED_CODE_CHECK,NEED_CODE_CHECK,CHUA_AP:prompt_xuat_luot5,giong,,,Assets/MachineBrigade/Resources/Data/balance.json: vehicles[id=drone_mothership] dựng bởi Tools/balance/p26_ab.expand,
drone_mothership/2,drone_mothership,2,p26_matriarch_close_boss_flak,mg,Free,flak_top,1,25,0.05,2.5,NEED_CODE_CHECK,NEED_CODE_CHECK,CHUA_AP:prompt_xuat_luot5,giong,,,Assets/MachineBrigade/Resources/Data/balance.json: vehicles[id=drone_mothership] dựng bởi Tools/balance/p26_ab.expand,
drone_mothership/3,drone_mothership,3,p26_matriarch_close_boss_flak,mg,Free,flak_rear,1,25,0.05,2.5,NEED_CODE_CHECK,NEED_CODE_CHECK,CHUA_AP:prompt_xuat_luot5,giong,,,Assets/MachineBrigade/Resources/Data/balance.json: vehicles[id=drone_mothership] dựng bởi Tools/balance/p26_ab.expand,
drone_mothership/4,drone_mothership,4,p26_matriarch_tiny_mothership_cannon,main,Free,cannon_gondola,1,120,2.79,3,NEED_CODE_CHECK,NEED_CODE_CHECK,CHUA_AP:prompt_xuat_luot5,giong,,,Assets/MachineBrigade/Resources/Data/balance.json: vehicles[id=drone_mothership] dựng bởi Tools/balance/p26_ab.expand,
drone_mothership/5,drone_mothership,5,p26_matriarch_direct_ma_atgm,missile,Free,uav_bay,1,230,20,0,NEED_CODE_CHECK,NEED_CODE_CHECK,CHUA_AP:prompt_xuat_luot5,giong,,,Assets/MachineBrigade/Resources/Data/balance.json: vehicles[id=drone_mothership] dựng bởi Tools/balance/p26_ab.expand,
drone_mothership/6,drone_mothership,6,p26_matriarch_sec_autocannon_30,gun,Free,belly_gun_l,1,22,1.5,0,NEED_CODE_CHECK,NEED_CODE_CHECK,CHUA_AP:prompt_xuat_luot5,giong,,,Assets/MachineBrigade/Resources/Data/balance.json: vehicles[id=drone_mothership] dựng bởi Tools/balance/p26_ab.expand,
drone_mothership/7,drone_mothership,7,p26_matriarch_sec_autocannon_30,gun,Free,belly_gun_r,1,22,1.5,0,NEED_CODE_CHECK,NEED_CODE_CHECK,CHUA_AP:prompt_xuat_luot5,giong,,,Assets/MachineBrigade/Resources/Data/balance.json: vehicles[id=drone_mothership] dựng bởi Tools/balance/p26_ab.expand,
drone_mothership/8,drone_mothership,8,p26_matriarch_direct_ma_atgm,missile,Free,drone_bay_2,1,230,20,0,NEED_CODE_CHECK,NEED_CODE_CHECK,CHUA_AP:prompt_xuat_luot5,giong,,,Assets/MachineBrigade/Resources/Data/balance.json: vehicles[id=drone_mothership] dựng bởi Tools/balance/p26_ab.expand,
earth_borer/0,earth_borer,0,borer_drill,main,Hull,drill,1,260,1.5,0.0,NEED_CODE_CHECK,NEED_CODE_CHECK,CHUA_AP:prompt_xuat_luot5,giong,,,Assets/MachineBrigade/Resources/Data/balance.json: vehicles[id=earth_borer] dựng bởi Tools/balance/p26_ab.expand,
earth_borer/1,earth_borer,1,borer_cannon,gun,Free,gun_l,1,120,6,1.5,NEED_CODE_CHECK,NEED_CODE_CHECK,CHUA_AP:prompt_xuat_luot5,giong,,,Assets/MachineBrigade/Resources/Data/balance.json: vehicles[id=earth_borer] dựng bởi Tools/balance/p26_ab.expand,
earth_borer/2,earth_borer,2,borer_cannon,gun,Free,gun_r,1,120,6,1.5,NEED_CODE_CHECK,NEED_CODE_CHECK,CHUA_AP:prompt_xuat_luot5,giong,,,Assets/MachineBrigade/Resources/Data/balance.json: vehicles[id=earth_borer] dựng bởi Tools/balance/p26_ab.expand,
fenrir/0,fenrir,0,p26_jotunn_sec_jo_rockets,main,,rockets_l,1,450,15.76,8,NEED_CODE_CHECK,NEED_CODE_CHECK,CHUA_AP:prompt_xuat_luot5,giong,,,Assets/MachineBrigade/Resources/Data/balance.json: vehicles[id=fenrir] dựng bởi Tools/balance/p26_ab.expand,
fenrir/1,fenrir,1,p26_jotunn_sec_jo_rockets,rocket,Free,rockets_r,1,450,15.76,8,NEED_CODE_CHECK,NEED_CODE_CHECK,CHUA_AP:prompt_xuat_luot5,giong,,,Assets/MachineBrigade/Resources/Data/balance.json: vehicles[id=fenrir] dựng bởi Tools/balance/p26_ab.expand,
fenrir/2,fenrir,2,p26_jotunn_close_boss_flak,mg,Free,flak_l,1,25,0.05,2.5,NEED_CODE_CHECK,NEED_CODE_CHECK,CHUA_AP:prompt_xuat_luot5,giong,,,Assets/MachineBrigade/Resources/Data/balance.json: vehicles[id=fenrir] dựng bởi Tools/balance/p26_ab.expand,
fortress_bastion/0,fortress_bastion,0,p26_bastion_sec_b240,main,,mortar,1,1100,60,10,NEED_CODE_CHECK,NEED_CODE_CHECK,CHUA_AP:prompt_xuat_luot5,giong,,,Assets/MachineBrigade/Resources/Data/balance.json: vehicles[id=fortress_bastion] dựng bởi Tools/balance/p26_ab.expand,
fortress_bastion/1,fortress_bastion,1,p26_bastion_direct_b100,gun,Free,turret_fl,2,240,8.6,0,NEED_CODE_CHECK,NEED_CODE_CHECK,CHUA_AP:prompt_xuat_luot5,giong,,,Assets/MachineBrigade/Resources/Data/balance.json: vehicles[id=fortress_bastion] dựng bởi Tools/balance/p26_ab.expand,
fortress_bastion/2,fortress_bastion,2,p26_bastion_direct_b100,gun,Free,turret_fr,2,240,8.6,0,NEED_CODE_CHECK,NEED_CODE_CHECK,CHUA_AP:prompt_xuat_luot5,giong,,,Assets/MachineBrigade/Resources/Data/balance.json: vehicles[id=fortress_bastion] dựng bởi Tools/balance/p26_ab.expand,
fortress_bastion/3,fortress_bastion,3,p26_bastion_tiny_autocannon_40,gun,Free,turret_rl,1,30,0.2,0,NEED_CODE_CHECK,NEED_CODE_CHECK,CHUA_AP:prompt_xuat_luot5,giong,,,Assets/MachineBrigade/Resources/Data/balance.json: vehicles[id=fortress_bastion] dựng bởi Tools/balance/p26_ab.expand,
fortress_bastion/4,fortress_bastion,4,p26_bastion_tiny_autocannon_40,gun,Free,turret_rr,1,30,0.2,0,NEED_CODE_CHECK,NEED_CODE_CHECK,CHUA_AP:prompt_xuat_luot5,giong,,,Assets/MachineBrigade/Resources/Data/balance.json: vehicles[id=fortress_bastion] dựng bởi Tools/balance/p26_ab.expand,
fortress_bastion/5,fortress_bastion,5,p26_bastion_tiny_kornet_twin,missile,Free,kornet,1,230,19.4,0,NEED_CODE_CHECK,NEED_CODE_CHECK,CHUA_AP:prompt_xuat_luot5,giong,,,Assets/MachineBrigade/Resources/Data/balance.json: vehicles[id=fortress_bastion] dựng bởi Tools/balance/p26_ab.expand,
fortress_bastion/6,fortress_bastion,6,p26_bastion_close_boss_hmg,mg,Free,turret_rl,1,15,0.0833,0,NEED_CODE_CHECK,NEED_CODE_CHECK,CHUA_AP:prompt_xuat_luot5,giong,,,Assets/MachineBrigade/Resources/Data/balance.json: vehicles[id=fortress_bastion] dựng bởi Tools/balance/p26_ab.expand,
fortress_bastion/7,fortress_bastion,7,p26_bastion_close_boss_hmg,mg,Free,turret_rr,1,15,0.0833,0,NEED_CODE_CHECK,NEED_CODE_CHECK,CHUA_AP:prompt_xuat_luot5,giong,,,Assets/MachineBrigade/Resources/Data/balance.json: vehicles[id=fortress_bastion] dựng bởi Tools/balance/p26_ab.expand,
fortress_bastion/8,fortress_bastion,8,p26_bastion_main_b155,gun,Free,casemate,1,600,15,7,NEED_CODE_CHECK,NEED_CODE_CHECK,CHUA_AP:prompt_xuat_luot5,giong,,,Assets/MachineBrigade/Resources/Data/balance.json: vehicles[id=fortress_bastion] dựng bởi Tools/balance/p26_ab.expand,
fortress_bastion/9,fortress_bastion,9,p26_bastion_tiny_zu23,mg,Free,zu23_l,1,7,0.04,0.0,NEED_CODE_CHECK,NEED_CODE_CHECK,CHUA_AP:prompt_xuat_luot5,giong,,,Assets/MachineBrigade/Resources/Data/balance.json: vehicles[id=fortress_bastion] dựng bởi Tools/balance/p26_ab.expand,
fortress_bastion/10,fortress_bastion,10,p26_bastion_tiny_zu23,mg,Free,zu23_r,1,7,0.04,0.0,NEED_CODE_CHECK,NEED_CODE_CHECK,CHUA_AP:prompt_xuat_luot5,giong,,,Assets/MachineBrigade/Resources/Data/balance.json: vehicles[id=fortress_bastion] dựng bởi Tools/balance/p26_ab.expand,
fortress_hive/0,fortress_hive,0,mothership_drones,missile,,rack_l,1,240,8.47,3,NEED_CODE_CHECK,NEED_CODE_CHECK,CHUA_AP:prompt_xuat_luot5,giong,,,Assets/MachineBrigade/Resources/Data/balance.json: vehicles[id=fortress_hive] dựng bởi Tools/balance/p26_ab.expand,
fortress_hive/1,fortress_hive,1,mothership_drones,missile,Free,rack_r,1,240,8.47,3,NEED_CODE_CHECK,NEED_CODE_CHECK,CHUA_AP:prompt_xuat_luot5,giong,,,Assets/MachineBrigade/Resources/Data/balance.json: vehicles[id=fortress_hive] dựng bởi Tools/balance/p26_ab.expand,
fortress_hive/2,fortress_hive,2,boss_flak,mg,Free,flak_l,1,25,0.05,2.5,NEED_CODE_CHECK,NEED_CODE_CHECK,CHUA_AP:prompt_xuat_luot5,giong,,,Assets/MachineBrigade/Resources/Data/balance.json: vehicles[id=fortress_hive] dựng bởi Tools/balance/p26_ab.expand,
fortress_hive/3,fortress_hive,3,boss_flak,mg,Free,flak_r,1,25,0.05,2.5,NEED_CODE_CHECK,NEED_CODE_CHECK,CHUA_AP:prompt_xuat_luot5,giong,,,Assets/MachineBrigade/Resources/Data/balance.json: vehicles[id=fortress_hive] dựng bởi Tools/balance/p26_ab.expand,
garuda/0,garuda,0,p26_roc_main_roc_bombs,gun,Free,,1,700,33.34,10,NEED_CODE_CHECK,NEED_CODE_CHECK,CHUA_AP:prompt_xuat_luot5,giong,,,Assets/MachineBrigade/Resources/Data/balance.json: vehicles[id=garuda] dựng bởi Tools/balance/p26_ab.expand,
garuda/1,garuda,1,p26_roc_main_roc_bombs,gun,Free,,1,700,33.34,10,NEED_CODE_CHECK,NEED_CODE_CHECK,CHUA_AP:prompt_xuat_luot5,giong,,,Assets/MachineBrigade/Resources/Data/balance.json: vehicles[id=garuda] dựng bởi Tools/balance/p26_ab.expand,
garuda/2,garuda,2,p26_roc_direct_roc_atgm,door_l,Free,hangar_l,1,230,19.4,0,NEED_CODE_CHECK,NEED_CODE_CHECK,CHUA_AP:prompt_xuat_luot5,giong,,,Assets/MachineBrigade/Resources/Data/balance.json: vehicles[id=garuda] dựng bởi Tools/balance/p26_ab.expand,
garuda/3,garuda,3,p26_roc_direct_roc_atgm,door_r,Free,hangar_r,1,230,19.4,0,NEED_CODE_CHECK,NEED_CODE_CHECK,CHUA_AP:prompt_xuat_luot5,giong,,,Assets/MachineBrigade/Resources/Data/balance.json: vehicles[id=garuda] dựng bởi Tools/balance/p26_ab.expand,
garuda/4,garuda,4,p26_roc_close_twin_30_bmpt,gun,Free,bomb_bay,1,22,1.45,0,NEED_CODE_CHECK,NEED_CODE_CHECK,CHUA_AP:prompt_xuat_luot5,giong,,,Assets/MachineBrigade/Resources/Data/balance.json: vehicles[id=garuda] dựng bởi Tools/balance/p26_ab.expand,
garuda/5,garuda,5,p26_roc_close_twin_30_bmpt,gun,Free,bomb_bay,1,22,1.45,0,NEED_CODE_CHECK,NEED_CODE_CHECK,CHUA_AP:prompt_xuat_luot5,giong,,,Assets/MachineBrigade/Resources/Data/balance.json: vehicles[id=garuda] dựng bởi Tools/balance/p26_ab.expand,
garuda/6,garuda,6,p26_roc_roc105,gun,Free,pod_105_l,1,300,6,5,NEED_CODE_CHECK,NEED_CODE_CHECK,CHUA_AP:prompt_xuat_luot5,giong,,,Assets/MachineBrigade/Resources/Data/balance.json: vehicles[id=garuda] dựng bởi Tools/balance/p26_ab.expand,
garuda/7,garuda,7,p26_roc_roc105,gun,Free,pod_105_r,1,300,6,5,NEED_CODE_CHECK,NEED_CODE_CHECK,CHUA_AP:prompt_xuat_luot5,giong,,,Assets/MachineBrigade/Resources/Data/balance.json: vehicles[id=garuda] dựng bởi Tools/balance/p26_ab.expand,
hydra/0,hydra,0,p26_typhon_sec_ty57,missile,,,2,120,2.79,3,NEED_CODE_CHECK,NEED_CODE_CHECK,CHUA_AP:prompt_xuat_luot5,giong,,,Assets/MachineBrigade/Resources/Data/balance.json: vehicles[id=hydra] dựng bởi Tools/balance/p26_ab.expand,
hydra/1,hydra,1,p26_typhon_sec_ty57,gun,Free,,2,120,2.79,3,NEED_CODE_CHECK,NEED_CODE_CHECK,CHUA_AP:prompt_xuat_luot5,giong,,,Assets/MachineBrigade/Resources/Data/balance.json: vehicles[id=hydra] dựng bởi Tools/balance/p26_ab.expand,
hydra/2,hydra,2,p26_typhon_direct_ty100,gun,Free,deck_gun,1,300,2.5,5,NEED_CODE_CHECK,NEED_CODE_CHECK,CHUA_AP:prompt_xuat_luot5,giong,,,Assets/MachineBrigade/Resources/Data/balance.json: vehicles[id=hydra] dựng bởi Tools/balance/p26_ab.expand,
hyperion/0,hyperion,0,p26_icarus_sec_orbital_laser,main,,main_laser,1,40,0.1,1.5,NEED_CODE_CHECK,NEED_CODE_CHECK,CHUA_AP:prompt_xuat_luot5,giong,,,Assets/MachineBrigade/Resources/Data/balance.json: vehicles[id=hyperion] dựng bởi Tools/balance/p26_ab.expand,
hyperion/1,hyperion,1,p26_icarus_main_ic_coil,gun,Free,,1,1500,5,0.0,NEED_CODE_CHECK,NEED_CODE_CHECK,CHUA_AP:prompt_xuat_luot5,giong,,,Assets/MachineBrigade/Resources/Data/balance.json: vehicles[id=hyperion] dựng bởi Tools/balance/p26_ab.expand,
hyperion/2,hyperion,2,p26_icarus_main_ic_coil,gun,Free,,1,1500,5,0.0,NEED_CODE_CHECK,NEED_CODE_CHECK,CHUA_AP:prompt_xuat_luot5,giong,,,Assets/MachineBrigade/Resources/Data/balance.json: vehicles[id=hyperion] dựng bởi Tools/balance/p26_ab.expand,
hyperion/3,hyperion,3,p26_icarus_direct_ic_laser,gun,Free,,1,16,0.1,1.5,NEED_CODE_CHECK,NEED_CODE_CHECK,CHUA_AP:prompt_xuat_luot5,giong,,,Assets/MachineBrigade/Resources/Data/balance.json: vehicles[id=hyperion] dựng bởi Tools/balance/p26_ab.expand,
hyperion/4,hyperion,4,p26_icarus_direct_ic_laser,gun,Free,,1,16,0.1,1.5,NEED_CODE_CHECK,NEED_CODE_CHECK,CHUA_AP:prompt_xuat_luot5,giong,,,Assets/MachineBrigade/Resources/Data/balance.json: vehicles[id=hyperion] dựng bởi Tools/balance/p26_ab.expand,
icarus_mk0/0,icarus_mk0,0,p26_icarus_sec_orbital_laser,main,,main_laser,1,40,0.1,1.5,NEED_CODE_CHECK,NEED_CODE_CHECK,CHUA_AP:prompt_xuat_luot5,giong,,,Assets/MachineBrigade/Resources/Data/balance.json: vehicles[id=icarus_mk0] dựng bởi Tools/balance/p26_ab.expand,
ixion/0,ixion,0,p26_ixion_125,main,,gun,1,400,7.5,0,NEED_CODE_CHECK,NEED_CODE_CHECK,CHUA_AP:prompt_xuat_luot5,giong,,,Assets/MachineBrigade/Resources/Data/balance.json: vehicles[id=ixion] dựng bởi Tools/balance/p26_ab.expand,
ixion/1,ixion,1,p26_ixion_mg,mg,Free,cab,1,15,0.0833,0,NEED_CODE_CHECK,NEED_CODE_CHECK,CHUA_AP:prompt_xuat_luot5,giong,,,Assets/MachineBrigade/Resources/Data/balance.json: vehicles[id=ixion] dựng bởi Tools/balance/p26_ab.expand,
ixion/2,ixion,2,p26_ixion_mg,mg,Free,cab,1,15,0.0833,0,NEED_CODE_CHECK,NEED_CODE_CHECK,CHUA_AP:prompt_xuat_luot5,giong,,,Assets/MachineBrigade/Resources/Data/balance.json: vehicles[id=ixion] dựng bởi Tools/balance/p26_ab.expand,
kraken/0,kraken,0,p26_leviathan_lev406,gun,Free,turret_fore,3,2400,60,14,NEED_CODE_CHECK,NEED_CODE_CHECK,CHUA_AP:prompt_xuat_luot5,giong,,,Assets/MachineBrigade/Resources/Data/balance.json: vehicles[id=kraken] dựng bởi Tools/balance/p26_ab.expand,
kraken/1,kraken,1,p26_leviathan_lev406,gun,Free,turret_super,3,2400,60,14,NEED_CODE_CHECK,NEED_CODE_CHECK,CHUA_AP:prompt_xuat_luot5,giong,,,Assets/MachineBrigade/Resources/Data/balance.json: vehicles[id=kraken] dựng bởi Tools/balance/p26_ab.expand,
kraken/2,kraken,2,p26_leviathan_lev406,gun,Free,turret_aft,3,2400,60,14,NEED_CODE_CHECK,NEED_CODE_CHECK,CHUA_AP:prompt_xuat_luot5,giong,,,Assets/MachineBrigade/Resources/Data/balance.json: vehicles[id=kraken] dựng bởi Tools/balance/p26_ab.expand,
kraken/3,kraken,3,p26_leviathan_sec_lev155,gun,Free,sec_fore,3,600,10.5,7,NEED_CODE_CHECK,NEED_CODE_CHECK,CHUA_AP:prompt_xuat_luot5,giong,,,Assets/MachineBrigade/Resources/Data/balance.json: vehicles[id=kraken] dựng bởi Tools/balance/p26_ab.expand,
kraken/4,kraken,4,p26_leviathan_sec_lev155,gun,Free,sec_aft,3,600,10.5,7,NEED_CODE_CHECK,NEED_CODE_CHECK,CHUA_AP:prompt_xuat_luot5,giong,,,Assets/MachineBrigade/Resources/Data/balance.json: vehicles[id=kraken] dựng bởi Tools/balance/p26_ab.expand,
kraken/5,kraken,5,p26_leviathan_direct_lev127,mg,Free,ciws_fore,1,380,3,0,NEED_CODE_CHECK,NEED_CODE_CHECK,CHUA_AP:prompt_xuat_luot5,giong,,,Assets/MachineBrigade/Resources/Data/balance.json: vehicles[id=kraken] dựng bởi Tools/balance/p26_ab.expand,
kraken/6,kraken,6,p26_leviathan_direct_lev127,mg,Free,ciws_aft,1,380,3,0,NEED_CODE_CHECK,NEED_CODE_CHECK,CHUA_AP:prompt_xuat_luot5,giong,,,Assets/MachineBrigade/Resources/Data/balance.json: vehicles[id=kraken] dựng bởi Tools/balance/p26_ab.expand,
kraken/7,kraken,7,aa_25_triple,mg,Free,aa_port,1,17,0.05,0.0,NEED_CODE_CHECK,NEED_CODE_CHECK,CHUA_AP:prompt_xuat_luot5,giong,,,Assets/MachineBrigade/Resources/Data/balance.json: vehicles[id=kraken] dựng bởi Tools/balance/p26_ab.expand,
kraken/8,kraken,8,aa_25_triple,mg,Free,aa_port,1,17,0.05,0.0,NEED_CODE_CHECK,NEED_CODE_CHECK,CHUA_AP:prompt_xuat_luot5,giong,,,Assets/MachineBrigade/Resources/Data/balance.json: vehicles[id=kraken] dựng bởi Tools/balance/p26_ab.expand,
kraken/9,kraken,9,aa_25_triple,mg,Free,aa_port,1,17,0.05,0.0,NEED_CODE_CHECK,NEED_CODE_CHECK,CHUA_AP:prompt_xuat_luot5,giong,,,Assets/MachineBrigade/Resources/Data/balance.json: vehicles[id=kraken] dựng bởi Tools/balance/p26_ab.expand,
kraken/10,kraken,10,aa_25_triple,mg,Free,aa_port,1,17,0.05,0.0,NEED_CODE_CHECK,NEED_CODE_CHECK,CHUA_AP:prompt_xuat_luot5,giong,,,Assets/MachineBrigade/Resources/Data/balance.json: vehicles[id=kraken] dựng bởi Tools/balance/p26_ab.expand,
kraken/11,kraken,11,aa_25_triple,mg,Free,aa_starboard,1,17,0.05,0.0,NEED_CODE_CHECK,NEED_CODE_CHECK,CHUA_AP:prompt_xuat_luot5,giong,,,Assets/MachineBrigade/Resources/Data/balance.json: vehicles[id=kraken] dựng bởi Tools/balance/p26_ab.expand,
kraken/12,kraken,12,aa_25_triple,mg,Free,aa_starboard,1,17,0.05,0.0,NEED_CODE_CHECK,NEED_CODE_CHECK,CHUA_AP:prompt_xuat_luot5,giong,,,Assets/MachineBrigade/Resources/Data/balance.json: vehicles[id=kraken] dựng bởi Tools/balance/p26_ab.expand,
kraken/13,kraken,13,aa_25_triple,mg,Free,aa_starboard,1,17,0.05,0.0,NEED_CODE_CHECK,NEED_CODE_CHECK,CHUA_AP:prompt_xuat_luot5,giong,,,Assets/MachineBrigade/Resources/Data/balance.json: vehicles[id=kraken] dựng bởi Tools/balance/p26_ab.expand,
kraken/14,kraken,14,aa_25_triple,mg,Free,aa_starboard,1,17,0.05,0.0,NEED_CODE_CHECK,NEED_CODE_CHECK,CHUA_AP:prompt_xuat_luot5,giong,,,Assets/MachineBrigade/Resources/Data/balance.json: vehicles[id=kraken] dựng bởi Tools/balance/p26_ab.expand,
kraken/15,kraken,15,sam_post,missile,Free,radar,1,320,3.9,2,NEED_CODE_CHECK,NEED_CODE_CHECK,CHUA_AP:prompt_xuat_luot5,giong,,,Assets/MachineBrigade/Resources/Data/balance.json: vehicles[id=kraken] dựng bởi Tools/balance/p26_ab.expand,
kronos/0,kronos,0,p26_kronos_close_autocannon_30,main,,gun_l,1,22,1.5,0,NEED_CODE_CHECK,NEED_CODE_CHECK,CHUA_AP:prompt_xuat_luot5,giong,,,Assets/MachineBrigade/Resources/Data/balance.json: vehicles[id=kronos] dựng bởi Tools/balance/p26_ab.expand,
kronos/1,kronos,1,p26_kronos_direct_kr57,gun,Free,,1,120,2.79,0.0,NEED_CODE_CHECK,NEED_CODE_CHECK,CHUA_AP:prompt_xuat_luot5,giong,,,Assets/MachineBrigade/Resources/Data/balance.json: vehicles[id=kronos] dựng bởi Tools/balance/p26_ab.expand,
kronos/2,kronos,2,p26_kronos_direct_kr57,gun,Free,,1,120,2.79,0.0,NEED_CODE_CHECK,NEED_CODE_CHECK,CHUA_AP:prompt_xuat_luot5,giong,,,Assets/MachineBrigade/Resources/Data/balance.json: vehicles[id=kronos] dựng bởi Tools/balance/p26_ab.expand,
kronos/3,kronos,3,bucket_wheel,main,Hull,bucket_wheel,1,1080,2,0.0,NEED_CODE_CHECK,NEED_CODE_CHECK,CHUA_AP:prompt_xuat_luot5,giong,,,Assets/MachineBrigade/Resources/Data/balance.json: vehicles[id=kronos] dựng bởi Tools/balance/p26_ab.expand,
kronos/4,kronos,4,p26_kronos_close_autocannon_30,gun,Free,gun_r,1,22,1.5,0,NEED_CODE_CHECK,NEED_CODE_CHECK,CHUA_AP:prompt_xuat_luot5,giong,,,Assets/MachineBrigade/Resources/Data/balance.json: vehicles[id=kronos] dựng bởi Tools/balance/p26_ab.expand,
kronos/5,kronos,5,p26_kronos_close_boss_rockets,rocket,Free,rockets,1,200,2.44,4.5,NEED_CODE_CHECK,NEED_CODE_CHECK,CHUA_AP:prompt_xuat_luot5,giong,,,Assets/MachineBrigade/Resources/Data/balance.json: vehicles[id=kronos] dựng bởi Tools/balance/p26_ab.expand,
landing_hovercraft/0,landing_hovercraft,0,hover_ciws,gun,Free,gun_l,1,12,0.0167,0,NEED_CODE_CHECK,NEED_CODE_CHECK,CHUA_AP:prompt_xuat_luot5,giong,,,Assets/MachineBrigade/Resources/Data/balance.json: vehicles[id=landing_hovercraft] dựng bởi Tools/balance/p26_ab.expand,
landing_hovercraft/1,landing_hovercraft,1,hover_ciws,gun,Free,gun_r,1,12,0.0167,0,NEED_CODE_CHECK,NEED_CODE_CHECK,CHUA_AP:prompt_xuat_luot5,giong,,,Assets/MachineBrigade/Resources/Data/balance.json: vehicles[id=landing_hovercraft] dựng bởi Tools/balance/p26_ab.expand,
landing_hovercraft/2,landing_hovercraft,2,ciws_aa,mg,Free,ciws_r,1,12,0.0167,0,NEED_CODE_CHECK,NEED_CODE_CHECK,CHUA_AP:prompt_xuat_luot5,giong,,,Assets/MachineBrigade/Resources/Data/balance.json: vehicles[id=landing_hovercraft] dựng bởi Tools/balance/p26_ab.expand,
landing_hovercraft/3,landing_hovercraft,3,hover_rockets,rocket,Free,rockets_l,1,65,22,4,NEED_CODE_CHECK,NEED_CODE_CHECK,CHUA_AP:prompt_xuat_luot5,giong,,,Assets/MachineBrigade/Resources/Data/balance.json: vehicles[id=landing_hovercraft] dựng bởi Tools/balance/p26_ab.expand,
landing_hovercraft/4,landing_hovercraft,4,hover_rockets,rocket,Free,rockets_r,1,65,22,4,NEED_CODE_CHECK,NEED_CODE_CHECK,CHUA_AP:prompt_xuat_luot5,giong,,,Assets/MachineBrigade/Resources/Data/balance.json: vehicles[id=landing_hovercraft] dựng bởi Tools/balance/p26_ab.expand,
leviathan/0,leviathan,0,p26_leviathan_lev406,gun,Free,turret_fore,3,2400,60,14,NEED_CODE_CHECK,NEED_CODE_CHECK,CHUA_AP:prompt_xuat_luot5,giong,,,Assets/MachineBrigade/Resources/Data/balance.json: vehicles[id=leviathan] dựng bởi Tools/balance/p26_ab.expand,
leviathan/1,leviathan,1,p26_leviathan_lev406,gun,Free,turret_super,3,2400,60,14,NEED_CODE_CHECK,NEED_CODE_CHECK,CHUA_AP:prompt_xuat_luot5,giong,,,Assets/MachineBrigade/Resources/Data/balance.json: vehicles[id=leviathan] dựng bởi Tools/balance/p26_ab.expand,
leviathan/2,leviathan,2,p26_leviathan_lev406,gun,Free,turret_aft,3,2400,60,14,NEED_CODE_CHECK,NEED_CODE_CHECK,CHUA_AP:prompt_xuat_luot5,giong,,,Assets/MachineBrigade/Resources/Data/balance.json: vehicles[id=leviathan] dựng bởi Tools/balance/p26_ab.expand,
leviathan/3,leviathan,3,p26_leviathan_sec_lev155,gun,Free,sec_fore,3,600,10.5,7,NEED_CODE_CHECK,NEED_CODE_CHECK,CHUA_AP:prompt_xuat_luot5,giong,,,Assets/MachineBrigade/Resources/Data/balance.json: vehicles[id=leviathan] dựng bởi Tools/balance/p26_ab.expand,
leviathan/4,leviathan,4,p26_leviathan_sec_lev155,gun,Free,sec_aft,3,600,10.5,7,NEED_CODE_CHECK,NEED_CODE_CHECK,CHUA_AP:prompt_xuat_luot5,giong,,,Assets/MachineBrigade/Resources/Data/balance.json: vehicles[id=leviathan] dựng bởi Tools/balance/p26_ab.expand,
leviathan/5,leviathan,5,p26_leviathan_direct_lev127,mg,Free,ciws_fore,1,380,3,0,NEED_CODE_CHECK,NEED_CODE_CHECK,CHUA_AP:prompt_xuat_luot5,giong,,,Assets/MachineBrigade/Resources/Data/balance.json: vehicles[id=leviathan] dựng bởi Tools/balance/p26_ab.expand,
leviathan/6,leviathan,6,p26_leviathan_direct_lev127,mg,Free,ciws_aft,1,380,3,0,NEED_CODE_CHECK,NEED_CODE_CHECK,CHUA_AP:prompt_xuat_luot5,giong,,,Assets/MachineBrigade/Resources/Data/balance.json: vehicles[id=leviathan] dựng bởi Tools/balance/p26_ab.expand,
leviathan/7,leviathan,7,aa_25_triple,mg,Free,aa_port,1,17,0.05,0.0,NEED_CODE_CHECK,NEED_CODE_CHECK,CHUA_AP:prompt_xuat_luot5,giong,,,Assets/MachineBrigade/Resources/Data/balance.json: vehicles[id=leviathan] dựng bởi Tools/balance/p26_ab.expand,
leviathan/8,leviathan,8,aa_25_triple,mg,Free,aa_port,1,17,0.05,0.0,NEED_CODE_CHECK,NEED_CODE_CHECK,CHUA_AP:prompt_xuat_luot5,giong,,,Assets/MachineBrigade/Resources/Data/balance.json: vehicles[id=leviathan] dựng bởi Tools/balance/p26_ab.expand,
leviathan/9,leviathan,9,aa_25_triple,mg,Free,aa_port,1,17,0.05,0.0,NEED_CODE_CHECK,NEED_CODE_CHECK,CHUA_AP:prompt_xuat_luot5,giong,,,Assets/MachineBrigade/Resources/Data/balance.json: vehicles[id=leviathan] dựng bởi Tools/balance/p26_ab.expand,
leviathan/10,leviathan,10,aa_25_triple,mg,Free,aa_port,1,17,0.05,0.0,NEED_CODE_CHECK,NEED_CODE_CHECK,CHUA_AP:prompt_xuat_luot5,giong,,,Assets/MachineBrigade/Resources/Data/balance.json: vehicles[id=leviathan] dựng bởi Tools/balance/p26_ab.expand,
leviathan/11,leviathan,11,aa_25_triple,mg,Free,aa_starboard,1,17,0.05,0.0,NEED_CODE_CHECK,NEED_CODE_CHECK,CHUA_AP:prompt_xuat_luot5,giong,,,Assets/MachineBrigade/Resources/Data/balance.json: vehicles[id=leviathan] dựng bởi Tools/balance/p26_ab.expand,
leviathan/12,leviathan,12,aa_25_triple,mg,Free,aa_starboard,1,17,0.05,0.0,NEED_CODE_CHECK,NEED_CODE_CHECK,CHUA_AP:prompt_xuat_luot5,giong,,,Assets/MachineBrigade/Resources/Data/balance.json: vehicles[id=leviathan] dựng bởi Tools/balance/p26_ab.expand,
leviathan/13,leviathan,13,aa_25_triple,mg,Free,aa_starboard,1,17,0.05,0.0,NEED_CODE_CHECK,NEED_CODE_CHECK,CHUA_AP:prompt_xuat_luot5,giong,,,Assets/MachineBrigade/Resources/Data/balance.json: vehicles[id=leviathan] dựng bởi Tools/balance/p26_ab.expand,
leviathan/14,leviathan,14,aa_25_triple,mg,Free,aa_starboard,1,17,0.05,0.0,NEED_CODE_CHECK,NEED_CODE_CHECK,CHUA_AP:prompt_xuat_luot5,giong,,,Assets/MachineBrigade/Resources/Data/balance.json: vehicles[id=leviathan] dựng bởi Tools/balance/p26_ab.expand,
leviathan/15,leviathan,15,sam_post,missile,Free,radar,1,320,3.9,2,NEED_CODE_CHECK,NEED_CODE_CHECK,CHUA_AP:prompt_xuat_luot5,giong,,,Assets/MachineBrigade/Resources/Data/balance.json: vehicles[id=leviathan] dựng bởi Tools/balance/p26_ab.expand,
locust/0,locust,0,p26_matriarch_ma_drones,main,,drone_bay,1,320,4,3,NEED_CODE_CHECK,NEED_CODE_CHECK,CHUA_AP:prompt_xuat_luot5,giong,,,Assets/MachineBrigade/Resources/Data/balance.json: vehicles[id=locust] dựng bởi Tools/balance/p26_ab.expand,
locust/1,locust,1,p26_matriarch_close_boss_flak,mg,Free,flak_top,1,25,0.05,2.5,NEED_CODE_CHECK,NEED_CODE_CHECK,CHUA_AP:prompt_xuat_luot5,giong,,,Assets/MachineBrigade/Resources/Data/balance.json: vehicles[id=locust] dựng bởi Tools/balance/p26_ab.expand,
mega_gunship/0,mega_gunship,0,gunship_rockets,rocket,,pod_l,1,32,8.271,3,NEED_CODE_CHECK,NEED_CODE_CHECK,CHUA_AP:prompt_xuat_luot5,giong,,,Assets/MachineBrigade/Resources/Data/balance.json: vehicles[id=mega_gunship] dựng bởi Tools/balance/p26_ab.expand,
mega_gunship/1,mega_gunship,1,boss_heli_gun,gun,Free,gun_l,1,22,0.1667,0,NEED_CODE_CHECK,NEED_CODE_CHECK,CHUA_AP:prompt_xuat_luot5,giong,,,Assets/MachineBrigade/Resources/Data/balance.json: vehicles[id=mega_gunship] dựng bởi Tools/balance/p26_ab.expand,
mega_gunship/2,mega_gunship,2,boss_heli_gun,gun,Free,gun_r,1,22,0.1667,0,NEED_CODE_CHECK,NEED_CODE_CHECK,CHUA_AP:prompt_xuat_luot5,giong,,,Assets/MachineBrigade/Resources/Data/balance.json: vehicles[id=mega_gunship] dựng bởi Tools/balance/p26_ab.expand,
mega_gunship/3,mega_gunship,3,boss_minigun,mg,Free,minigun_r,1,5.5,0.0172,0.0,NEED_CODE_CHECK,NEED_CODE_CHECK,CHUA_AP:prompt_xuat_luot5,giong,,,Assets/MachineBrigade/Resources/Data/balance.json: vehicles[id=mega_gunship] dựng bởi Tools/balance/p26_ab.expand,
mega_gunship/4,mega_gunship,4,gunship_rockets,rocket,Hull,pod_r,1,32,8.271,3,NEED_CODE_CHECK,NEED_CODE_CHECK,CHUA_AP:prompt_xuat_luot5,giong,,,Assets/MachineBrigade/Resources/Data/balance.json: vehicles[id=mega_gunship] dựng bởi Tools/balance/p26_ab.expand,
mega_gunship/5,mega_gunship,5,boss_hmg,mg,Free,,1,15,0.0833,0,NEED_CODE_CHECK,NEED_CODE_CHECK,CHUA_AP:prompt_xuat_luot5,giong,,,Assets/MachineBrigade/Resources/Data/balance.json: vehicles[id=mega_gunship] dựng bởi Tools/balance/p26_ab.expand,
mega_gunship/6,mega_gunship,6,boss_hmg,mg,Free,,1,15,0.0833,0,NEED_CODE_CHECK,NEED_CODE_CHECK,CHUA_AP:prompt_xuat_luot5,giong,,,Assets/MachineBrigade/Resources/Data/balance.json: vehicles[id=mega_gunship] dựng bởi Tools/balance/p26_ab.expand,
mobile_fortress/0,mobile_fortress,0,p26_jotunn_jo203,main,,howitzer,1,900,24,8.5,NEED_CODE_CHECK,NEED_CODE_CHECK,CHUA_AP:prompt_xuat_luot5,giong,,,Assets/MachineBrigade/Resources/Data/balance.json: vehicles[id=mobile_fortress] dựng bởi Tools/balance/p26_ab.expand,
mobile_fortress/1,mobile_fortress,1,p26_jotunn_sec_jo_rockets,rocket,Free,rockets_l,1,450,15.76,8,NEED_CODE_CHECK,NEED_CODE_CHECK,CHUA_AP:prompt_xuat_luot5,giong,,,Assets/MachineBrigade/Resources/Data/balance.json: vehicles[id=mobile_fortress] dựng bởi Tools/balance/p26_ab.expand,
mobile_fortress/2,mobile_fortress,2,p26_jotunn_sec_jo_rockets,rocket,Free,rockets_r,1,450,15.76,8,NEED_CODE_CHECK,NEED_CODE_CHECK,CHUA_AP:prompt_xuat_luot5,giong,,,Assets/MachineBrigade/Resources/Data/balance.json: vehicles[id=mobile_fortress] dựng bởi Tools/balance/p26_ab.expand,
mobile_fortress/3,mobile_fortress,3,p26_jotunn_close_boss_flak,mg,Free,flak_l,1,25,0.05,2.5,NEED_CODE_CHECK,NEED_CODE_CHECK,CHUA_AP:prompt_xuat_luot5,giong,,,Assets/MachineBrigade/Resources/Data/balance.json: vehicles[id=mobile_fortress] dựng bởi Tools/balance/p26_ab.expand,
mobile_fortress/4,mobile_fortress,4,p26_jotunn_close_boss_flak,mg,Free,flak_r,1,25,0.05,2.5,NEED_CODE_CHECK,NEED_CODE_CHECK,CHUA_AP:prompt_xuat_luot5,giong,,,Assets/MachineBrigade/Resources/Data/balance.json: vehicles[id=mobile_fortress] dựng bởi Tools/balance/p26_ab.expand,
mobile_fortress/5,mobile_fortress,5,p26_jotunn_direct_jo125,missile,Hull,missiles,1,400,7.5,0,NEED_CODE_CHECK,NEED_CODE_CHECK,CHUA_AP:prompt_xuat_luot5,giong,,,Assets/MachineBrigade/Resources/Data/balance.json: vehicles[id=mobile_fortress] dựng bởi Tools/balance/p26_ab.expand,
mobile_fortress/6,mobile_fortress,6,p26_jotunn_tiny_twin_30_flak,mg,Free,flak_r,1,22,0.025,2.5,NEED_CODE_CHECK,NEED_CODE_CHECK,CHUA_AP:prompt_xuat_luot5,giong,,,Assets/MachineBrigade/Resources/Data/balance.json: vehicles[id=mobile_fortress] dựng bởi Tools/balance/p26_ab.expand,
mobile_fortress/7,mobile_fortress,7,p26_jotunn_jo203,gun,Free,howitzer_2,1,900,24,8.5,NEED_CODE_CHECK,NEED_CODE_CHECK,CHUA_AP:prompt_xuat_luot5,giong,,,Assets/MachineBrigade/Resources/Data/balance.json: vehicles[id=mobile_fortress] dựng bởi Tools/balance/p26_ab.expand,
mobile_fortress/8,mobile_fortress,8,sam_post,missile,Free,sam,1,320,3.9,2,NEED_CODE_CHECK,NEED_CODE_CHECK,CHUA_AP:prompt_xuat_luot5,giong,,,Assets/MachineBrigade/Resources/Data/balance.json: vehicles[id=mobile_fortress] dựng bởi Tools/balance/p26_ab.expand,
moloch/0,moloch,0,p26_moloch_main_mo120,main,,turret_fl,2,340,7.5,5,NEED_CODE_CHECK,NEED_CODE_CHECK,CHUA_AP:prompt_xuat_luot5,giong,,,Assets/MachineBrigade/Resources/Data/balance.json: vehicles[id=moloch] dựng bởi Tools/balance/p26_ab.expand,
moloch/1,moloch,1,p26_moloch_tiny_zu23,mg,Free,,1,7,0.04,0.0,NEED_CODE_CHECK,NEED_CODE_CHECK,CHUA_AP:prompt_xuat_luot5,giong,,,Assets/MachineBrigade/Resources/Data/balance.json: vehicles[id=moloch] dựng bởi Tools/balance/p26_ab.expand,
moloch/2,moloch,2,p26_moloch_tiny_zu23,mg,Free,,1,7,0.04,0.0,NEED_CODE_CHECK,NEED_CODE_CHECK,CHUA_AP:prompt_xuat_luot5,giong,,,Assets/MachineBrigade/Resources/Data/balance.json: vehicles[id=moloch] dựng bởi Tools/balance/p26_ab.expand,
moloch/3,moloch,3,p26_moloch_main_mo120,gun,Free,turret_fr,2,340,7.5,5,NEED_CODE_CHECK,NEED_CODE_CHECK,CHUA_AP:prompt_xuat_luot5,giong,,,Assets/MachineBrigade/Resources/Data/balance.json: vehicles[id=moloch] dựng bởi Tools/balance/p26_ab.expand,
moloch/4,moloch,4,p26_moloch_direct_mo120ap,gun,Free,turret_rl,2,260,7.5,0,NEED_CODE_CHECK,NEED_CODE_CHECK,CHUA_AP:prompt_xuat_luot5,giong,,,Assets/MachineBrigade/Resources/Data/balance.json: vehicles[id=moloch] dựng bởi Tools/balance/p26_ab.expand,
moloch/5,moloch,5,p26_moloch_direct_mo120ap,gun,Free,turret_rr,2,260,7.5,0,NEED_CODE_CHECK,NEED_CODE_CHECK,CHUA_AP:prompt_xuat_luot5,giong,,,Assets/MachineBrigade/Resources/Data/balance.json: vehicles[id=moloch] dựng bởi Tools/balance/p26_ab.expand,
moloch/6,moloch,6,p26_moloch_close_boss_flak,mg,Free,flak,1,25,0.05,2.5,NEED_CODE_CHECK,NEED_CODE_CHECK,CHUA_AP:prompt_xuat_luot5,giong,,,Assets/MachineBrigade/Resources/Data/balance.json: vehicles[id=moloch] dựng bởi Tools/balance/p26_ab.expand,
monster/0,monster,0,p26_bastion_sec_b240,main,,mortar,1,1100,60,10,NEED_CODE_CHECK,NEED_CODE_CHECK,CHUA_AP:prompt_xuat_luot5,giong,,,Assets/MachineBrigade/Resources/Data/balance.json: vehicles[id=monster] dựng bởi Tools/balance/p26_ab.expand,
monster/1,monster,1,p26_bastion_direct_b100,gun,Free,turret_fl,2,240,8.6,0,NEED_CODE_CHECK,NEED_CODE_CHECK,CHUA_AP:prompt_xuat_luot5,giong,,,Assets/MachineBrigade/Resources/Data/balance.json: vehicles[id=monster] dựng bởi Tools/balance/p26_ab.expand,
monster/2,monster,2,p26_bastion_direct_b100,gun,Free,turret_fr,2,240,8.6,0,NEED_CODE_CHECK,NEED_CODE_CHECK,CHUA_AP:prompt_xuat_luot5,giong,,,Assets/MachineBrigade/Resources/Data/balance.json: vehicles[id=monster] dựng bởi Tools/balance/p26_ab.expand,
monster/3,monster,3,p26_bastion_tiny_autocannon_40,gun,Free,turret_rl,1,30,0.2,0,NEED_CODE_CHECK,NEED_CODE_CHECK,CHUA_AP:prompt_xuat_luot5,giong,,,Assets/MachineBrigade/Resources/Data/balance.json: vehicles[id=monster] dựng bởi Tools/balance/p26_ab.expand,
monster/4,monster,4,p26_bastion_tiny_autocannon_40,gun,Free,turret_rr,1,30,0.2,0,NEED_CODE_CHECK,NEED_CODE_CHECK,CHUA_AP:prompt_xuat_luot5,giong,,,Assets/MachineBrigade/Resources/Data/balance.json: vehicles[id=monster] dựng bởi Tools/balance/p26_ab.expand,
monster/5,monster,5,p26_bastion_tiny_kornet_twin,missile,Free,kornet,1,230,19.4,0,NEED_CODE_CHECK,NEED_CODE_CHECK,CHUA_AP:prompt_xuat_luot5,giong,,,Assets/MachineBrigade/Resources/Data/balance.json: vehicles[id=monster] dựng bởi Tools/balance/p26_ab.expand,
monster/6,monster,6,p26_bastion_close_boss_hmg,mg,Free,turret_rl,1,15,0.0833,0,NEED_CODE_CHECK,NEED_CODE_CHECK,CHUA_AP:prompt_xuat_luot5,giong,,,Assets/MachineBrigade/Resources/Data/balance.json: vehicles[id=monster] dựng bởi Tools/balance/p26_ab.expand,
monster/7,monster,7,p26_bastion_close_boss_hmg,mg,Free,turret_rr,1,15,0.0833,0,NEED_CODE_CHECK,NEED_CODE_CHECK,CHUA_AP:prompt_xuat_luot5,giong,,,Assets/MachineBrigade/Resources/Data/balance.json: vehicles[id=monster] dựng bởi Tools/balance/p26_ab.expand,
monster/8,monster,8,p26_bastion_main_b155,gun,Free,casemate,1,600,15,7,NEED_CODE_CHECK,NEED_CODE_CHECK,CHUA_AP:prompt_xuat_luot5,giong,,,Assets/MachineBrigade/Resources/Data/balance.json: vehicles[id=monster] dựng bởi Tools/balance/p26_ab.expand,
monster/9,monster,9,p26_bastion_tiny_zu23,mg,Free,zu23_l,1,7,0.04,0.0,NEED_CODE_CHECK,NEED_CODE_CHECK,CHUA_AP:prompt_xuat_luot5,giong,,,Assets/MachineBrigade/Resources/Data/balance.json: vehicles[id=monster] dựng bởi Tools/balance/p26_ab.expand,
monster/10,monster,10,p26_bastion_tiny_zu23,mg,Free,zu23_r,1,7,0.04,0.0,NEED_CODE_CHECK,NEED_CODE_CHECK,CHUA_AP:prompt_xuat_luot5,giong,,,Assets/MachineBrigade/Resources/Data/balance.json: vehicles[id=monster] dựng bởi Tools/balance/p26_ab.expand,
morrigan/0,morrigan,0,air_to_air,missile,,bay_l,1,294,3.99,2,NEED_CODE_CHECK,NEED_CODE_CHECK,CHUA_AP:prompt_xuat_luot5,giong,,,Assets/MachineBrigade/Resources/Data/balance.json: vehicles[id=morrigan] dựng bởi Tools/balance/p26_ab.expand,
morrigan/1,morrigan,1,air_to_air,missile,Free,bay_r,1,294,3.99,2,NEED_CODE_CHECK,NEED_CODE_CHECK,CHUA_AP:prompt_xuat_luot5,giong,,,Assets/MachineBrigade/Resources/Data/balance.json: vehicles[id=morrigan] dựng bởi Tools/balance/p26_ab.expand,
morrigan/2,morrigan,2,guided_bomb,bomb,Free,bomb_bay,1,210,6.651,4,NEED_CODE_CHECK,NEED_CODE_CHECK,CHUA_AP:prompt_xuat_luot5,giong,,,Assets/MachineBrigade/Resources/Data/balance.json: vehicles[id=morrigan] dựng bởi Tools/balance/p26_ab.expand,
morrigan/3,morrigan,3,fighter_cannon,gun,Hull,,1,18,0.1151,0.0,NEED_CODE_CHECK,NEED_CODE_CHECK,CHUA_AP:prompt_xuat_luot5,giong,,,Assets/MachineBrigade/Resources/Data/balance.json: vehicles[id=morrigan] dựng bởi Tools/balance/p26_ab.expand,
nuke_train/0,nuke_train,0,p26_nemesis_main_ne152,main,,twin_gun,1,600,7.5,7,NEED_CODE_CHECK,NEED_CODE_CHECK,CHUA_AP:prompt_xuat_luot5,giong,,,Assets/MachineBrigade/Resources/Data/balance.json: vehicles[id=nuke_train] dựng bởi Tools/balance/p26_ab.expand,
nuke_train/1,nuke_train,1,p26_nemesis_close_boss_flak,mg,Free,flak_front,1,25,0.05,2.5,NEED_CODE_CHECK,NEED_CODE_CHECK,CHUA_AP:prompt_xuat_luot5,giong,,,Assets/MachineBrigade/Resources/Data/balance.json: vehicles[id=nuke_train] dựng bởi Tools/balance/p26_ab.expand,
nuke_train/2,nuke_train,2,p26_nemesis_close_boss_flak,mg,Free,flak_rear,1,25,0.05,2.5,NEED_CODE_CHECK,NEED_CODE_CHECK,CHUA_AP:prompt_xuat_luot5,giong,,,Assets/MachineBrigade/Resources/Data/balance.json: vehicles[id=nuke_train] dựng bởi Tools/balance/p26_ab.expand,
nuke_train/3,nuke_train,3,p26_nemesis_sec_boss_rockets,rocket,Free,rocket_car,1,200,2.44,4.5,NEED_CODE_CHECK,NEED_CODE_CHECK,CHUA_AP:prompt_xuat_luot5,giong,,,Assets/MachineBrigade/Resources/Data/balance.json: vehicles[id=nuke_train] dựng bởi Tools/balance/p26_ab.expand,
nuke_train/4,nuke_train,4,sam_battery,missile,Free,sam_car,1,340,8,2.5,NEED_CODE_CHECK,NEED_CODE_CHECK,CHUA_AP:prompt_xuat_luot5,giong,,,Assets/MachineBrigade/Resources/Data/balance.json: vehicles[id=nuke_train] dựng bởi Tools/balance/p26_ab.expand,
nuke_train/5,nuke_train,5,p26_nemesis_direct_ne125,gun,Free,gun_car_152,1,400,7.5,0,NEED_CODE_CHECK,NEED_CODE_CHECK,CHUA_AP:prompt_xuat_luot5,giong,,,Assets/MachineBrigade/Resources/Data/balance.json: vehicles[id=nuke_train] dựng bởi Tools/balance/p26_ab.expand,
nuke_train/6,nuke_train,6,p26_nemesis_close_boss_flak,mg,Free,aa_car,1,25,0.05,2.5,NEED_CODE_CHECK,NEED_CODE_CHECK,CHUA_AP:prompt_xuat_luot5,giong,,,Assets/MachineBrigade/Resources/Data/balance.json: vehicles[id=nuke_train] dựng bởi Tools/balance/p26_ab.expand,
nyx/0,nyx,0,boss_railgun,gun,Free,turret_fore,1,720,8,0.0,NEED_CODE_CHECK,NEED_CODE_CHECK,CHUA_AP:prompt_xuat_luot5,giong,,,Assets/MachineBrigade/Resources/Data/balance.json: vehicles[id=nyx] dựng bởi Tools/balance/p26_ab.expand,
nyx/1,nyx,1,p26_leviathan_direct_lev127,mg,Free,ciws_fore,1,380,3,0,NEED_CODE_CHECK,NEED_CODE_CHECK,CHUA_AP:prompt_xuat_luot5,giong,,,Assets/MachineBrigade/Resources/Data/balance.json: vehicles[id=nyx] dựng bởi Tools/balance/p26_ab.expand,
nyx/2,nyx,2,p26_leviathan_direct_lev127,mg,Free,ciws_aft,1,380,3,0,NEED_CODE_CHECK,NEED_CODE_CHECK,CHUA_AP:prompt_xuat_luot5,giong,,,Assets/MachineBrigade/Resources/Data/balance.json: vehicles[id=nyx] dựng bởi Tools/balance/p26_ab.expand,
rail_supergun/0,rail_supergun,0,supergun_800,main,,,1,900,25,12,NEED_CODE_CHECK,NEED_CODE_CHECK,CHUA_AP:prompt_xuat_luot5,giong,,,Assets/MachineBrigade/Resources/Data/balance.json: vehicles[id=rail_supergun] dựng bởi Tools/balance/p26_ab.expand,
rail_supergun/1,rail_supergun,1,autocannon_40,gun,Free,gun_l,1,30,0.2,1,NEED_CODE_CHECK,NEED_CODE_CHECK,CHUA_AP:prompt_xuat_luot5,giong,,,Assets/MachineBrigade/Resources/Data/balance.json: vehicles[id=rail_supergun] dựng bởi Tools/balance/p26_ab.expand,
rail_supergun/2,rail_supergun,2,autocannon_40,gun,Free,gun_r,1,30,0.2,1,NEED_CODE_CHECK,NEED_CODE_CHECK,CHUA_AP:prompt_xuat_luot5,giong,,,Assets/MachineBrigade/Resources/Data/balance.json: vehicles[id=rail_supergun] dựng bởi Tools/balance/p26_ab.expand,
rail_supergun/3,rail_supergun,3,ciws_aa,mg,Free,aa_l,1,12,0.0167,0,NEED_CODE_CHECK,NEED_CODE_CHECK,CHUA_AP:prompt_xuat_luot5,giong,,,Assets/MachineBrigade/Resources/Data/balance.json: vehicles[id=rail_supergun] dựng bởi Tools/balance/p26_ab.expand,
rail_supergun/4,rail_supergun,4,ciws_aa,mg,Free,aa_r,1,12,0.0167,0,NEED_CODE_CHECK,NEED_CODE_CHECK,CHUA_AP:prompt_xuat_luot5,giong,,,Assets/MachineBrigade/Resources/Data/balance.json: vehicles[id=rail_supergun] dựng bởi Tools/balance/p26_ab.expand,
scylla/0,scylla,0,naval_130_twin,gun,Free,turret_fore,2,380,3,5,NEED_CODE_CHECK,NEED_CODE_CHECK,CHUA_AP:prompt_xuat_luot5,giong,,,Assets/MachineBrigade/Resources/Data/balance.json: vehicles[id=scylla] dựng bởi Tools/balance/p26_ab.expand,
scylla/1,scylla,1,p26_leviathan_direct_lev127,mg,Free,ciws_fore,1,380,3,0,NEED_CODE_CHECK,NEED_CODE_CHECK,CHUA_AP:prompt_xuat_luot5,giong,,,Assets/MachineBrigade/Resources/Data/balance.json: vehicles[id=scylla] dựng bởi Tools/balance/p26_ab.expand,
silver_bug/0,silver_bug,0,p26_icarus_sec_orbital_laser,main,,main_laser,1,40,0.1,1.5,NEED_CODE_CHECK,NEED_CODE_CHECK,CHUA_AP:prompt_xuat_luot5,giong,,,Assets/MachineBrigade/Resources/Data/balance.json: vehicles[id=silver_bug] dựng bởi Tools/balance/p26_ab.expand,
silver_bug/1,silver_bug,1,p26_icarus_main_ic_coil,gun,Free,,1,1500,5,0.0,NEED_CODE_CHECK,NEED_CODE_CHECK,CHUA_AP:prompt_xuat_luot5,giong,,,Assets/MachineBrigade/Resources/Data/balance.json: vehicles[id=silver_bug] dựng bởi Tools/balance/p26_ab.expand,
silver_bug/2,silver_bug,2,p26_icarus_main_ic_coil,gun,Free,,1,1500,5,0.0,NEED_CODE_CHECK,NEED_CODE_CHECK,CHUA_AP:prompt_xuat_luot5,giong,,,Assets/MachineBrigade/Resources/Data/balance.json: vehicles[id=silver_bug] dựng bởi Tools/balance/p26_ab.expand,
silver_bug/3,silver_bug,3,p26_icarus_direct_ic_laser,gun,Free,,1,16,0.1,1.5,NEED_CODE_CHECK,NEED_CODE_CHECK,CHUA_AP:prompt_xuat_luot5,giong,,,Assets/MachineBrigade/Resources/Data/balance.json: vehicles[id=silver_bug] dựng bởi Tools/balance/p26_ab.expand,
silver_bug/4,silver_bug,4,p26_icarus_direct_ic_laser,gun,Free,,1,16,0.1,1.5,NEED_CODE_CHECK,NEED_CODE_CHECK,CHUA_AP:prompt_xuat_luot5,giong,,,Assets/MachineBrigade/Resources/Data/balance.json: vehicles[id=silver_bug] dựng bởi Tools/balance/p26_ab.expand,
silver_bug/5,silver_bug,5,p26_icarus_close_autocannon_40,gun,Free,crash_turret_l,1,30,0.2,0,NEED_CODE_CHECK,NEED_CODE_CHECK,CHUA_AP:prompt_xuat_luot5,giong,,,Assets/MachineBrigade/Resources/Data/balance.json: vehicles[id=silver_bug] dựng bởi Tools/balance/p26_ab.expand,
silver_bug/6,silver_bug,6,p26_icarus_close_autocannon_40,gun,Free,crash_turret_r,1,30,0.2,0,NEED_CODE_CHECK,NEED_CODE_CHECK,CHUA_AP:prompt_xuat_luot5,giong,,,Assets/MachineBrigade/Resources/Data/balance.json: vehicles[id=silver_bug] dựng bởi Tools/balance/p26_ab.expand,
sky_fortress/0,sky_fortress,0,gunship_105,main,Left,gun_105,1,200,2.743,5.5,NEED_CODE_CHECK,NEED_CODE_CHECK,CHUA_AP:prompt_xuat_luot5,giong,,,Assets/MachineBrigade/Resources/Data/balance.json: vehicles[id=sky_fortress] dựng bởi Tools/balance/p26_ab.expand,
sky_fortress/1,sky_fortress,1,gunship_40mm,gun,Left,gun_40a,1,30,0.1783,3,NEED_CODE_CHECK,NEED_CODE_CHECK,CHUA_AP:prompt_xuat_luot5,giong,,,Assets/MachineBrigade/Resources/Data/balance.json: vehicles[id=sky_fortress] dựng bởi Tools/balance/p26_ab.expand,
sky_fortress/2,sky_fortress,2,gunship_25mm,mg,Left,gun_25,1,17,0.0911,0.0,NEED_CODE_CHECK,NEED_CODE_CHECK,CHUA_AP:prompt_xuat_luot5,giong,,,Assets/MachineBrigade/Resources/Data/balance.json: vehicles[id=sky_fortress] dựng bởi Tools/balance/p26_ab.expand,
sky_fortress/3,sky_fortress,3,griffin,ramp,Free,griffin,1,180,4.286,0.0,NEED_CODE_CHECK,NEED_CODE_CHECK,CHUA_AP:prompt_xuat_luot5,giong,,,Assets/MachineBrigade/Resources/Data/balance.json: vehicles[id=sky_fortress] dựng bởi Tools/balance/p26_ab.expand,
stymphalos/0,stymphalos,0,p26_matriarch_ma_drones,main,,drone_bay,1,320,4,3,NEED_CODE_CHECK,NEED_CODE_CHECK,CHUA_AP:prompt_xuat_luot5,giong,,,Assets/MachineBrigade/Resources/Data/balance.json: vehicles[id=stymphalos] dựng bởi Tools/balance/p26_ab.expand,
stymphalos/1,stymphalos,1,p26_matriarch_close_boss_flak,mg,Free,flak_top,1,25,0.05,2.5,NEED_CODE_CHECK,NEED_CODE_CHECK,CHUA_AP:prompt_xuat_luot5,giong,,,Assets/MachineBrigade/Resources/Data/balance.json: vehicles[id=stymphalos] dựng bởi Tools/balance/p26_ab.expand,
stymphalos/2,stymphalos,2,p26_matriarch_direct_ma_atgm,missile,Free,drone_bay_2,1,230,20,0,NEED_CODE_CHECK,NEED_CODE_CHECK,CHUA_AP:prompt_xuat_luot5,giong,,,Assets/MachineBrigade/Resources/Data/balance.json: vehicles[id=stymphalos] dựng bởi Tools/balance/p26_ab.expand,
supreme_command/0,supreme_command,0,boss_hmg,mg,Free,mg_l,1,15,0.0833,0,NEED_CODE_CHECK,NEED_CODE_CHECK,CHUA_AP:prompt_xuat_luot5,giong,,,Assets/MachineBrigade/Resources/Data/balance.json: vehicles[id=supreme_command] dựng bởi Tools/balance/p26_ab.expand,
supreme_command/1,supreme_command,1,boss_hmg,mg,Free,mg_r,1,15,0.0833,0,NEED_CODE_CHECK,NEED_CODE_CHECK,CHUA_AP:prompt_xuat_luot5,giong,,,Assets/MachineBrigade/Resources/Data/balance.json: vehicles[id=supreme_command] dựng bởi Tools/balance/p26_ab.expand,
typhon/0,typhon,0,sam_post,missile,,sam,1,320,3.9,2,NEED_CODE_CHECK,NEED_CODE_CHECK,CHUA_AP:prompt_xuat_luot5,giong,,,Assets/MachineBrigade/Resources/Data/balance.json: vehicles[id=typhon] dựng bởi Tools/balance/p26_ab.expand,
typhon/1,typhon,1,p26_typhon_sec_ty57,gun,Free,,2,120,2.79,3,NEED_CODE_CHECK,NEED_CODE_CHECK,CHUA_AP:prompt_xuat_luot5,giong,,,Assets/MachineBrigade/Resources/Data/balance.json: vehicles[id=typhon] dựng bởi Tools/balance/p26_ab.expand,
typhon/2,typhon,2,p26_typhon_sec_ty57,gun,Free,,2,120,2.79,3,NEED_CODE_CHECK,NEED_CODE_CHECK,CHUA_AP:prompt_xuat_luot5,giong,,,Assets/MachineBrigade/Resources/Data/balance.json: vehicles[id=typhon] dựng bởi Tools/balance/p26_ab.expand,
typhon/3,typhon,3,p26_typhon_direct_ty100,gun,Free,deck_gun,1,300,2.5,5,NEED_CODE_CHECK,NEED_CODE_CHECK,CHUA_AP:prompt_xuat_luot5,giong,,,Assets/MachineBrigade/Resources/Data/balance.json: vehicles[id=typhon] dựng bởi Tools/balance/p26_ab.expand,
