id,weapon,aim,arc_deg_center_deg,arc_deg_half_deg,armour,fx,hp,kind,radio,radius_m,slot,speed_m_s,stops,wreck,nguon,raw_json
casemate_155,casemate_155,Free,0,60,4,,0.09,casemate,,2.6,gun,,,wreck_barrel,Assets/MachineBrigade/Resources/Data/balance.json: bossParts.casemate_155,"{""kind"":""casemate"",""hp"":0.09,""armour"":4,""wreck"":""wreck_barrel"",""radius"":2.6,""weapon"":""casemate_155"",""slot"":""gun"",""aim"":""Free"",""arc"":[0,60]}"
deck_gun_100,naval_100,Free,,,2,,0.08,gun,,2.0,gun,,,wreck_turret,Assets/MachineBrigade/Resources/Data/balance.json: bossParts.deck_gun_100,"{""kind"":""gun"",""hp"":0.08,""armour"":2,""wreck"":""wreck_turret"",""radius"":2.0,""weapon"":""naval_100"",""slot"":""gun"",""aim"":""Free""}"
drone_bay,mothership_drones,Free,,,2,,0.06,bay,radio.part.bay,2.8,missile,,,wreck_stump,Assets/MachineBrigade/Resources/Data/balance.json: bossParts.drone_bay,"{""kind"":""bay"",""hp"":0.06,""armour"":2,""wreck"":""wreck_stump"",""radius"":2.8,""weapon"":""mothership_drones"",""slot"":""missile"",""aim"":""Free"",""radio"":""radio.part.bay""}"
flak_35,boss_flak,Free,,,2,,0.07,flak,,1.8,mg,,,wreck_turret,Assets/MachineBrigade/Resources/Data/balance.json: bossParts.flak_35,"{""kind"":""flak"",""hp"":0.07,""armour"":2,""wreck"":""wreck_turret"",""radius"":1.8,""weapon"":""boss_flak"",""slot"":""mg"",""aim"":""Free""}"
gun_30,autocannon_30,Free,,,2,,0.06,gun,,1.6,gun,,,wreck_turret,Assets/MachineBrigade/Resources/Data/balance.json: bossParts.gun_30,"{""kind"":""gun"",""hp"":0.06,""armour"":2,""wreck"":""wreck_turret"",""radius"":1.6,""weapon"":""autocannon_30"",""slot"":""gun"",""aim"":""Free""}"
gun_40,autocannon_40,Free,,,3,,0.05,turret,,1.8,gun,,,wreck_turret,Assets/MachineBrigade/Resources/Data/balance.json: bossParts.gun_40,"{""kind"":""turret"",""hp"":0.05,""armour"":3,""wreck"":""wreck_turret"",""radius"":1.8,""weapon"":""autocannon_40"",""slot"":""gun"",""aim"":""Free""}"
gun_152_car,gun_152_he,Free,,,3,,0.07,maingun,,2.6,gun,,,wreck_barrel,Assets/MachineBrigade/Resources/Data/balance.json: bossParts.gun_152_car,"{""kind"":""maingun"",""hp"":0.07,""armour"":3,""wreck"":""wreck_barrel"",""radius"":2.6,""weapon"":""gun_152_he"",""slot"":""gun"",""aim"":""Free""}"
howitzer_203,boss_howitzer,Free,,,3,,0.08,howitzer,,2.6,gun,,,wreck_barrel,Assets/MachineBrigade/Resources/Data/balance.json: bossParts.howitzer_203,"{""kind"":""howitzer"",""hp"":0.08,""armour"":3,""wreck"":""wreck_barrel"",""radius"":2.6,""weapon"":""boss_howitzer"",""slot"":""gun"",""aim"":""Free""}"
naval_127,naval_127,Free,,,3,,0.06,gun,,2.4,gun,,,wreck_turret,Assets/MachineBrigade/Resources/Data/balance.json: bossParts.naval_127,"{""kind"":""gun"",""hp"":0.06,""armour"":3,""wreck"":""wreck_turret"",""radius"":2.4,""weapon"":""naval_127"",""slot"":""gun"",""aim"":""Free""}"
pd_laser,,,,,2,energy,0.08,pdlaser,,1.6,,,aps,wreck_turret,Assets/MachineBrigade/Resources/Data/balance.json: bossParts.pd_laser,"{""kind"":""pdlaser"",""hp"":0.08,""armour"":2,""wreck"":""wreck_turret"",""radius"":1.6,""stops"":[""aps""],""fx"":""energy""}"
pod_105,gunship_105,Free,,,2,,0.07,gun,,2.4,gun,,,wreck_turret,Assets/MachineBrigade/Resources/Data/balance.json: bossParts.pod_105,"{""kind"":""gun"",""hp"":0.07,""armour"":2,""wreck"":""wreck_turret"",""radius"":2.4,""weapon"":""gunship_105"",""slot"":""gun"",""aim"":""Free""}"
pod_bay,,,,,2,,0.08,podbay,radio.part.podbay,2.6,,,pods,wreck_stump,Assets/MachineBrigade/Resources/Data/balance.json: bossParts.pod_bay,"{""kind"":""podbay"",""hp"":0.08,""armour"":2,""wreck"":""wreck_stump"",""radius"":2.6,""stops"":[""pods""],""radio"":""radio.part.podbay""}"
rocket_pod,boss_rockets,Free,,,2,,0.07,rockets,,1.8,rocket,,,wreck_launcher,Assets/MachineBrigade/Resources/Data/balance.json: bossParts.rocket_pod,"{""kind"":""rockets"",""hp"":0.07,""armour"":2,""wreck"":""wreck_launcher"",""radius"":1.8,""weapon"":""boss_rockets"",""slot"":""rocket"",""aim"":""Free""}"
sam_medium,sam_post,Free,,,2,,0.07,sam,,2.0,missile,,,wreck_launcher,Assets/MachineBrigade/Resources/Data/balance.json: bossParts.sam_medium,"{""kind"":""sam"",""hp"":0.07,""armour"":2,""wreck"":""wreck_launcher"",""radius"":2.0,""weapon"":""sam_post"",""slot"":""missile"",""aim"":""Free""}"
side_gun_120,gun_120mm,Free,,,3,,0.07,gun,,2.0,gun,,,wreck_turret,Assets/MachineBrigade/Resources/Data/balance.json: bossParts.side_gun_120,"{""kind"":""gun"",""hp"":0.07,""armour"":3,""wreck"":""wreck_turret"",""radius"":2.0,""weapon"":""gun_120mm"",""slot"":""gun"",""aim"":""Free""}"
tracks,,,,,2,,0.07,tracks,,2.6,,0.85,,wreck_engine,Assets/MachineBrigade/Resources/Data/balance.json: bossParts.tracks,"{""kind"":""tracks"",""hp"":0.07,""armour"":2,""wreck"":""wreck_engine"",""radius"":2.6,""speed"":0.85}"
turret_120,gun_120mm,Free,,,3,,0.07,gun,,2.2,gun,,,wreck_turret,Assets/MachineBrigade/Resources/Data/balance.json: bossParts.turret_120,"{""kind"":""gun"",""hp"":0.07,""armour"":3,""wreck"":""wreck_turret"",""radius"":2.2,""weapon"":""gun_120mm"",""slot"":""gun"",""aim"":""Free""}"
workshop_door,,,,,2,,0.07,door,radio.part.door,2.6,,,factory,wreck_stump,Assets/MachineBrigade/Resources/Data/balance.json: bossParts.workshop_door,"{""kind"":""door"",""hp"":0.07,""armour"":2,""wreck"":""wreck_stump"",""radius"":2.6,""stops"":[""factory""],""radio"":""radio.part.door""}"
zu23,zu23,Free,,,1,,0.07,flak,,1.5,mg,,,wreck_turret,Assets/MachineBrigade/Resources/Data/balance.json: bossParts.zu23,"{""kind"":""flak"",""hp"":0.07,""armour"":1,""wreck"":""wreck_turret"",""radius"":1.5,""weapon"":""zu23"",""slot"":""mg"",""aim"":""Free""}"
