id,boss,marks,on,phase_drop,phase_halt_s,phase_refill,nguon,raw_json
armored_train,armored_train,,,,6,,Assets/MachineBrigade/Resources/Data/balance.json: escorts[0],"{""boss"":""armored_train"",""arrive"":[{""unit"":""armored_car""},{""unit"":""armored_car""},{""unit"":""aa_vehicle"",""role"":""cover""},{""unit"":""armored_car"",""role"":""spot""}],""phase"":{""halt"":6,""units"":[{""unit"":""light_tank""},{""unit"":""light_tank""},{""unit"":""engineer_vehicle"",""role"":""repair""}]}}"
behemoth,behemoth,,,,,,Assets/MachineBrigade/Resources/Data/balance.json: escorts[2],"{""boss"":""behemoth"",""arrive"":[{""unit"":""main_battle_tank""},{""unit"":""main_battle_tank""},{""unit"":""heavy_tank""},{""unit"":""aa_vehicle"",""role"":""cover""}],""phase"":[{""unit"":""heavy_tank"",""elite"":true},{""unit"":""engineer_vehicle"",""role"":""repair""}]}"
behemoth_inferno,behemoth_inferno,,,,,,Assets/MachineBrigade/Resources/Data/balance.json: escorts[3],"{""boss"":""behemoth_inferno"",""arrive"":[{""unit"":""flame_tank""},{""unit"":""flame_tank""},{""unit"":""aa_vehicle"",""role"":""cover""},{""unit"":""smoke_carrier"",""role"":""smoke""}],""phase"":[{""unit"":""flame_tank""},{""unit"":""flame_tank""},{""unit"":""engineer_vehicle"",""role"":""repair""}]}"
behemoth_tempest,behemoth_tempest,,,,,TRUE,Assets/MachineBrigade/Resources/Data/balance.json: escorts[1],"{""boss"":""behemoth_tempest"",""arrive"":[{""unit"":""main_battle_tank""},{""unit"":""ew_jammer"",""role"":""jam""},{""unit"":""ew_jammer"",""role"":""jam""},{""unit"":""sam_launcher"",""role"":""cover""}],""phase"":{""refill"":true,""units"":[{""unit"":""ew_jammer"",""role"":""jam""},{""unit"":""ew_jammer"",""role"":""jam""}]}}"
command_airship,command_airship,,,,,,Assets/MachineBrigade/Resources/Data/balance.json: escorts[14],"{""boss"":""command_airship"",""arrive"":[{""unit"":""fighter_jet"",""role"":""cover""},{""unit"":""fighter_jet"",""role"":""cover""},{""unit"":""fighter_jet"",""role"":""cover""}],""phase"":[{""unit"":""attack_helicopter""},{""unit"":""scout_heli"",""role"":""spot""}]}"
drone_mothership,drone_mothership,,,,,,Assets/MachineBrigade/Resources/Data/balance.json: escorts[9],"{""boss"":""drone_mothership"",""arrive"":[{""unit"":""strike_drone""},{""unit"":""strike_drone""},{""unit"":""fighter_jet"",""role"":""cover""},{""unit"":""recon_drone"",""role"":""spot""}],""phase"":[{""unit"":""scout_heli"",""role"":""spot""}]}"
earth_borer,earth_borer,,surface,para,,,Assets/MachineBrigade/Resources/Data/balance.json: escorts[13],"{""boss"":""earth_borer"",""on"":""surface"",""phase"":{""drop"":""para"",""units"":[{""unit"":""ifv""},{""unit"":""aa_vehicle"",""role"":""cover""},{""unit"":""engineer_vehicle"",""role"":""repair""}]}}"
fortress_bastion,fortress_bastion,,,,,,Assets/MachineBrigade/Resources/Data/balance.json: escorts[8],"{""boss"":""fortress_bastion"",""arrive"":[{""unit"":""tank_destroyer""},{""unit"":""tank_destroyer""},{""unit"":""main_battle_tank""},{""unit"":""heavy_aa"",""role"":""cover""}],""phase"":[{""unit"":""heavy_tank""},{""unit"":""sam_launcher"",""role"":""cover""},{""unit"":""engineer_vehicle"",""role"":""repair""}]}"
fortress_hive,fortress_hive,,,,,,Assets/MachineBrigade/Resources/Data/balance.json: escorts[7],"{""boss"":""fortress_hive"",""arrive"":[{""unit"":""main_battle_tank""},{""unit"":""heavy_aa"",""role"":""cover""},{""unit"":""sam_launcher"",""role"":""cover""}],""phase"":[{""unit"":""fpv_carrier""},{""unit"":""fpv_carrier""},{""unit"":""recon_drone"",""role"":""spot""}]}"
landing_hovercraft,landing_hovercraft,,,,,,Assets/MachineBrigade/Resources/Data/balance.json: escorts[15],"{""boss"":""landing_hovercraft"",""arrive"":[{""unit"":""hover_gunboat""},{""unit"":""hover_gunboat""},{""unit"":""aa_vehicle"",""role"":""cover""},{""unit"":""hover_gunboat"",""role"":""spot""}],""phase"":[{""unit"":""hover_gunboat"",""role"":""spot""}]}"
mega_gunship,mega_gunship,,,,,,Assets/MachineBrigade/Resources/Data/balance.json: escorts[4],"{""boss"":""mega_gunship"",""arrive"":[{""unit"":""attack_helicopter""},{""unit"":""attack_helicopter""},{""unit"":""fighter_jet"",""role"":""cover""},{""unit"":""scout_heli"",""role"":""spot""}],""phase"":[{""unit"":""scout_heli"",""role"":""spot""}]}"
mobile_fortress,mobile_fortress,,,,,,Assets/MachineBrigade/Resources/Data/balance.json: escorts[6],"{""boss"":""mobile_fortress"",""arrive"":[{""unit"":""heavy_tank""},{""unit"":""heavy_tank""},{""unit"":""sam_launcher"",""role"":""cover""},{""unit"":""engineer_vehicle"",""role"":""repair""}],""phase"":[{""unit"":""engineer_vehicle"",""role"":""repair""}]}"
nuke_train,nuke_train,,,,,,Assets/MachineBrigade/Resources/Data/balance.json: escorts[11],"{""boss"":""nuke_train"",""arrive"":[{""unit"":""ifv""},{""unit"":""ifv""},{""unit"":""sam_launcher"",""role"":""cover""},{""unit"":""scout_heli"",""role"":""spot""}],""phase"":[{""unit"":""ifv""},{""unit"":""ifv""},{""unit"":""smoke_carrier"",""role"":""smoke""}]}"
rail_supergun,rail_supergun,,,,,,Assets/MachineBrigade/Resources/Data/balance.json: escorts[12],"{""boss"":""rail_supergun"",""arrive"":[{""unit"":""main_battle_tank""},{""unit"":""main_battle_tank""},{""unit"":""aa_vehicle"",""role"":""cover""},{""unit"":""counter_battery_radar"",""role"":""spot""}],""phase"":[{""unit"":""main_battle_tank""},{""unit"":""main_battle_tank""},{""unit"":""engineer_vehicle"",""role"":""repair""}]}"
silver_bug,silver_bug,0.6;0.25,,,,,Assets/MachineBrigade/Resources/Data/balance.json: escorts[10],"{""boss"":""silver_bug"",""marks"":[0.6,0.25],""arrive"":[{""unit"":""elite_heavy_tank""},{""unit"":""elite_grad""},{""unit"":""recon_drone"",""role"":""spot""},{""unit"":""fighter_jet"",""role"":""cover""},{""unit"":""fighter_jet"",""role"":""cover""}],""phases"":[{""units"":[{""unit"":""elite_fpv_carrier""},{""unit"":""ew_jammer"",""role"":""jam""}]},{""units"":[{""unit"":""elite_attack_helicopter""},{""unit"":""engineer_vehicle"",""role"":""repair""}]}]}"
sky_fortress,sky_fortress,,,,,,Assets/MachineBrigade/Resources/Data/balance.json: escorts[5],"{""boss"":""sky_fortress"",""arrive"":[{""unit"":""fighter_jet"",""role"":""cover""},{""unit"":""fighter_jet"",""role"":""cover""},{""unit"":""fighter_jet"",""role"":""cover""},{""unit"":""recon_drone"",""role"":""spot""}],""phase"":[{""unit"":""fighter_jet"",""role"":""cover""},{""unit"":""fighter_jet"",""role"":""cover""}]}"
supreme_command,supreme_command,0.6,,,,,Assets/MachineBrigade/Resources/Data/balance.json: escorts[16],"{""boss"":""supreme_command"",""marks"":[0.6],""arrive"":[{""unit"":""main_battle_tank"",""elite"":true},{""unit"":""heavy_tank""},{""unit"":""aa_vehicle"",""role"":""cover""}],""phase"":[{""unit"":""main_battle_tank"",""elite"":true},{""unit"":""main_battle_tank"",""elite"":true},{""unit"":""aa_vehicle"",""role"":""cover""}]}"
