id,boss_id,thu_tu,use,affects,armour,at_x_m,at_y_m,at_z_m,attach,break_damage,cadence,fail,fx,hp,id_goc,kind,mounts,node,radio,radius_m,skills,speed_m_s,spread,stops,turn,wreck,nguon,raw_json
armored_train/flak_car,armored_train,4,,,2,0,-6.35,3.2,,,,,,0.1,flak_car,flak,3,,,2.0,,,,,,wreck_stump,Assets/MachineBrigade/Resources/Data/balance.json: vehicles[206].parts[4],"{""id"":""flak_car"",""kind"":""flak"",""hp"":0.1,""armour"":2,""wreck"":""wreck_stump"",""at"":[0,-6.35,3.2],""radius"":2.0,""mounts"":[3]}"
armored_train/gun_car_front,armored_train,1,,,3,0,-3.2,3.7,,,,,,0.12,gun_car_front,maingun,0,Main_cannon|Muzzle_brake,radio.part.maingun,3.0,,,,,,wreck_barrel,Assets/MachineBrigade/Resources/Data/balance.json: vehicles[206].parts[1],"{""id"":""gun_car_front"",""kind"":""maingun"",""hp"":0.12,""armour"":3,""node"":""Main_cannon|Muzzle_brake"",""wreck"":""wreck_barrel"",""at"":[0,-3.2,3.7],""radius"":3.0,""mounts"":[0],""radio"":""radio.part.maingun""}"
armored_train/gun_car_rear,armored_train,2,,,3,0,2.0,3.0,,,,,,0.12,gun_car_rear,maingun,4,,,2.5,,,,,,wreck_stump,Assets/MachineBrigade/Resources/Data/balance.json: vehicles[206].parts[2],"{""id"":""gun_car_rear"",""kind"":""maingun"",""hp"":0.12,""armour"":3,""wreck"":""wreck_stump"",""at"":[0,2.0,3.0],""radius"":2.5,""mounts"":[4]}"
armored_train/locomotive,armored_train,0,,,4,0,7.5,2.5,,,,,,0.12,locomotive,locomotive,,,radio.part.locomotive,3.5,,0.5,,,,wreck_stump,Assets/MachineBrigade/Resources/Data/balance.json: vehicles[206].parts[0],"{""id"":""locomotive"",""kind"":""locomotive"",""hp"":0.12,""armour"":4,""wreck"":""wreck_stump"",""at"":[0,7.5,2.5],""radius"":3.5,""speed"":0.5,""radio"":""radio.part.locomotive""}"
armored_train/mortar_car,armored_train,5,,,2,0,-12.5,2.6,,,,,,0.1,mortar_car,mortar,5,Part_mortar,,2.4,,,,,,wreck_launcher,Assets/MachineBrigade/Resources/Data/balance.json: vehicles[206].parts[5],"{""id"":""mortar_car"",""kind"":""mortar"",""hp"":0.1,""armour"":2,""node"":""Part_mortar"",""wreck"":""wreck_launcher"",""at"":[0,-12.5,2.6],""radius"":2.4,""mounts"":[5]}"
armored_train/rocket_car,armored_train,3,,,2,0,-8.3,3.0,,,,,,0.1,rocket_car,rockets,1,Mount_rocket,,2.2,,,,,,wreck_launcher,Assets/MachineBrigade/Resources/Data/balance.json: vehicles[206].parts[3],"{""id"":""rocket_car"",""kind"":""rockets"",""hp"":0.1,""armour"":2,""node"":""Mount_rocket"",""wreck"":""wreck_launcher"",""at"":[0,-8.3,3.0],""radius"":2.2,""mounts"":[1]}"
behemoth/aps,behemoth,6,,,1,0,0.6,5.2,,,,,,0.07,aps,aps,,,,1.6,,,,aps,,wreck_stump,Assets/MachineBrigade/Resources/Data/balance.json: vehicles[204].parts[6],"{""id"":""aps"",""kind"":""aps"",""hp"":0.07,""armour"":1,""wreck"":""wreck_stump"",""at"":[0,0.6,5.2],""radius"":1.6,""stops"":[""aps""]}"
behemoth/flak_l,behemoth,3,,,2,-0.9,-1.15,4.8,,,,,,0.07,flak_l,flak,3,Mount_mg.001,,1.8,,,,,,wreck_turret,Assets/MachineBrigade/Resources/Data/balance.json: vehicles[204].parts[3],"{""id"":""flak_l"",""kind"":""flak"",""hp"":0.07,""armour"":2,""node"":""Mount_mg.001"",""wreck"":""wreck_turret"",""at"":[-0.9,-1.15,4.8],""radius"":1.8,""mounts"":[3]}"
behemoth/flak_r,behemoth,2,,,2,0.9,-1.15,4.8,,,,,,0.07,flak_r,flak,2,Mount_mg,,1.8,,,,,,wreck_turret,Assets/MachineBrigade/Resources/Data/balance.json: vehicles[204].parts[2],"{""id"":""flak_r"",""kind"":""flak"",""hp"":0.07,""armour"":2,""node"":""Mount_mg"",""wreck"":""wreck_turret"",""at"":[0.9,-1.15,4.8],""radius"":1.8,""mounts"":[2]}"
behemoth/gun_120,behemoth,1,,,3,0,3.45,2.8,,,,,,0.07,gun_120,gun,1;6,Mount_gun,,2.2,,,,,,wreck_turret,Assets/MachineBrigade/Resources/Data/balance.json: vehicles[204].parts[1],"{""id"":""gun_120"",""kind"":""gun"",""hp"":0.07,""armour"":3,""node"":""Mount_gun"",""wreck"":""wreck_turret"",""at"":[0,3.45,2.8],""radius"":2.2,""mounts"":[1,6]}"
behemoth/main_gun,behemoth,0,,,3,0,3.5,4.1,,,,,,0.07,main_gun,maingun,0,Main_cannon|Main_cannon_2|Muzzle_brake|Muzzle_brake_2,radio.part.maingun,3.2,,,,,,wreck_barrel,Assets/MachineBrigade/Resources/Data/balance.json: vehicles[204].parts[0],"{""id"":""main_gun"",""kind"":""maingun"",""hp"":0.07,""armour"":3,""node"":""Main_cannon|Main_cannon_2|Muzzle_brake|Muzzle_brake_2"",""wreck"":""wreck_barrel"",""at"":[0,3.5,4.1],""radius"":3.2,""mounts"":[0],""radio"":""radio.part.maingun""}"
behemoth/missiles_l,behemoth,5,,,2,-2.6,-2.5,2.3,,,,,,0.07,missiles_l,missiles,5,,,2.0,,,,,,wreck_launcher,Assets/MachineBrigade/Resources/Data/balance.json: vehicles[204].parts[5],"{""id"":""missiles_l"",""kind"":""missiles"",""hp"":0.07,""armour"":2,""wreck"":""wreck_launcher"",""at"":[-2.6,-2.5,2.3],""radius"":2.0,""mounts"":[5]}"
behemoth/missiles_r,behemoth,4,,,2,2.6,-2.5,2.3,,,,,,0.07,missiles_r,missiles,4,,,2.0,,,,,,wreck_launcher,Assets/MachineBrigade/Resources/Data/balance.json: vehicles[204].parts[4],"{""id"":""missiles_r"",""kind"":""missiles"",""hp"":0.07,""armour"":2,""wreck"":""wreck_launcher"",""at"":[2.6,-2.5,2.3],""radius"":2.0,""mounts"":[4]}"
behemoth/rocket_pod,behemoth,9,rocket_pod,,,0,-3.8,4.4,,,,,,,rocket_pod,,,Mount_rocket,,,,,,,,,Assets/MachineBrigade/Resources/Data/balance.json: vehicles[204].parts[9],"{""use"":""rocket_pod"",""id"":""rocket_pod"",""node"":""Mount_rocket"",""at"":[0,-3.8,4.4]}"
behemoth/side_gun_l,behemoth,7,side_gun_120,,,-3.4,1.0,2.6,,,,,,,side_gun_l,,,Mount_gun.001,,,,,,,,,Assets/MachineBrigade/Resources/Data/balance.json: vehicles[204].parts[7],"{""use"":""side_gun_120"",""id"":""side_gun_l"",""node"":""Mount_gun.001"",""at"":[-3.4,1.0,2.6]}"
behemoth/side_gun_r,behemoth,8,side_gun_120,,,3.4,1.0,2.6,,,,,,,side_gun_r,,,Mount_gun.002,,,,,,,,,Assets/MachineBrigade/Resources/Data/balance.json: vehicles[204].parts[8],"{""use"":""side_gun_120"",""id"":""side_gun_r"",""node"":""Mount_gun.002"",""at"":[3.4,1.0,2.6]}"
behemoth_inferno/flak,behemoth_inferno,3,,,2,0.9,-1.15,4.8,,,,,,0.1,flak,flak,2,Mount_mg,,1.8,,,,,,wreck_turret,Assets/MachineBrigade/Resources/Data/balance.json: vehicles[212].parts[3],"{""id"":""flak"",""kind"":""flak"",""hp"":0.1,""armour"":2,""node"":""Mount_mg"",""wreck"":""wreck_turret"",""at"":[0.9,-1.15,4.8],""radius"":1.8,""mounts"":[2]}"
behemoth_inferno/flamer_l,behemoth_inferno,1,,,2,-0.62,3.4,4.1,,,,,,0.12,flamer_l,flamer,3,Main_cannon_2|Main_cannon_2_hose|Main_cannon_2_jacket|Muzzle_brake_2|Muzzle_brake_2_glow|Muzzle_brake_2_pilot,,2.2,,,,,,wreck_barrel,Assets/MachineBrigade/Resources/Data/balance.json: vehicles[212].parts[1],"{""id"":""flamer_l"",""kind"":""flamer"",""hp"":0.12,""armour"":2,""node"":""Main_cannon_2|Main_cannon_2_hose|Main_cannon_2_jacket|Muzzle_brake_2|Muzzle_brake_2_glow|Muzzle_brake_2_pilot"",""wreck"":""wreck_barrel"",""at"":[-0.62,3.4,4.1],""radius"":2.2,""mounts"":[3]}"
behemoth_inferno/flamer_r,behemoth_inferno,0,,,2,0.62,3.4,4.1,,,,,,0.12,flamer_r,flamer,0,Main_cannon|Main_cannon_hose|Main_cannon_jacket|Muzzle_brake|Muzzle_brake_glow|Muzzle_brake_pilot,radio.part.maingun,2.2,,,,,,wreck_barrel,Assets/MachineBrigade/Resources/Data/balance.json: vehicles[212].parts[0],"{""id"":""flamer_r"",""kind"":""flamer"",""hp"":0.12,""armour"":2,""node"":""Main_cannon|Main_cannon_hose|Main_cannon_jacket|Muzzle_brake|Muzzle_brake_glow|Muzzle_brake_pilot"",""wreck"":""wreck_barrel"",""at"":[0.62,3.4,4.1],""radius"":2.2,""mounts"":[0],""radio"":""radio.part.maingun""}"
behemoth_inferno/fuel,behemoth_inferno,4,,,1,0,-4.6,2.6,,,,,,0.08,fuel,fuel,,Fuel_tanks|Tank_straps|Tank_hazard,,2.6,,,,trail,,wreck_stump,Assets/MachineBrigade/Resources/Data/balance.json: vehicles[212].parts[4],"{""id"":""fuel"",""kind"":""fuel"",""hp"":0.08,""armour"":1,""node"":""Fuel_tanks|Tank_straps|Tank_hazard"",""wreck"":""wreck_stump"",""at"":[0,-4.6,2.6],""radius"":2.6,""stops"":[""trail""]}"
behemoth_inferno/thermo,behemoth_inferno,2,,,2,0,3.45,2.8,,,,,,0.12,thermo,thermo,1,Mount_rocket,,2.2,,,,,,wreck_launcher,Assets/MachineBrigade/Resources/Data/balance.json: vehicles[212].parts[2],"{""id"":""thermo"",""kind"":""thermo"",""hp"":0.12,""armour"":2,""node"":""Mount_rocket"",""wreck"":""wreck_launcher"",""at"":[0,3.45,2.8],""radius"":2.2,""mounts"":[1]}"
behemoth_tempest/coil_l,behemoth_tempest,1,,,3,-0.9,3.3,2.9,,,,,,0.1,coil_l,coilgun,1,Mount_gun,,1.8,,,,,,wreck_turret,Assets/MachineBrigade/Resources/Data/balance.json: vehicles[213].parts[1],"{""id"":""coil_l"",""kind"":""coilgun"",""hp"":0.1,""armour"":3,""node"":""Mount_gun"",""wreck"":""wreck_turret"",""at"":[-0.9,3.3,2.9],""radius"":1.8,""mounts"":[1]}"
behemoth_tempest/coil_r,behemoth_tempest,2,,,3,0.9,3.3,2.9,,,,,,0.1,coil_r,coilgun,2,Mount_gun.001,,1.8,,,,,,wreck_turret,Assets/MachineBrigade/Resources/Data/balance.json: vehicles[213].parts[2],"{""id"":""coil_r"",""kind"":""coilgun"",""hp"":0.1,""armour"":3,""node"":""Mount_gun.001"",""wreck"":""wreck_turret"",""at"":[0.9,3.3,2.9],""radius"":1.8,""mounts"":[2]}"
behemoth_tempest/interceptor,behemoth_tempest,4,,,1,0,-0.4,4.4,,,,,energy,0.08,interceptor,laser,,Aps_faces|Aps_tubes|Aps_tubes_bore,,2.4,,,,aps,,wreck_stump,Assets/MachineBrigade/Resources/Data/balance.json: vehicles[213].parts[4],"{""id"":""interceptor"",""kind"":""laser"",""hp"":0.08,""armour"":1,""node"":""Aps_faces|Aps_tubes|Aps_tubes_bore"",""wreck"":""wreck_stump"",""at"":[0,-0.4,4.4],""radius"":2.4,""stops"":[""aps""],""fx"":""energy""}"
behemoth_tempest/railgun,behemoth_tempest,0,,,3,0,5.5,4.1,,,,,,0.15,railgun,railgun,0,Main_cannon*,radio.part.maingun,3.2,,,,,,wreck_barrel,Assets/MachineBrigade/Resources/Data/balance.json: vehicles[213].parts[0],"{""id"":""railgun"",""kind"":""railgun"",""hp"":0.15,""armour"":3,""node"":""Main_cannon*"",""wreck"":""wreck_barrel"",""at"":[0,5.5,4.1],""radius"":3.2,""mounts"":[0],""radio"":""radio.part.maingun""}"
behemoth_tempest/shield,behemoth_tempest,3,,,2,0,-3.3,5.9,,,,,,0.12,shield,shield,,Radar,radio.part.shield,2.0,mothership_shield;boss_bulwark,,,,,wreck_stump,Assets/MachineBrigade/Resources/Data/balance.json: vehicles[213].parts[3],"{""id"":""shield"",""kind"":""shield"",""hp"":0.12,""armour"":2,""node"":""Radar"",""wreck"":""wreck_stump"",""at"":[0,-3.3,5.9],""radius"":2.0,""skills"":[""mothership_shield"",""boss_bulwark""],""radio"":""radio.part.shield""}"
caspian/engines,caspian,0,,,2,0,18.0,5.4,,,,,,0.12,engines,engine,,Part_engines,radio.part.engines,3.6,,0.6,,,,wreck_engine,Assets/MachineBrigade/Resources/Data/balance.json: vehicles[234].parts[0],"{""id"":""engines"",""kind"":""engine"",""hp"":0.12,""armour"":2,""node"":""Part_engines"",""wreck"":""wreck_engine"",""at"":[0,18.0,5.4],""radius"":3.6,""speed"":0.6,""radio"":""radio.part.engines""}"
caspian/launcher,caspian,1,,,2,0,-2.0,7.0,,,,,,0.12,launcher,missiles,,Part_launcher,radio.part.antiship,3.0,,,,cruise,,wreck_launcher,Assets/MachineBrigade/Resources/Data/balance.json: vehicles[234].parts[1],"{""id"":""launcher"",""kind"":""missiles"",""hp"":0.12,""armour"":2,""node"":""Part_launcher"",""wreck"":""wreck_launcher"",""at"":[0,-2.0,7.0],""radius"":3.0,""stops"":[""cruise""],""radio"":""radio.part.antiship""}"
caspian/wing_l,caspian,2,,,1,-11.0,0,3.0,,,,,,0.08,wing_l,wing,,Part_wing_l,,4.0,,0.85,,,0.8,wreck_stump,Assets/MachineBrigade/Resources/Data/balance.json: vehicles[234].parts[2],"{""id"":""wing_l"",""kind"":""wing"",""hp"":0.08,""armour"":1,""node"":""Part_wing_l"",""wreck"":""wreck_stump"",""at"":[-11.0,0,3.0],""radius"":4.0,""speed"":0.85,""turn"":0.8}"
caspian/wing_r,caspian,3,,,1,11.0,0,3.0,,,,,,0.08,wing_r,wing,,Part_wing_r,,4.0,,0.85,,,0.8,wreck_stump,Assets/MachineBrigade/Resources/Data/balance.json: vehicles[234].parts[3],"{""id"":""wing_r"",""kind"":""wing"",""hp"":0.08,""armour"":1,""node"":""Part_wing_r"",""wreck"":""wreck_stump"",""at"":[11.0,0,3.0],""radius"":4.0,""speed"":0.85,""turn"":0.8}"
command_airship/bomb_bay,command_airship,7,,,2,0,8.5,-3.0,,0,,,,0.07,bomb_bay,bombbay,4;5,,radio.part.bombbay,3.2,,,,,,wreck_stump,Assets/MachineBrigade/Resources/Data/balance.json: vehicles[219].parts[7],"{""id"":""bomb_bay"",""mounts"":[4,5],""breakDamage"":0,""kind"":""bombbay"",""hp"":0.07,""armour"":2,""wreck"":""wreck_stump"",""at"":[0,8.5,-3.0],""radius"":3.2,""radio"":""radio.part.bombbay""}"
command_airship/engine_fl,command_airship,0,,,2,-14.3,9,1,,0,,,,0.07,engine_fl,engine,,Part_engine,,3.6,,0.85,,,,wreck_engine,Assets/MachineBrigade/Resources/Data/balance.json: vehicles[219].parts[0],"{""id"":""engine_fl"",""breakDamage"":0,""kind"":""engine"",""hp"":0.07,""armour"":2,""node"":""Part_engine"",""wreck"":""wreck_engine"",""at"":[-14.3,9,1],""radius"":3.6,""speed"":0.85}"
command_airship/engine_fr,command_airship,1,,,2,14.3,9,1,,0,,,,0.07,engine_fr,engine,,Part_engine.001,,3.6,,0.85,,,,wreck_engine,Assets/MachineBrigade/Resources/Data/balance.json: vehicles[219].parts[1],"{""id"":""engine_fr"",""breakDamage"":0,""kind"":""engine"",""hp"":0.07,""armour"":2,""node"":""Part_engine.001"",""wreck"":""wreck_engine"",""at"":[14.3,9,1],""radius"":3.6,""speed"":0.85}"
command_airship/engine_rl,command_airship,2,,,2,-14.3,-8,1,,0,,,,0.07,engine_rl,engine,,Part_engine.002,,3.6,,0.85,,,,wreck_engine,Assets/MachineBrigade/Resources/Data/balance.json: vehicles[219].parts[2],"{""id"":""engine_rl"",""breakDamage"":0,""kind"":""engine"",""hp"":0.07,""armour"":2,""node"":""Part_engine.002"",""wreck"":""wreck_engine"",""at"":[-14.3,-8,1],""radius"":3.6,""speed"":0.85}"
command_airship/engine_rr,command_airship,3,,,2,14.3,-8,1,,0,,,,0.07,engine_rr,engine,,Part_engine.003,,3.6,,0.85,,,,wreck_engine,Assets/MachineBrigade/Resources/Data/balance.json: vehicles[219].parts[3],"{""id"":""engine_rr"",""breakDamage"":0,""kind"":""engine"",""hp"":0.07,""armour"":2,""node"":""Part_engine.003"",""wreck"":""wreck_engine"",""at"":[14.3,-8,1],""radius"":3.6,""speed"":0.85}"
command_airship/hangar_l,command_airship,4,,,2,-1.3,-3,-2.2,,0,,,,0.07,hangar_l,hangar,2,Part_hangar,radio.part.bay,3.2,airship_launch_l,,,,,wreck_launcher,Assets/MachineBrigade/Resources/Data/balance.json: vehicles[219].parts[4],"{""id"":""hangar_l"",""breakDamage"":0,""radio"":""radio.part.bay"",""kind"":""hangar"",""hp"":0.07,""armour"":2,""node"":""Part_hangar"",""wreck"":""wreck_launcher"",""at"":[-1.3,-3,-2.2],""radius"":3.2,""mounts"":[2],""skills"":[""airship_launch_l""]}"
command_airship/hangar_r,command_airship,5,,,2,1.3,-3,-2.2,,0,,,,0.07,hangar_r,hangar,3,Part_hangar.001,radio.part.bay,3.2,airship_launch_r,,,,,wreck_launcher,Assets/MachineBrigade/Resources/Data/balance.json: vehicles[219].parts[5],"{""id"":""hangar_r"",""breakDamage"":0,""radio"":""radio.part.bay"",""kind"":""hangar"",""hp"":0.07,""armour"":2,""node"":""Part_hangar.001"",""wreck"":""wreck_launcher"",""at"":[1.3,-3,-2.2],""radius"":3.2,""mounts"":[3],""skills"":[""airship_launch_r""]}"
command_airship/pod_105_l,command_airship,8,pod_105,,,-7.5,0,-3.0,,0,,,,,pod_105_l,,,Mount_gun.002,,,,,,,,,Assets/MachineBrigade/Resources/Data/balance.json: vehicles[219].parts[8],"{""use"":""pod_105"",""id"":""pod_105_l"",""breakDamage"":0,""node"":""Mount_gun.002"",""at"":[-7.5,0,-3.0]}"
command_airship/pod_105_r,command_airship,9,pod_105,,,7.5,0,-3.0,,0,,,,,pod_105_r,,,Mount_gun.003,,,,,,,,,Assets/MachineBrigade/Resources/Data/balance.json: vehicles[219].parts[9],"{""use"":""pod_105"",""id"":""pod_105_r"",""breakDamage"":0,""node"":""Mount_gun.003"",""at"":[7.5,0,-3.0]}"
command_airship/radar,command_airship,6,,0;1,1,0,3.2,6.7,,0,,0.5,,0.07,radar,radar,,Part_radar,,2.6,,,3,,,wreck_stump,Assets/MachineBrigade/Resources/Data/balance.json: vehicles[219].parts[6],"{""id"":""radar"",""breakDamage"":0,""kind"":""radar"",""hp"":0.07,""armour"":1,""node"":""Part_radar"",""wreck"":""wreck_stump"",""at"":[0,3.2,6.7],""radius"":2.6,""spread"":3,""fail"":0.5,""affects"":[0,1]}"
daedalus/engine,daedalus,4,,,2,0,-16.5,0.8,,,,,,0.08,engine,thruster,,Thruster_main,radio.part.mainengine,3.2,,0.8,,,,wreck_stump,Assets/MachineBrigade/Resources/Data/balance.json: vehicles[230].parts[4],"{""id"":""engine"",""kind"":""thruster"",""hp"":0.08,""armour"":2,""node"":""Thruster_main"",""wreck"":""wreck_stump"",""at"":[0,-16.5,0.8],""radius"":3.2,""speed"":0.8,""radio"":""radio.part.mainengine""}"
daedalus/gun_l,daedalus,0,,,2,-2.4,6.0,-1.6,,,,,,0.08,gun_l,gun,0,Mount_gun,,1.6,,,,,,wreck_turret,Assets/MachineBrigade/Resources/Data/balance.json: vehicles[230].parts[0],"{""id"":""gun_l"",""kind"":""gun"",""hp"":0.08,""armour"":2,""node"":""Mount_gun"",""wreck"":""wreck_turret"",""at"":[-2.4,6.0,-1.6],""radius"":1.6,""mounts"":[0]}"
daedalus/gun_r,daedalus,1,gun_30,,,2.4,6.0,-1.6,,,,,,0.08,gun_r,,,Mount_gun.001,,,,,,,,,Assets/MachineBrigade/Resources/Data/balance.json: vehicles[230].parts[1],"{""use"":""gun_30"",""id"":""gun_r"",""hp"":0.08,""node"":""Mount_gun.001"",""at"":[2.4,6.0,-1.6]}"
daedalus/pd_laser_l,daedalus,2,pd_laser,,,-3.4,4.0,2.8,,,,,,,pd_laser_l,,,Pd_laser_l,,,,,,,,,Assets/MachineBrigade/Resources/Data/balance.json: vehicles[230].parts[2],"{""use"":""pd_laser"",""id"":""pd_laser_l"",""node"":""Pd_laser_l"",""at"":[-3.4,4.0,2.8]}"
daedalus/pd_laser_r,daedalus,3,pd_laser,,,3.4,4.0,2.8,,,,,,,pd_laser_r,,,Pd_laser_r,,,,,,,,,Assets/MachineBrigade/Resources/Data/balance.json: vehicles[230].parts[3],"{""use"":""pd_laser"",""id"":""pd_laser_r"",""node"":""Pd_laser_r"",""at"":[3.4,4.0,2.8]}"
daedalus/pod_bay_1,daedalus,5,pod_bay,,,-4.0,-2.0,-2.2,,,,,,,pod_bay_1,,,Pod_bay_1,,,,,,,,,Assets/MachineBrigade/Resources/Data/balance.json: vehicles[230].parts[5],"{""use"":""pod_bay"",""id"":""pod_bay_1"",""node"":""Pod_bay_1"",""at"":[-4.0,-2.0,-2.2]}"
daedalus/pod_bay_2,daedalus,6,pod_bay,,,0,-5.0,-2.4,,,,,,,pod_bay_2,,,Pod_bay_2,,,,,,,,,Assets/MachineBrigade/Resources/Data/balance.json: vehicles[230].parts[6],"{""use"":""pod_bay"",""id"":""pod_bay_2"",""node"":""Pod_bay_2"",""at"":[0,-5.0,-2.4]}"
daedalus/pod_bay_3,daedalus,7,pod_bay,,,4.0,-2.0,-2.2,,,,,,,pod_bay_3,,,Pod_bay_3,,,,,,,,,Assets/MachineBrigade/Resources/Data/balance.json: vehicles[230].parts[7],"{""use"":""pod_bay"",""id"":""pod_bay_3"",""node"":""Pod_bay_3"",""at"":[4.0,-2.0,-2.2]}"
drone_mothership/belly_gun_l,drone_mothership,8,gun_30,,,-2.2,6.0,-5.8,,,,,,,belly_gun_l,,,Mount_gun,,,,,,,,,Assets/MachineBrigade/Resources/Data/balance.json: vehicles[208].parts[8],"{""use"":""gun_30"",""id"":""belly_gun_l"",""node"":""Mount_gun"",""at"":[-2.2,6.0,-5.8]}"
drone_mothership/belly_gun_r,drone_mothership,9,gun_30,,,2.2,6.0,-5.8,,,,,,,belly_gun_r,,,Mount_gun.001,,,,,,,,,Assets/MachineBrigade/Resources/Data/balance.json: vehicles[208].parts[9],"{""use"":""gun_30"",""id"":""belly_gun_r"",""node"":""Mount_gun.001"",""at"":[2.2,6.0,-5.8]}"
drone_mothership/bomb_bay,drone_mothership,7,,,2,0,5.5,-4.8,,,,,,0.06,bomb_bay,bombbay,,,radio.part.bombbay,2.8,,,,,,wreck_stump,Assets/MachineBrigade/Resources/Data/balance.json: vehicles[208].parts[7],"{""id"":""bomb_bay"",""kind"":""bombbay"",""hp"":0.06,""armour"":2,""wreck"":""wreck_stump"",""at"":[0,5.5,-4.8],""radius"":2.8,""radio"":""radio.part.bombbay""}"
drone_mothership/cannon_bow,drone_mothership,0,,,2,0,10.8,-3.6,,,,,,0.06,cannon_bow,maingun,0,Turret,radio.part.maingun,2.0,,,,,,wreck_turret,Assets/MachineBrigade/Resources/Data/balance.json: vehicles[208].parts[0],"{""id"":""cannon_bow"",""kind"":""maingun"",""hp"":0.06,""armour"":2,""node"":""Turret"",""wreck"":""wreck_turret"",""at"":[0,10.8,-3.6],""radius"":2.0,""mounts"":[0],""radio"":""radio.part.maingun""}"
drone_mothership/cannon_gondola,drone_mothership,1,,,2,0,2.2,-5.4,,,,,,0.06,cannon_gondola,gun,4,Mount_main.001,,2.0,,,,,,wreck_turret,Assets/MachineBrigade/Resources/Data/balance.json: vehicles[208].parts[1],"{""id"":""cannon_gondola"",""kind"":""gun"",""hp"":0.06,""armour"":2,""node"":""Mount_main.001"",""wreck"":""wreck_turret"",""at"":[0,2.2,-5.4],""radius"":2.0,""mounts"":[4]}"
drone_mothership/drone_bay,drone_mothership,2,,,2,0,-2.3,-4.6,,,,,,0.06,drone_bay,bay,1,,radio.part.bay,3.0,,,,,,wreck_stump,Assets/MachineBrigade/Resources/Data/balance.json: vehicles[208].parts[2],"{""id"":""drone_bay"",""kind"":""bay"",""hp"":0.06,""armour"":2,""wreck"":""wreck_stump"",""at"":[0,-2.3,-4.6],""radius"":3.0,""mounts"":[1],""radio"":""radio.part.bay""}"
drone_mothership/drone_bay_2,drone_mothership,10,drone_bay,,,0,-6.0,-4.4,,,,,,,drone_bay_2,,,Mount_missile.001,,,,,,,,,Assets/MachineBrigade/Resources/Data/balance.json: vehicles[208].parts[10],"{""use"":""drone_bay"",""id"":""drone_bay_2"",""node"":""Mount_missile.001"",""at"":[0,-6.0,-4.4]}"
drone_mothership/flak_rear,drone_mothership,5,,,2,0,-3.4,3.9,,,,,,0.06,flak_rear,flak,3,Mount_mg.001,,1.8,,,,,,wreck_turret,Assets/MachineBrigade/Resources/Data/balance.json: vehicles[208].parts[5],"{""id"":""flak_rear"",""kind"":""flak"",""hp"":0.06,""armour"":2,""node"":""Mount_mg.001"",""wreck"":""wreck_turret"",""at"":[0,-3.4,3.9],""radius"":1.8,""mounts"":[3]}"
drone_mothership/flak_top,drone_mothership,4,,,2,0,4.8,4.1,,,,,,0.06,flak_top,flak,2,Mount_mg,,1.8,,,,,,wreck_turret,Assets/MachineBrigade/Resources/Data/balance.json: vehicles[208].parts[4],"{""id"":""flak_top"",""kind"":""flak"",""hp"":0.06,""armour"":2,""node"":""Mount_mg"",""wreck"":""wreck_turret"",""at"":[0,4.8,4.1],""radius"":1.8,""mounts"":[2]}"
drone_mothership/shield,drone_mothership,6,,,2,0,-2.35,5.2,,,,,,0.06,shield,shield,,,radio.part.shield,2.5,mothership_shield,,,,,wreck_stump,Assets/MachineBrigade/Resources/Data/balance.json: vehicles[208].parts[6],"{""id"":""shield"",""kind"":""shield"",""hp"":0.06,""armour"":2,""wreck"":""wreck_stump"",""at"":[0,-2.35,5.2],""radius"":2.5,""skills"":[""mothership_shield""],""radio"":""radio.part.shield""}"
drone_mothership/uav_bay,drone_mothership,3,,,1,0,-8.5,-3.5,,,,,,0.06,uav_bay,uav,5,,,2.5,mothership_launch,,,,,wreck_stump,Assets/MachineBrigade/Resources/Data/balance.json: vehicles[208].parts[3],"{""id"":""uav_bay"",""mounts"":[5],""kind"":""uav"",""hp"":0.06,""armour"":1,""wreck"":""wreck_stump"",""at"":[0,-8.5,-3.5],""radius"":2.5,""skills"":[""mothership_launch""]}"
earth_borer/drill,earth_borer,0,,,4,0,6.8,3.3,,,,,,0.14,drill,drill,0,Part_drill,radio.part.drill,3.0,,,,burrow,,wreck_stump,Assets/MachineBrigade/Resources/Data/balance.json: vehicles[218].parts[0],"{""id"":""drill"",""kind"":""drill"",""hp"":0.14,""armour"":4,""node"":""Part_drill"",""wreck"":""wreck_stump"",""at"":[0,6.8,3.3],""radius"":3.0,""mounts"":[0],""stops"":[""burrow""],""radio"":""radio.part.drill""}"
earth_borer/engine,earth_borer,3,,,3,0,-7.3,4.9,,,,,,0.1,engine,engine,,Part_engine,,2.5,,0.7,,,,wreck_engine,Assets/MachineBrigade/Resources/Data/balance.json: vehicles[218].parts[3],"{""id"":""engine"",""kind"":""engine"",""hp"":0.1,""armour"":3,""node"":""Part_engine"",""wreck"":""wreck_engine"",""at"":[0,-7.3,4.9],""radius"":2.5,""speed"":0.7}"
earth_borer/gun_l,earth_borer,1,,,3,-1.3,0.2,5.6,,,,,,0.1,gun_l,gun,1,Part_gun,,1.8,,,,,,wreck_turret,Assets/MachineBrigade/Resources/Data/balance.json: vehicles[218].parts[1],"{""id"":""gun_l"",""kind"":""gun"",""hp"":0.1,""armour"":3,""node"":""Part_gun"",""wreck"":""wreck_turret"",""at"":[-1.3,0.2,5.6],""radius"":1.8,""mounts"":[1]}"
earth_borer/gun_r,earth_borer,2,,,3,1.3,-3.2,5.6,,,,,,0.1,gun_r,gun,2,Part_gun.001,,1.8,,,,,,wreck_turret,Assets/MachineBrigade/Resources/Data/balance.json: vehicles[218].parts[2],"{""id"":""gun_r"",""kind"":""gun"",""hp"":0.1,""armour"":3,""node"":""Part_gun.001"",""wreck"":""wreck_turret"",""at"":[1.3,-3.2,5.6],""radius"":1.8,""mounts"":[2]}"
fortress_bastion/casemate,fortress_bastion,6,casemate_155,,,0,7.6,3.2,,,,,,,casemate,,,Mount_gun.004,,,,,,,,,Assets/MachineBrigade/Resources/Data/balance.json: vehicles[215].parts[6],"{""use"":""casemate_155"",""id"":""casemate"",""node"":""Mount_gun.004"",""at"":[0,7.6,3.2]}"
fortress_bastion/kornet,fortress_bastion,5,,,2,-0.85,-3.75,6.3,,,,,,0.07,kornet,missiles,5,Part_missile,,1.8,,,,,,wreck_launcher,Assets/MachineBrigade/Resources/Data/balance.json: vehicles[215].parts[5],"{""id"":""kornet"",""kind"":""missiles"",""hp"":0.07,""armour"":2,""node"":""Part_missile"",""wreck"":""wreck_launcher"",""at"":[-0.85,-3.75,6.3],""radius"":1.8,""mounts"":[5]}"
fortress_bastion/mortar,fortress_bastion,0,,,3,0,-0.5,7.5,,,,,,0.1,mortar,mortar,0,Main_cannon*,radio.part.maingun,2.8,fortress_barrage,,,,,wreck_barrel,Assets/MachineBrigade/Resources/Data/balance.json: vehicles[215].parts[0],"{""id"":""mortar"",""kind"":""mortar"",""hp"":0.1,""armour"":3,""node"":""Main_cannon*"",""wreck"":""wreck_barrel"",""at"":[0,-0.5,7.5],""radius"":2.8,""mounts"":[0],""skills"":[""fortress_barrage""],""radio"":""radio.part.maingun""}"
fortress_bastion/turret_fl,fortress_bastion,1,,,3,-3.2,6.0,4.7,,,,,,0.07,turret_fl,turret,1,Mount_gun,,1.8,,,,,,wreck_turret,Assets/MachineBrigade/Resources/Data/balance.json: vehicles[215].parts[1],"{""id"":""turret_fl"",""kind"":""turret"",""hp"":0.07,""armour"":3,""node"":""Mount_gun"",""wreck"":""wreck_turret"",""at"":[-3.2,6.0,4.7],""radius"":1.8,""mounts"":[1]}"
fortress_bastion/turret_fr,fortress_bastion,2,,,3,3.2,6.0,4.7,,,,,,0.07,turret_fr,turret,2,Mount_gun.001,,1.8,,,,,,wreck_turret,Assets/MachineBrigade/Resources/Data/balance.json: vehicles[215].parts[2],"{""id"":""turret_fr"",""kind"":""turret"",""hp"":0.07,""armour"":3,""node"":""Mount_gun.001"",""wreck"":""wreck_turret"",""at"":[3.2,6.0,4.7],""radius"":1.8,""mounts"":[2]}"
fortress_bastion/turret_rl,fortress_bastion,3,,,3,-2.6,-6.25,4.7,,,,,,0.07,turret_rl,turret,3;6,Mount_gun.002,,1.8,,,,,,wreck_turret,Assets/MachineBrigade/Resources/Data/balance.json: vehicles[215].parts[3],"{""id"":""turret_rl"",""kind"":""turret"",""hp"":0.07,""armour"":3,""node"":""Mount_gun.002"",""wreck"":""wreck_turret"",""at"":[-2.6,-6.25,4.7],""radius"":1.8,""mounts"":[3,6]}"
fortress_bastion/turret_rr,fortress_bastion,4,,,3,2.6,-6.25,4.7,,,,,,0.07,turret_rr,turret,4;7,Mount_gun.003,,1.8,,,,,,wreck_turret,Assets/MachineBrigade/Resources/Data/balance.json: vehicles[215].parts[4],"{""id"":""turret_rr"",""kind"":""turret"",""hp"":0.07,""armour"":3,""node"":""Mount_gun.003"",""wreck"":""wreck_turret"",""at"":[2.6,-6.25,4.7],""radius"":1.8,""mounts"":[4,7]}"
fortress_bastion/zu23_l,fortress_bastion,7,zu23,,,-3.9,-1.5,5.2,,,,,,,zu23_l,,,Mount_mg,,,,,,,,,Assets/MachineBrigade/Resources/Data/balance.json: vehicles[215].parts[7],"{""use"":""zu23"",""id"":""zu23_l"",""node"":""Mount_mg"",""at"":[-3.9,-1.5,5.2]}"
fortress_bastion/zu23_r,fortress_bastion,8,zu23,,,3.9,-1.5,5.2,,,,,,,zu23_r,,,Mount_mg.001,,,,,,,,,Assets/MachineBrigade/Resources/Data/balance.json: vehicles[215].parts[8],"{""use"":""zu23"",""id"":""zu23_r"",""node"":""Mount_mg.001"",""at"":[3.9,-1.5,5.2]}"
fortress_hive/emp,fortress_hive,5,,,1,0,-1.0,7.4,,,,,,0.1,emp,emp,,,,2.2,boss_emp,,,,,wreck_stump,Assets/MachineBrigade/Resources/Data/balance.json: vehicles[214].parts[5],"{""id"":""emp"",""kind"":""emp"",""hp"":0.1,""armour"":1,""wreck"":""wreck_stump"",""at"":[0,-1.0,7.4],""radius"":2.2,""skills"":[""boss_emp""]}"
fortress_hive/flak_l,fortress_hive,3,,,2,-3.2,6.0,4.6,,,,,,0.08,flak_l,flak,3,Mount_mg,,1.8,,,,,,wreck_turret,Assets/MachineBrigade/Resources/Data/balance.json: vehicles[214].parts[3],"{""id"":""flak_l"",""kind"":""flak"",""hp"":0.08,""armour"":2,""node"":""Mount_mg"",""wreck"":""wreck_turret"",""at"":[-3.2,6.0,4.6],""radius"":1.8,""mounts"":[3]}"
fortress_hive/flak_r,fortress_hive,4,,,2,3.2,6.0,4.6,,,,,,0.08,flak_r,flak,4,Mount_mg.001,,1.8,,,,,,wreck_turret,Assets/MachineBrigade/Resources/Data/balance.json: vehicles[214].parts[4],"{""id"":""flak_r"",""kind"":""flak"",""hp"":0.08,""armour"":2,""node"":""Mount_mg.001"",""wreck"":""wreck_turret"",""at"":[3.2,6.0,4.6],""radius"":1.8,""mounts"":[4]}"
fortress_hive/jammer,fortress_hive,6,,,1,0,3.0,6.6,,,,,energy,0.08,jammer,ew,,,,2.2,,,,jammer,,wreck_stump,Assets/MachineBrigade/Resources/Data/balance.json: vehicles[214].parts[6],"{""id"":""jammer"",""kind"":""ew"",""hp"":0.08,""armour"":1,""wreck"":""wreck_stump"",""at"":[0,3.0,6.6],""radius"":2.2,""stops"":[""jammer""],""fx"":""energy""}"
fortress_hive/rack_l,fortress_hive,0,,,2,-1.85,-6.15,4.6,,,,,,0.12,rack_l,launcher,0,Mount_missile,radio.part.bay,2.0,mothership_launch,,,,,wreck_launcher,Assets/MachineBrigade/Resources/Data/balance.json: vehicles[214].parts[0],"{""id"":""rack_l"",""kind"":""launcher"",""hp"":0.12,""armour"":2,""node"":""Mount_missile"",""wreck"":""wreck_launcher"",""at"":[-1.85,-6.15,4.6],""radius"":2.0,""mounts"":[0],""skills"":[""mothership_launch""],""radio"":""radio.part.bay""}"
fortress_hive/rack_r,fortress_hive,1,,,2,1.85,-6.15,4.6,,,,,,0.12,rack_r,launcher,1,Mount_missile.001,radio.part.bay,2.0,mothership_launch,,,,,wreck_launcher,Assets/MachineBrigade/Resources/Data/balance.json: vehicles[214].parts[1],"{""id"":""rack_r"",""kind"":""launcher"",""hp"":0.12,""armour"":2,""node"":""Mount_missile.001"",""wreck"":""wreck_launcher"",""at"":[1.85,-6.15,4.6],""radius"":2.0,""mounts"":[1],""skills"":[""mothership_launch""],""radio"":""radio.part.bay""}"
fortress_hive/sam,fortress_hive,2,,,2,0,-3.6,5.7,,,,,,0.1,sam,sam,2,Mount_rocket,,2.0,,,,,,wreck_launcher,Assets/MachineBrigade/Resources/Data/balance.json: vehicles[214].parts[2],"{""id"":""sam"",""kind"":""sam"",""hp"":0.1,""armour"":2,""node"":""Mount_rocket"",""wreck"":""wreck_launcher"",""at"":[0,-3.6,5.7],""radius"":2.0,""mounts"":[2]}"
ixion/cab,ixion,7,,,2,-3.6,9.5,5,,,,,,0.08,cab,cab,1;2,Part_cab,,3,,,,,,wreck_stump,Assets/MachineBrigade/Resources/Data/balance.json: vehicles[233].parts[7],"{""id"":""cab"",""kind"":""cab"",""node"":""Part_cab"",""hp"":0.08,""armour"":2,""wreck"":""wreck_stump"",""at"":[-3.6,9.5,5],""radius"":3,""mounts"":[1,2]}"
ixion/gun,ixion,6,,,3,0,-1.5,6.5,,,,,,0.12,gun,hulltower,0,Turret,,3.2,,,,,,wreck_turret,Assets/MachineBrigade/Resources/Data/balance.json: vehicles[233].parts[6],"{""id"":""gun"",""kind"":""hulltower"",""hp"":0.12,""armour"":3,""node"":""Turret"",""wreck"":""wreck_turret"",""at"":[0,-1.5,6.5],""radius"":3.2,""mounts"":[0]}"
ixion/rear_l1,ixion,2,,,1,-5.4,-3,1.8,,,,,,0.035,rear_l1,reartyre,,Part_tyre,,2.6,,0.9,,,0.9,wreck_stump,Assets/MachineBrigade/Resources/Data/balance.json: vehicles[233].parts[2],"{""id"":""rear_l1"",""kind"":""reartyre"",""node"":""Part_tyre"",""hp"":0.035,""armour"":1,""wreck"":""wreck_stump"",""at"":[-5.4,-3,1.8],""radius"":2.6,""speed"":0.9,""turn"":0.9}"
ixion/rear_l2,ixion,4,,,1,-5.4,-9,1.8,,,,,,0.035,rear_l2,reartyre,,Part_tyre.002,,2.6,,0.9,,,0.9,wreck_stump,Assets/MachineBrigade/Resources/Data/balance.json: vehicles[233].parts[4],"{""id"":""rear_l2"",""kind"":""reartyre"",""node"":""Part_tyre.002"",""hp"":0.035,""armour"":1,""wreck"":""wreck_stump"",""at"":[-5.4,-9,1.8],""radius"":2.6,""speed"":0.9,""turn"":0.9}"
ixion/rear_r1,ixion,3,,,1,5.4,-3,1.8,,,,,,0.035,rear_r1,reartyre,,Part_tyre.001,,2.6,,0.9,,,0.9,wreck_stump,Assets/MachineBrigade/Resources/Data/balance.json: vehicles[233].parts[3],"{""id"":""rear_r1"",""kind"":""reartyre"",""node"":""Part_tyre.001"",""hp"":0.035,""armour"":1,""wreck"":""wreck_stump"",""at"":[5.4,-3,1.8],""radius"":2.6,""speed"":0.9,""turn"":0.9}"
ixion/rear_r2,ixion,5,,,1,5.4,-9,1.8,,,,,,0.035,rear_r2,reartyre,,Part_tyre.003,,2.6,,0.9,,,0.9,wreck_stump,Assets/MachineBrigade/Resources/Data/balance.json: vehicles[233].parts[5],"{""id"":""rear_r2"",""kind"":""reartyre"",""node"":""Part_tyre.003"",""hp"":0.035,""armour"":1,""wreck"":""wreck_stump"",""at"":[5.4,-9,1.8],""radius"":2.6,""speed"":0.9,""turn"":0.9}"
ixion/wheel_l,ixion,0,,,3,-5.4,8.5,1.8,,,,,,0.07,wheel_l,wheel,,Part_wheel,radio.part.wheel,2.8,,0.6,,,0.5,wreck_engine,Assets/MachineBrigade/Resources/Data/balance.json: vehicles[233].parts[0],"{""id"":""wheel_l"",""kind"":""wheel"",""node"":""Part_wheel"",""hp"":0.07,""armour"":3,""wreck"":""wreck_engine"",""at"":[-5.4,8.5,1.8],""radius"":2.8,""speed"":0.6,""turn"":0.5,""radio"":""radio.part.wheel""}"
ixion/wheel_r,ixion,1,,,3,5.4,8.5,1.8,,,,,,0.07,wheel_r,wheel,,Part_wheel.001,radio.part.wheel,2.8,,0.6,,,0.5,wreck_engine,Assets/MachineBrigade/Resources/Data/balance.json: vehicles[233].parts[1],"{""id"":""wheel_r"",""kind"":""wheel"",""node"":""Part_wheel.001"",""hp"":0.07,""armour"":3,""wreck"":""wreck_engine"",""at"":[5.4,8.5,1.8],""radius"":2.8,""speed"":0.6,""turn"":0.5,""radio"":""radio.part.wheel""}"
kronos/boom,kronos,1,,,3,0,13.0,10.0,,,,,,0.07,boom,boom,,Part_boom,radio.part.boom,3.4,,,,,,wreck_barrel,Assets/MachineBrigade/Resources/Data/balance.json: vehicles[231].parts[1],"{""id"":""boom"",""kind"":""boom"",""hp"":0.07,""armour"":3,""node"":""Part_boom"",""wreck"":""wreck_barrel"",""at"":[0,13.0,10.0],""radius"":3.4,""radio"":""radio.part.boom""}"
kronos/bucket_wheel,kronos,0,,,4,0,22.0,9.0,,,,,,0.07,bucket_wheel,bucketwheel,3,Part_wheel,radio.part.bucketwheel,6.0,,,,crush,,wreck_stump,Assets/MachineBrigade/Resources/Data/balance.json: vehicles[231].parts[0],"{""id"":""bucket_wheel"",""mounts"":[3],""kind"":""bucketwheel"",""hp"":0.07,""armour"":4,""node"":""Part_wheel"",""wreck"":""wreck_stump"",""at"":[0,22.0,9.0],""radius"":6.0,""stops"":[""crush""],""radio"":""radio.part.bucketwheel""}"
kronos/cab,kronos,6,,,3,3.0,4.0,11.0,,,,,,0.07,cab,cab,,Part_cab,radio.part.cab,2.4,,,,,0.6,wreck_stump,Assets/MachineBrigade/Resources/Data/balance.json: vehicles[231].parts[6],"{""id"":""cab"",""kind"":""cab"",""hp"":0.07,""armour"":3,""node"":""Part_cab"",""wreck"":""wreck_stump"",""at"":[3.0,4.0,11.0],""radius"":2.4,""turn"":0.6,""radio"":""radio.part.cab""}"
kronos/gun_l,kronos,7,gun_30,,,-4.0,-2.0,9.4,,,,,,0.07,gun_l,,0,Turret,,,,,,,,,Assets/MachineBrigade/Resources/Data/balance.json: vehicles[231].parts[7],"{""use"":""gun_30"",""id"":""gun_l"",""hp"":0.07,""mounts"":[0],""node"":""Turret"",""at"":[-4.0,-2.0,9.4]}"
kronos/gun_r,kronos,8,gun_30,,,4.0,-2.0,9.4,,,,,,0.07,gun_r,,,Mount_gun,,,,,,,,,Assets/MachineBrigade/Resources/Data/balance.json: vehicles[231].parts[8],"{""use"":""gun_30"",""id"":""gun_r"",""hp"":0.07,""node"":""Mount_gun"",""at"":[4.0,-2.0,9.4]}"
kronos/rockets,kronos,9,rocket_pod,,,0,-9.0,8.6,,,,,,,rockets,,,Mount_rocket,,,,,,,,,Assets/MachineBrigade/Resources/Data/balance.json: vehicles[231].parts[9],"{""use"":""rocket_pod"",""id"":""rockets"",""node"":""Mount_rocket"",""at"":[0,-9.0,8.6]}"
kronos/track_fl,kronos,2,tracks,,2,-6.5,8.0,1.6,,,,,,,track_fl,,,Part_track_fl,,,,,,,,,Assets/MachineBrigade/Resources/Data/balance.json: vehicles[231].parts[2],"{""use"":""tracks"",""id"":""track_fl"",""node"":""Part_track_fl"",""at"":[-6.5,8.0,1.6],""armour"":2}"
kronos/track_fr,kronos,3,tracks,,2,6.5,8.0,1.6,,,,,,,track_fr,,,Part_track_fr,,,,,,,,,Assets/MachineBrigade/Resources/Data/balance.json: vehicles[231].parts[3],"{""use"":""tracks"",""id"":""track_fr"",""node"":""Part_track_fr"",""at"":[6.5,8.0,1.6],""armour"":2}"
kronos/track_rl,kronos,4,tracks,,2,-6.5,-8.0,1.6,,,,,,,track_rl,,,Part_track_rl,,,,,,,,,Assets/MachineBrigade/Resources/Data/balance.json: vehicles[231].parts[4],"{""use"":""tracks"",""id"":""track_rl"",""node"":""Part_track_rl"",""at"":[-6.5,-8.0,1.6],""armour"":2}"
kronos/track_rr,kronos,5,tracks,,2,6.5,-8.0,1.6,,,,,,,track_rr,,,Part_track_rr,,,,,,,,,Assets/MachineBrigade/Resources/Data/balance.json: vehicles[231].parts[5],"{""use"":""tracks"",""id"":""track_rr"",""node"":""Part_track_rr"",""at"":[6.5,-8.0,1.6],""armour"":2}"
landing_hovercraft/ciws_l,landing_hovercraft,5,,,2,-5.3,-3.7,4.8,,,,,,0.07,ciws_l,ciws,2,Part_mg,,1.8,,,,aps,,wreck_turret,Assets/MachineBrigade/Resources/Data/balance.json: vehicles[220].parts[5],"{""id"":""ciws_l"",""kind"":""ciws"",""hp"":0.07,""armour"":2,""node"":""Part_mg"",""wreck"":""wreck_turret"",""at"":[-5.3,-3.7,4.8],""radius"":1.8,""mounts"":[2],""stops"":[""aps""]}"
landing_hovercraft/ciws_r,landing_hovercraft,6,,,2,5.3,-3.7,4.8,,,,,,0.07,ciws_r,ciws,3,Part_mg.001,,1.8,,,,aps,,wreck_turret,Assets/MachineBrigade/Resources/Data/balance.json: vehicles[220].parts[6],"{""id"":""ciws_r"",""kind"":""ciws"",""hp"":0.07,""armour"":2,""node"":""Part_mg.001"",""wreck"":""wreck_turret"",""at"":[5.3,-3.7,4.8],""radius"":1.8,""mounts"":[3],""stops"":[""aps""]}"
landing_hovercraft/fan_l,landing_hovercraft,1,,,1,-5.3,-10.9,6.5,,,,,,0.07,fan_l,fan,,Part_fan,,3.0,,0.7,,,,wreck_engine,Assets/MachineBrigade/Resources/Data/balance.json: vehicles[220].parts[1],"{""id"":""fan_l"",""kind"":""fan"",""hp"":0.07,""armour"":1,""node"":""Part_fan"",""wreck"":""wreck_engine"",""at"":[-5.3,-10.9,6.5],""radius"":3.0,""speed"":0.7}"
landing_hovercraft/fan_r,landing_hovercraft,2,,,1,5.3,-10.9,6.5,,,,,,0.07,fan_r,fan,,Part_fan.001,,3.0,,0.7,,,,wreck_engine,Assets/MachineBrigade/Resources/Data/balance.json: vehicles[220].parts[2],"{""id"":""fan_r"",""kind"":""fan"",""hp"":0.07,""armour"":1,""node"":""Part_fan.001"",""wreck"":""wreck_engine"",""at"":[5.3,-10.9,6.5],""radius"":3.0,""speed"":0.7}"
landing_hovercraft/gun_l,landing_hovercraft,3,,,3,-5.3,6.4,4.3,,,,,,0.07,gun_l,gun,0,Part_gun,,1.8,,,,,,wreck_turret,Assets/MachineBrigade/Resources/Data/balance.json: vehicles[220].parts[3],"{""id"":""gun_l"",""kind"":""gun"",""hp"":0.07,""armour"":3,""node"":""Part_gun"",""wreck"":""wreck_turret"",""at"":[-5.3,6.4,4.3],""radius"":1.8,""mounts"":[0]}"
landing_hovercraft/gun_r,landing_hovercraft,4,,,3,5.3,3.0,4.3,,,,,,0.07,gun_r,gun,1,Part_gun.001,,1.8,,,,,,wreck_turret,Assets/MachineBrigade/Resources/Data/balance.json: vehicles[220].parts[4],"{""id"":""gun_r"",""kind"":""gun"",""hp"":0.07,""armour"":3,""node"":""Part_gun.001"",""wreck"":""wreck_turret"",""at"":[5.3,3.0,4.3],""radius"":1.8,""mounts"":[1]}"
landing_hovercraft/ramp,landing_hovercraft,0,,,3,0,12.5,2.3,,,,,,0.12,ramp,ramp,,Part_ramp,radio.part.ramp,3.0,,,,landing,,wreck_stump,Assets/MachineBrigade/Resources/Data/balance.json: vehicles[220].parts[0],"{""id"":""ramp"",""kind"":""ramp"",""hp"":0.12,""armour"":3,""node"":""Part_ramp"",""wreck"":""wreck_stump"",""at"":[0,12.5,2.3],""radius"":3.0,""stops"":[""landing""],""radio"":""radio.part.ramp""}"
landing_hovercraft/rockets_l,landing_hovercraft,7,,,2,-5.3,11.2,4.6,,,,,,0.07,rockets_l,rockets,4,Part_rocket,,1.8,,,,,,wreck_launcher,Assets/MachineBrigade/Resources/Data/balance.json: vehicles[220].parts[7],"{""id"":""rockets_l"",""kind"":""rockets"",""hp"":0.07,""armour"":2,""node"":""Part_rocket"",""wreck"":""wreck_launcher"",""at"":[-5.3,11.2,4.6],""radius"":1.8,""mounts"":[4]}"
landing_hovercraft/rockets_r,landing_hovercraft,8,,,2,5.3,11.2,4.6,,,,,,0.07,rockets_r,rockets,5,Part_rocket.001,,1.8,,,,,,wreck_launcher,Assets/MachineBrigade/Resources/Data/balance.json: vehicles[220].parts[8],"{""id"":""rockets_r"",""kind"":""rockets"",""hp"":0.07,""armour"":2,""node"":""Part_rocket.001"",""wreck"":""wreck_launcher"",""at"":[5.3,11.2,4.6],""radius"":1.8,""mounts"":[5]}"
leviathan/aa_port,leviathan,6,,,1,-6.1,-4.5,4.6,,,,,,0.05,aa_port,flak,7;8;9;10,Part_aa_l,,5.0,,,,,,wreck_turret,Assets/MachineBrigade/Resources/Data/balance.json: vehicles[223].parts[6],"{""id"":""aa_port"",""kind"":""flak"",""hp"":0.05,""armour"":1,""node"":""Part_aa_l"",""wreck"":""wreck_turret"",""at"":[-6.1,-4.5,4.6],""radius"":5.0,""mounts"":[7,8,9,10]}"
leviathan/aa_starboard,leviathan,7,,,1,6.1,-4.5,4.6,,,,,,0.05,aa_starboard,flak,11;12;13;14,Part_aa_r,,5.0,,,,,,wreck_turret,Assets/MachineBrigade/Resources/Data/balance.json: vehicles[223].parts[7],"{""id"":""aa_starboard"",""kind"":""flak"",""hp"":0.05,""armour"":1,""node"":""Part_aa_r"",""wreck"":""wreck_turret"",""at"":[6.1,-4.5,4.6],""radius"":5.0,""mounts"":[11,12,13,14]}"
leviathan/ciws_aft,leviathan,9,,,2,-2.1,-16.5,6.9,,,,,,0.05,ciws_aft,ciws,6,Part_mg.001,radio.part.ciws,1.8,,,,aps,,wreck_turret,Assets/MachineBrigade/Resources/Data/balance.json: vehicles[223].parts[9],"{""id"":""ciws_aft"",""kind"":""ciws"",""hp"":0.05,""armour"":2,""node"":""Part_mg.001"",""wreck"":""wreck_turret"",""at"":[-2.1,-16.5,6.9],""radius"":1.8,""mounts"":[6],""stops"":[""aps""],""radio"":""radio.part.ciws""}"
leviathan/ciws_fore,leviathan,8,,,2,3.4,3.4,9.9,,,,,,0.05,ciws_fore,ciws,5,Part_mg,,1.8,,,,aps,,wreck_turret,Assets/MachineBrigade/Resources/Data/balance.json: vehicles[223].parts[8],"{""id"":""ciws_fore"",""kind"":""ciws"",""hp"":0.05,""armour"":2,""node"":""Part_mg"",""wreck"":""wreck_turret"",""at"":[3.4,3.4,9.9],""radius"":1.8,""mounts"":[5],""stops"":[""aps""]}"
leviathan/flight_deck,leviathan,11,,,2,0,-36.0,3.9,,,,,,0.05,flight_deck,flightdeck,,Part_deck,radio.part.flightdeck,5.5,leviathan_helos,,,,,wreck_stump,Assets/MachineBrigade/Resources/Data/balance.json: vehicles[223].parts[11],"{""id"":""flight_deck"",""kind"":""flightdeck"",""hp"":0.05,""armour"":2,""node"":""Part_deck"",""wreck"":""wreck_stump"",""at"":[0,-36.0,3.9],""radius"":5.5,""skills"":[""leviathan_helos""],""radio"":""radio.part.flightdeck""}"
leviathan/machinery,leviathan,13,,,3,0,-8.5,11.5,,,,,,0.05,machinery,engine,,Part_engine,radio.part.machinery,3.2,,0.65,,,,wreck_engine,Assets/MachineBrigade/Resources/Data/balance.json: vehicles[223].parts[13],"{""id"":""machinery"",""kind"":""engine"",""hp"":0.05,""armour"":3,""node"":""Part_engine"",""wreck"":""wreck_engine"",""at"":[0,-8.5,11.5],""radius"":3.2,""speed"":0.65,""radio"":""radio.part.machinery""}"
leviathan/radar,leviathan,10,,5;6,1,0,1.0,19.5,,,,,energy,0.05,radar,radar,15,Part_radar,radio.part.radar,2.6,,,2,radar,,wreck_stump,Assets/MachineBrigade/Resources/Data/balance.json: vehicles[223].parts[10],"{""id"":""radar"",""mounts"":[15],""kind"":""radar"",""hp"":0.05,""armour"":1,""node"":""Part_radar"",""wreck"":""wreck_stump"",""at"":[0,1.0,19.5],""radius"":2.6,""stops"":[""radar""],""spread"":2,""affects"":[5,6],""fx"":""energy"",""radio"":""radio.part.radar""}"
leviathan/sec_aft,leviathan,4,,,2,0,-19.8,7.7,,,,,,0.05,sec_aft,gun,4,Part_sec_a,,2.4,,,,,,wreck_turret,Assets/MachineBrigade/Resources/Data/balance.json: vehicles[223].parts[4],"{""id"":""sec_aft"",""kind"":""gun"",""hp"":0.05,""armour"":2,""node"":""Part_sec_a"",""wreck"":""wreck_turret"",""at"":[0,-19.8,7.7],""radius"":2.4,""mounts"":[4]}"
leviathan/sec_fore,leviathan,3,,,2,0,7.2,10.5,,,,,,0.05,sec_fore,gun,3,Part_sec_f,,2.4,,,,,,wreck_turret,Assets/MachineBrigade/Resources/Data/balance.json: vehicles[223].parts[3],"{""id"":""sec_fore"",""kind"":""gun"",""hp"":0.05,""armour"":2,""node"":""Part_sec_f"",""wreck"":""wreck_turret"",""at"":[0,7.2,10.5],""radius"":2.4,""mounts"":[3]}"
leviathan/turret_aft,leviathan,2,,,4,0,-25.6,5.8,,,,,,0.05,turret_aft,maingun,2,Part_gun.002,,3.8,,,,,,wreck_turret,Assets/MachineBrigade/Resources/Data/balance.json: vehicles[223].parts[2],"{""id"":""turret_aft"",""kind"":""maingun"",""hp"":0.05,""armour"":4,""node"":""Part_gun.002"",""wreck"":""wreck_turret"",""at"":[0,-25.6,5.8],""radius"":3.8,""mounts"":[2]}"
leviathan/turret_fore,leviathan,0,,,4,0,21.4,6.4,,,,,,0.05,turret_fore,maingun,0,Part_gun,radio.part.maingun,3.8,,,,,,wreck_turret,Assets/MachineBrigade/Resources/Data/balance.json: vehicles[223].parts[0],"{""id"":""turret_fore"",""kind"":""maingun"",""hp"":0.05,""armour"":4,""node"":""Part_gun"",""wreck"":""wreck_turret"",""at"":[0,21.4,6.4],""radius"":3.8,""mounts"":[0],""radio"":""radio.part.maingun""}"
leviathan/turret_super,leviathan,1,,,4,0,13.0,8.2,,,,,,0.05,turret_super,maingun,1,Part_gun.001,,3.8,,,,,,wreck_turret,Assets/MachineBrigade/Resources/Data/balance.json: vehicles[223].parts[1],"{""id"":""turret_super"",""kind"":""maingun"",""hp"":0.05,""armour"":4,""node"":""Part_gun.001"",""wreck"":""wreck_turret"",""at"":[0,13.0,8.2],""radius"":3.8,""mounts"":[1]}"
leviathan/vls,leviathan,5,,,2,0,-5.6,7.8,,,,,,0.05,vls,vls,,Part_vls,radio.part.vls,3.8,,,,cruise,,wreck_launcher,Assets/MachineBrigade/Resources/Data/balance.json: vehicles[223].parts[5],"{""id"":""vls"",""kind"":""vls"",""hp"":0.05,""armour"":2,""node"":""Part_vls"",""wreck"":""wreck_launcher"",""at"":[0,-5.6,7.8],""radius"":3.8,""stops"":[""cruise""],""radio"":""radio.part.vls""}"
leviathan/well_deck,leviathan,12,,,2,0,-42.75,1.9,,,,,,0.05,well_deck,welldeck,,Part_welldeck,radio.part.welldeck,3.0,,,,craft,,wreck_stump,Assets/MachineBrigade/Resources/Data/balance.json: vehicles[223].parts[12],"{""id"":""well_deck"",""kind"":""welldeck"",""hp"":0.05,""armour"":2,""node"":""Part_welldeck"",""wreck"":""wreck_stump"",""at"":[0,-42.75,1.9],""radius"":3.0,""stops"":[""craft""],""radio"":""radio.part.welldeck""}"
mega_gunship/gun_l,mega_gunship,0,,,2,-0.56,7.1,1.1,,,,,,0.08,gun_l,gun,1,Mount_gun,,1.5,,,,,,wreck_turret,Assets/MachineBrigade/Resources/Data/balance.json: vehicles[207].parts[0],"{""id"":""gun_l"",""kind"":""gun"",""hp"":0.08,""armour"":2,""node"":""Mount_gun"",""wreck"":""wreck_turret"",""at"":[-0.56,7.1,1.1],""radius"":1.5,""mounts"":[1]}"
mega_gunship/gun_r,mega_gunship,1,,,2,0.56,7.1,1.1,,,,,,0.08,gun_r,gun,2,Mount_gun.001,,1.5,,,,,,wreck_turret,Assets/MachineBrigade/Resources/Data/balance.json: vehicles[207].parts[1],"{""id"":""gun_r"",""kind"":""gun"",""hp"":0.08,""armour"":2,""node"":""Mount_gun.001"",""wreck"":""wreck_turret"",""at"":[0.56,7.1,1.1],""radius"":1.5,""mounts"":[2]}"
mega_gunship/minigun_l,mega_gunship,2,,,2,-1.52,4.6,1.9,,,,,,0.08,minigun_l,minigun,4,Mount_mg,,1.5,,,,,,wreck_turret,Assets/MachineBrigade/Resources/Data/balance.json: vehicles[207].parts[2],"{""id"":""minigun_l"",""kind"":""minigun"",""hp"":0.08,""armour"":2,""node"":""Mount_mg"",""wreck"":""wreck_turret"",""at"":[-1.52,4.6,1.9],""radius"":1.5,""mounts"":[4]}"
mega_gunship/minigun_r,mega_gunship,3,,,2,1.52,4.6,1.9,,,,,,0.08,minigun_r,minigun,5,Mount_mg.001,,1.5,,,,,,wreck_turret,Assets/MachineBrigade/Resources/Data/balance.json: vehicles[207].parts[3],"{""id"":""minigun_r"",""kind"":""minigun"",""hp"":0.08,""armour"":2,""node"":""Mount_mg.001"",""wreck"":""wreck_turret"",""at"":[1.52,4.6,1.9],""radius"":1.5,""mounts"":[5]}"
mega_gunship/missiles,mega_gunship,6,,,2,0,1.25,1.5,,,,,,0.08,missiles,missiles,3,,,1.4,,,,,,wreck_launcher,Assets/MachineBrigade/Resources/Data/balance.json: vehicles[207].parts[6],"{""id"":""missiles"",""kind"":""missiles"",""hp"":0.08,""armour"":2,""wreck"":""wreck_launcher"",""at"":[0,1.25,1.5],""radius"":1.4,""mounts"":[3]}"
mega_gunship/pod_l,mega_gunship,4,,,2,-2.67,1.3,1.4,,,,,,0.08,pod_l,rockets,0,,,1.6,,,,,,wreck_launcher,Assets/MachineBrigade/Resources/Data/balance.json: vehicles[207].parts[4],"{""id"":""pod_l"",""kind"":""rockets"",""hp"":0.08,""armour"":2,""wreck"":""wreck_launcher"",""at"":[-2.67,1.3,1.4],""radius"":1.6,""mounts"":[0]}"
mega_gunship/pod_r,mega_gunship,5,,,2,2.67,1.3,1.4,,,,,,0.08,pod_r,rockets,6,,,1.6,,,,,,wreck_launcher,Assets/MachineBrigade/Resources/Data/balance.json: vehicles[207].parts[5],"{""id"":""pod_r"",""kind"":""rockets"",""hp"":0.08,""armour"":2,""wreck"":""wreck_launcher"",""at"":[2.67,1.3,1.4],""radius"":1.6,""mounts"":[6]}"
mega_gunship/rotor_rear,mega_gunship,7,,,1,0,-6.7,5.7,,,,,,0.1,rotor_rear,rotor,,Rotor_rear,,3.0,,,,,0.5,wreck_stump,Assets/MachineBrigade/Resources/Data/balance.json: vehicles[207].parts[7],"{""id"":""rotor_rear"",""kind"":""rotor"",""hp"":0.1,""armour"":1,""node"":""Rotor_rear"",""wreck"":""wreck_stump"",""at"":[0,-6.7,5.7],""radius"":3.0,""turn"":0.5}"
mobile_fortress/emp,mobile_fortress,6,,,1,0,-4.2,7.7,,,,,,0.07,emp,emp,,Radar,,2.0,boss_emp,,,,,wreck_stump,Assets/MachineBrigade/Resources/Data/balance.json: vehicles[205].parts[6],"{""id"":""emp"",""kind"":""emp"",""hp"":0.07,""armour"":1,""node"":""Radar"",""wreck"":""wreck_stump"",""at"":[0,-4.2,7.7],""radius"":2.0,""skills"":[""boss_emp""]}"
mobile_fortress/flak_l,mobile_fortress,3,,,2,-3.2,6.0,4.6,,,,,,0.07,flak_l,flak,3,Mount_mg,,1.8,,,,,,wreck_turret,Assets/MachineBrigade/Resources/Data/balance.json: vehicles[205].parts[3],"{""id"":""flak_l"",""kind"":""flak"",""hp"":0.07,""armour"":2,""node"":""Mount_mg"",""wreck"":""wreck_turret"",""at"":[-3.2,6.0,4.6],""radius"":1.8,""mounts"":[3]}"
mobile_fortress/flak_r,mobile_fortress,4,,,2,3.2,6.0,4.6,,,,,,0.07,flak_r,flak,4;6,Mount_mg.001,,1.8,,,,,,wreck_turret,Assets/MachineBrigade/Resources/Data/balance.json: vehicles[205].parts[4],"{""id"":""flak_r"",""kind"":""flak"",""hp"":0.07,""armour"":2,""node"":""Mount_mg.001"",""wreck"":""wreck_turret"",""at"":[3.2,6.0,4.6],""radius"":1.8,""mounts"":[4,6]}"
mobile_fortress/howitzer,mobile_fortress,0,,,3,0,3.0,7.1,,,,,,0.09,howitzer,howitzer,0,Main_cannon|Muzzle_brake,radio.part.maingun,3.0,fortress_barrage,,,,,wreck_barrel,Assets/MachineBrigade/Resources/Data/balance.json: vehicles[205].parts[0],"{""id"":""howitzer"",""kind"":""howitzer"",""hp"":0.09,""armour"":3,""node"":""Main_cannon|Muzzle_brake"",""wreck"":""wreck_barrel"",""at"":[0,3.0,7.1],""radius"":3.0,""mounts"":[0],""skills"":[""fortress_barrage""],""radio"":""radio.part.maingun""}"
mobile_fortress/howitzer_2,mobile_fortress,7,howitzer_203,,,0,-2.0,7.4,,,,,,,howitzer_2,,,Mount_gun,,,,,,,,,Assets/MachineBrigade/Resources/Data/balance.json: vehicles[205].parts[7],"{""use"":""howitzer_203"",""id"":""howitzer_2"",""node"":""Mount_gun"",""at"":[0,-2.0,7.4]}"
mobile_fortress/missiles,mobile_fortress,5,,,2,0,-6.05,4.6,,,,,,0.07,missiles,missiles,5,,,1.8,,,,,,wreck_launcher,Assets/MachineBrigade/Resources/Data/balance.json: vehicles[205].parts[5],"{""id"":""missiles"",""kind"":""missiles"",""hp"":0.07,""armour"":2,""wreck"":""wreck_launcher"",""at"":[0,-6.05,4.6],""radius"":1.8,""mounts"":[5]}"
mobile_fortress/rockets_l,mobile_fortress,1,,,2,-1.9,-6.0,4.6,,,,,,0.07,rockets_l,rockets,1,Mount_rocket,,1.8,,,,,,wreck_launcher,Assets/MachineBrigade/Resources/Data/balance.json: vehicles[205].parts[1],"{""id"":""rockets_l"",""kind"":""rockets"",""hp"":0.07,""armour"":2,""node"":""Mount_rocket"",""wreck"":""wreck_launcher"",""at"":[-1.9,-6.0,4.6],""radius"":1.8,""mounts"":[1]}"
mobile_fortress/rockets_r,mobile_fortress,2,,,2,1.9,-6.0,4.6,,,,,,0.07,rockets_r,rockets,2,Mount_rocket.001,,1.8,,,,,,wreck_launcher,Assets/MachineBrigade/Resources/Data/balance.json: vehicles[205].parts[2],"{""id"":""rockets_r"",""kind"":""rockets"",""hp"":0.07,""armour"":2,""node"":""Mount_rocket.001"",""wreck"":""wreck_launcher"",""at"":[1.9,-6.0,4.6],""radius"":1.8,""mounts"":[2]}"
mobile_fortress/sam,mobile_fortress,8,sam_medium,,,2.6,-4.4,5.6,,,,,,,sam,,,Mount_missile.001,,,,,,,,,Assets/MachineBrigade/Resources/Data/balance.json: vehicles[205].parts[8],"{""use"":""sam_medium"",""id"":""sam"",""node"":""Mount_missile.001"",""at"":[2.6,-4.4,5.6]}"
moloch/door_l,moloch,5,workshop_door,,,-3.0,-11.8,2.8,,,,,,,door_l,,,Part_door_l,,,,,,,,,Assets/MachineBrigade/Resources/Data/balance.json: vehicles[229].parts[5],"{""use"":""workshop_door"",""id"":""door_l"",""node"":""Part_door_l"",""at"":[-3.0,-11.8,2.8]}"
moloch/door_r,moloch,6,workshop_door,,,3.0,-11.8,2.8,,,,,,,door_r,,,Part_door_r,,,,,,,,,Assets/MachineBrigade/Resources/Data/balance.json: vehicles[229].parts[6],"{""use"":""workshop_door"",""id"":""door_r"",""node"":""Part_door_r"",""at"":[3.0,-11.8,2.8]}"
moloch/flak,moloch,4,flak_35,,,0,1.4,9.4,,,,,,,flak,,,Mount_mg,,,,,,,,,Assets/MachineBrigade/Resources/Data/balance.json: vehicles[229].parts[4],"{""use"":""flak_35"",""id"":""flak"",""node"":""Mount_mg"",""at"":[0,1.4,9.4]}"
moloch/track_l,moloch,7,tracks,,,-6.0,0,1.4,,,,,,,track_l,,,Part_track_l,,,,0.8,,,,,Assets/MachineBrigade/Resources/Data/balance.json: vehicles[229].parts[7],"{""use"":""tracks"",""id"":""track_l"",""node"":""Part_track_l"",""at"":[-6.0,0,1.4],""speed"":0.8}"
moloch/track_r,moloch,8,tracks,,,6.0,0,1.4,,,,,,,track_r,,,Part_track_r,,,,0.8,,,,,Assets/MachineBrigade/Resources/Data/balance.json: vehicles[229].parts[8],"{""use"":""tracks"",""id"":""track_r"",""node"":""Part_track_r"",""at"":[6.0,0,1.4],""speed"":0.8}"
moloch/turret_fl,moloch,0,turret_120,,,-4.4,7.6,7.4,,,,,,,turret_fl,,0,Turret,radio.part.maingun,,,,,,,,Assets/MachineBrigade/Resources/Data/balance.json: vehicles[229].parts[0],"{""use"":""turret_120"",""id"":""turret_fl"",""mounts"":[0],""node"":""Turret"",""at"":[-4.4,7.6,7.4],""radio"":""radio.part.maingun""}"
moloch/turret_fr,moloch,1,turret_120,,,4.4,7.6,7.4,,,,,,,turret_fr,,,Mount_gun,,,,,,,,,Assets/MachineBrigade/Resources/Data/balance.json: vehicles[229].parts[1],"{""use"":""turret_120"",""id"":""turret_fr"",""node"":""Mount_gun"",""at"":[4.4,7.6,7.4]}"
moloch/turret_rl,moloch,2,turret_120,,,-4.4,-4.6,7.4,,,,,,,turret_rl,,,Mount_gun.001,,,,,,,,,Assets/MachineBrigade/Resources/Data/balance.json: vehicles[229].parts[2],"{""use"":""turret_120"",""id"":""turret_rl"",""node"":""Mount_gun.001"",""at"":[-4.4,-4.6,7.4]}"
moloch/turret_rr,moloch,3,turret_120,,,4.4,-4.6,7.4,,,,,,,turret_rr,,,Mount_gun.002,,,,,,,,,Assets/MachineBrigade/Resources/Data/balance.json: vehicles[229].parts[3],"{""use"":""turret_120"",""id"":""turret_rr"",""node"":""Mount_gun.002"",""at"":[4.4,-4.6,7.4]}"
morrigan/bay_l,morrigan,0,,,1,-0.28,0.81,-0.37,,,,,,0.13,bay_l,missiles,0,Part_bay_l,,1.2,,,,,,wreck_launcher,Assets/MachineBrigade/Resources/Data/balance.json: vehicles[243].parts[0],"{""id"":""bay_l"",""kind"":""missiles"",""hp"":0.13,""armour"":1,""node"":""Part_bay_l"",""wreck"":""wreck_launcher"",""at"":[-0.28,0.81,-0.37],""radius"":1.2,""mounts"":[0]}"
morrigan/bay_r,morrigan,1,,,1,0.28,0.81,-0.37,,,,,,0.13,bay_r,missiles,1,Part_bay_r,,1.2,,,,,,wreck_launcher,Assets/MachineBrigade/Resources/Data/balance.json: vehicles[243].parts[1],"{""id"":""bay_r"",""kind"":""missiles"",""hp"":0.13,""armour"":1,""node"":""Part_bay_r"",""wreck"":""wreck_launcher"",""at"":[0.28,0.81,-0.37],""radius"":1.2,""mounts"":[1]}"
morrigan/bomb_bay,morrigan,2,,,1,0,-1.55,-0.35,,,,,,0.13,bomb_bay,bombbay,2,Part_bomb_bay,,1.1,,,,,,wreck_stump,Assets/MachineBrigade/Resources/Data/balance.json: vehicles[243].parts[2],"{""id"":""bomb_bay"",""kind"":""bombbay"",""hp"":0.13,""armour"":1,""node"":""Part_bomb_bay"",""wreck"":""wreck_stump"",""at"":[0,-1.55,-0.35],""radius"":1.1,""mounts"":[2]}"
morrigan/engines,morrigan,3,,,1,0,-4.9,0.19,,,,,,0.13,engines,engine,,Part_engines,radio.part.engines,1.6,,0.7,,,0.8,wreck_engine,Assets/MachineBrigade/Resources/Data/balance.json: vehicles[243].parts[3],"{""id"":""engines"",""kind"":""engine"",""hp"":0.13,""armour"":1,""node"":""Part_engines"",""wreck"":""wreck_engine"",""at"":[0,-4.9,0.19],""radius"":1.6,""speed"":0.7,""turn"":0.8,""radio"":""radio.part.engines""}"
nuke_train/aa_car,nuke_train,8,flak_35,,,0,-28.2,3.2,,,,,,,aa_car,,,Part_aa,,,,,,,,,Assets/MachineBrigade/Resources/Data/balance.json: vehicles[209].parts[8],"{""use"":""flak_35"",""id"":""aa_car"",""node"":""Part_aa"",""at"":[0,-28.2,3.2]}"
nuke_train/erector,nuke_train,6,,,2,0,-4.5,3.6,,,,,,0.07,erector,erector,,,radio.part.erector,2.6,,,,,,wreck_launcher,Assets/MachineBrigade/Resources/Data/balance.json: vehicles[209].parts[6],"{""id"":""erector"",""kind"":""erector"",""hp"":0.07,""armour"":2,""wreck"":""wreck_launcher"",""at"":[0,-4.5,3.6],""radius"":2.6,""radio"":""radio.part.erector""}"
nuke_train/flak_front,nuke_train,2,,,2,-0.45,8.3,3.5,,,,,,0.07,flak_front,flak,1,Mount_mg,,2.0,,,,,,wreck_turret,Assets/MachineBrigade/Resources/Data/balance.json: vehicles[209].parts[2],"{""id"":""flak_front"",""kind"":""flak"",""hp"":0.07,""armour"":2,""node"":""Mount_mg"",""wreck"":""wreck_turret"",""at"":[-0.45,8.3,3.5],""radius"":2.0,""mounts"":[1]}"
nuke_train/flak_rear,nuke_train,3,,,2,0.45,0.28,3.5,,,,,,0.07,flak_rear,flak,2,Mount_mg.001,,2.0,,,,,,wreck_turret,Assets/MachineBrigade/Resources/Data/balance.json: vehicles[209].parts[3],"{""id"":""flak_rear"",""kind"":""flak"",""hp"":0.07,""armour"":2,""node"":""Mount_mg.001"",""wreck"":""wreck_turret"",""at"":[0.45,0.28,3.5],""radius"":2.0,""mounts"":[2]}"
nuke_train/gun_car_152,nuke_train,7,gun_152_car,,,0,-23.2,3.4,,,,,,,gun_car_152,gun,,Part_gun152,,,,,,,,,Assets/MachineBrigade/Resources/Data/balance.json: vehicles[209].parts[7],"{""use"":""gun_152_car"",""id"":""gun_car_152"",""kind"":""gun"",""node"":""Part_gun152"",""at"":[0,-23.2,3.4]}"
nuke_train/locomotive,nuke_train,0,,,4,0,-8.5,2.5,,,,,,0.08,locomotive,locomotive,,,radio.part.locomotive,3.5,,0.5,,,,wreck_stump,Assets/MachineBrigade/Resources/Data/balance.json: vehicles[209].parts[0],"{""id"":""locomotive"",""kind"":""locomotive"",""hp"":0.08,""armour"":4,""wreck"":""wreck_stump"",""at"":[0,-8.5,2.5],""radius"":3.5,""speed"":0.5,""radio"":""radio.part.locomotive""}"
nuke_train/rocket_car,nuke_train,4,,,2,0,-13.4,2.6,,,,,,0.07,rocket_car,rockets,3,Part_rocket,,2.4,,,,,,wreck_launcher,Assets/MachineBrigade/Resources/Data/balance.json: vehicles[209].parts[4],"{""id"":""rocket_car"",""kind"":""rockets"",""hp"":0.07,""armour"":2,""node"":""Part_rocket"",""wreck"":""wreck_launcher"",""at"":[0,-13.4,2.6],""radius"":2.4,""mounts"":[3]}"
nuke_train/sam_car,nuke_train,5,,,2,0,-18.2,2.8,,,,,,0.07,sam_car,sam,4,Part_missile,,2.4,,,,,,wreck_launcher,Assets/MachineBrigade/Resources/Data/balance.json: vehicles[209].parts[5],"{""id"":""sam_car"",""kind"":""sam"",""hp"":0.07,""armour"":2,""node"":""Part_missile"",""wreck"":""wreck_launcher"",""at"":[0,-18.2,2.8],""radius"":2.4,""mounts"":[4]}"
nuke_train/twin_gun,nuke_train,1,,,3,0,5.5,3.9,,,,,,0.09,twin_gun,maingun,0,Main_cannon|Main_cannon_2|Muzzle_brake|Muzzle_brake_2,radio.part.maingun,3.0,,,,,,wreck_barrel,Assets/MachineBrigade/Resources/Data/balance.json: vehicles[209].parts[1],"{""id"":""twin_gun"",""kind"":""maingun"",""hp"":0.09,""armour"":3,""node"":""Main_cannon|Main_cannon_2|Muzzle_brake|Muzzle_brake_2"",""wreck"":""wreck_barrel"",""at"":[0,5.5,3.9],""radius"":3.0,""mounts"":[0],""radio"":""radio.part.maingun""}"
rail_supergun/aa_l,rail_supergun,6,,,2,-2.55,-12.1,4.6,,,,,,0.07,aa_l,ciws,3,Part_mg,,1.8,,,,,,wreck_turret,Assets/MachineBrigade/Resources/Data/balance.json: vehicles[216].parts[6],"{""id"":""aa_l"",""kind"":""ciws"",""hp"":0.07,""armour"":2,""node"":""Part_mg"",""wreck"":""wreck_turret"",""at"":[-2.55,-12.1,4.6],""radius"":1.8,""mounts"":[3]}"
rail_supergun/aa_r,rail_supergun,7,,,2,2.55,-12.1,4.6,,,,,,0.07,aa_r,ciws,4,Part_mg.001,,1.8,,,,,,wreck_turret,Assets/MachineBrigade/Resources/Data/balance.json: vehicles[216].parts[7],"{""id"":""aa_r"",""kind"":""ciws"",""hp"":0.07,""armour"":2,""node"":""Part_mg.001"",""wreck"":""wreck_turret"",""at"":[2.55,-12.1,4.6],""radius"":1.8,""mounts"":[4]}"
rail_supergun/fire_control,rail_supergun,3,,,2,0,-11.2,4.5,,,,,energy,0.09,fire_control,station,,Part_generator,,2.5,,,,spotter,,wreck_stump,Assets/MachineBrigade/Resources/Data/balance.json: vehicles[216].parts[3],"{""id"":""fire_control"",""kind"":""station"",""hp"":0.09,""armour"":2,""node"":""Part_generator"",""wreck"":""wreck_stump"",""at"":[0,-11.2,4.5],""radius"":2.5,""stops"":[""spotter""],""fx"":""energy""}"
rail_supergun/gun_l,rail_supergun,4,,,3,-2.6,11.3,4.4,,,,,,0.08,gun_l,gun,1,Part_gun,,1.8,,,,,,wreck_turret,Assets/MachineBrigade/Resources/Data/balance.json: vehicles[216].parts[4],"{""id"":""gun_l"",""kind"":""gun"",""hp"":0.08,""armour"":3,""node"":""Part_gun"",""wreck"":""wreck_turret"",""at"":[-2.6,11.3,4.4],""radius"":1.8,""mounts"":[1]}"
rail_supergun/gun_r,rail_supergun,5,,,3,2.6,11.3,4.4,,,,,,0.08,gun_r,gun,2,Part_gun.001,,1.8,,,,,,wreck_turret,Assets/MachineBrigade/Resources/Data/balance.json: vehicles[216].parts[5],"{""id"":""gun_r"",""kind"":""gun"",""hp"":0.08,""armour"":3,""node"":""Part_gun.001"",""wreck"":""wreck_turret"",""at"":[2.6,11.3,4.4],""radius"":1.8,""mounts"":[2]}"
rail_supergun/main_gun,rail_supergun,0,,,3,0,6.0,9.0,,,,,,0.14,main_gun,maingun,,Main_cannon*|Muzzle_brake,radio.part.maingun,5.0,,,,bombard,,wreck_barrel,Assets/MachineBrigade/Resources/Data/balance.json: vehicles[216].parts[0],"{""id"":""main_gun"",""kind"":""maingun"",""hp"":0.14,""armour"":3,""node"":""Main_cannon*|Muzzle_brake"",""wreck"":""wreck_barrel"",""at"":[0,6.0,9.0],""radius"":5.0,""stops"":[""bombard""],""radio"":""radio.part.maingun""}"
rail_supergun/tractor_l,rail_supergun,1,,,3,-2.5,-13.2,1.5,0,,1.3,,,0.08,tractor_l,tractor,,,,3.0,,,,,,wreck_stump,Assets/MachineBrigade/Resources/Data/balance.json: vehicles[216].parts[1],"{""id"":""tractor_l"",""kind"":""tractor"",""hp"":0.08,""armour"":3,""wreck"":""wreck_stump"",""at"":[-2.5,-13.2,1.5],""radius"":3.0,""attach"":0,""cadence"":1.3}"
rail_supergun/tractor_r,rail_supergun,2,,,3,2.5,-13.2,1.5,1,,1.3,,,0.08,tractor_r,tractor,,,,3.0,,,,,,wreck_stump,Assets/MachineBrigade/Resources/Data/balance.json: vehicles[216].parts[2],"{""id"":""tractor_r"",""kind"":""tractor"",""hp"":0.08,""armour"":3,""wreck"":""wreck_stump"",""at"":[2.5,-13.2,1.5],""radius"":3.0,""attach"":1,""cadence"":1.3}"
silver_bug/crash_turret_l,silver_bug,10,gun_40,,,-6.5,-6.0,2.2,,,,,,,crash_turret_l,,,Mount_gun.002,,,,,,,,,Assets/MachineBrigade/Resources/Data/balance.json: vehicles[210].parts[10],"{""use"":""gun_40"",""id"":""crash_turret_l"",""node"":""Mount_gun.002"",""at"":[-6.5,-6.0,2.2]}"
silver_bug/crash_turret_r,silver_bug,11,gun_40,,,6.5,-6.0,2.2,,,,,,,crash_turret_r,,,Mount_gun.003,,,,,,,,,Assets/MachineBrigade/Resources/Data/balance.json: vehicles[210].parts[11],"{""use"":""gun_40"",""id"":""crash_turret_r"",""node"":""Mount_gun.003"",""at"":[6.5,-6.0,2.2]}"
silver_bug/main_engine,silver_bug,1,,,2,0,-15.5,0.6,,,,,,0.06,main_engine,mainengine,,Thruster_main,radio.part.mainengine,3.4,,,,thrust,,wreck_stump,Assets/MachineBrigade/Resources/Data/balance.json: vehicles[210].parts[1],"{""id"":""main_engine"",""kind"":""mainengine"",""hp"":0.06,""armour"":2,""node"":""Thruster_main"",""wreck"":""wreck_stump"",""at"":[0,-15.5,0.6],""radius"":3.4,""stops"":[""thrust""],""radio"":""radio.part.mainengine""}"
silver_bug/main_laser,silver_bug,0,,,3,0,7,-2.8,,,,,energy,0.06,main_laser,laser,0,Turret,radio.part.maingun,2.4,,,,,,wreck_stump,Assets/MachineBrigade/Resources/Data/balance.json: vehicles[210].parts[0],"{""id"":""main_laser"",""kind"":""laser"",""hp"":0.06,""armour"":3,""node"":""Turret"",""wreck"":""wreck_stump"",""at"":[0,7,-2.8],""radius"":2.4,""mounts"":[0],""radio"":""radio.part.maingun"",""fx"":""energy""}"
silver_bug/pd_laser_l,silver_bug,6,,,2,-3.2,5,3.2,,,,,energy,0.06,pd_laser_l,pdlaser,,Pd_laser_l,,1.6,,,,aps,,wreck_turret,Assets/MachineBrigade/Resources/Data/balance.json: vehicles[210].parts[6],"{""id"":""pd_laser_l"",""kind"":""pdlaser"",""hp"":0.06,""armour"":2,""node"":""Pd_laser_l"",""wreck"":""wreck_turret"",""at"":[-3.2,5,3.2],""radius"":1.6,""stops"":[""aps""],""fx"":""energy""}"
silver_bug/pd_laser_r,silver_bug,7,,,2,3.2,5,3.2,,,,,energy,0.06,pd_laser_r,pdlaser,,Pd_laser_r,,1.6,,,,aps,,wreck_turret,Assets/MachineBrigade/Resources/Data/balance.json: vehicles[210].parts[7],"{""id"":""pd_laser_r"",""kind"":""pdlaser"",""hp"":0.06,""armour"":2,""node"":""Pd_laser_r"",""wreck"":""wreck_turret"",""at"":[3.2,5,3.2],""radius"":1.6,""stops"":[""aps""],""fx"":""energy""}"
silver_bug/pod_bay,silver_bug,8,,,2,0,-4,-2.6,,,,,,0.06,pod_bay,podbay,,Pod_bay,radio.part.podbay,2.8,,,,pods,,wreck_stump,Assets/MachineBrigade/Resources/Data/balance.json: vehicles[210].parts[8],"{""id"":""pod_bay"",""kind"":""podbay"",""hp"":0.06,""armour"":2,""node"":""Pod_bay"",""wreck"":""wreck_stump"",""at"":[0,-4,-2.6],""radius"":2.8,""stops"":[""pods""],""radio"":""radio.part.podbay""}"
silver_bug/thruster_fl,silver_bug,2,,,1,-4.5,11,0.8,,,,,,0.06,thruster_fl,thruster,,Thruster_fl,,1.6,,0.88,,,,wreck_stump,Assets/MachineBrigade/Resources/Data/balance.json: vehicles[210].parts[2],"{""id"":""thruster_fl"",""kind"":""thruster"",""hp"":0.06,""armour"":1,""node"":""Thruster_fl"",""wreck"":""wreck_stump"",""at"":[-4.5,11,0.8],""radius"":1.6,""speed"":0.88}"
silver_bug/thruster_fr,silver_bug,3,,,1,4.5,11,0.8,,,,,,0.06,thruster_fr,thruster,,Thruster_fr,,1.6,,0.88,,,,wreck_stump,Assets/MachineBrigade/Resources/Data/balance.json: vehicles[210].parts[3],"{""id"":""thruster_fr"",""kind"":""thruster"",""hp"":0.06,""armour"":1,""node"":""Thruster_fr"",""wreck"":""wreck_stump"",""at"":[4.5,11,0.8],""radius"":1.6,""speed"":0.88}"
silver_bug/thruster_rl,silver_bug,4,,,1,-8,-11,0.4,,,,,,0.06,thruster_rl,thruster,,Thruster_rl,,1.6,,0.88,,,,wreck_stump,Assets/MachineBrigade/Resources/Data/balance.json: vehicles[210].parts[4],"{""id"":""thruster_rl"",""kind"":""thruster"",""hp"":0.06,""armour"":1,""node"":""Thruster_rl"",""wreck"":""wreck_stump"",""at"":[-8,-11,0.4],""radius"":1.6,""speed"":0.88}"
silver_bug/thruster_rr,silver_bug,5,,,1,8,-11,0.4,,,,,,0.06,thruster_rr,thruster,,Thruster_rr,,1.6,,0.88,,,,wreck_stump,Assets/MachineBrigade/Resources/Data/balance.json: vehicles[210].parts[5],"{""id"":""thruster_rr"",""kind"":""thruster"",""hp"":0.06,""armour"":1,""node"":""Thruster_rr"",""wreck"":""wreck_stump"",""at"":[8,-11,0.4],""radius"":1.6,""speed"":0.88}"
silver_bug/uplink,silver_bug,9,,,1,0,-3,4.2,,,,,energy,0.06,uplink,uplink,,Uplink,radio.part.uplink,2.0,,,,,,wreck_stump,Assets/MachineBrigade/Resources/Data/balance.json: vehicles[210].parts[9],"{""id"":""uplink"",""kind"":""uplink"",""hp"":0.06,""armour"":1,""node"":""Uplink"",""wreck"":""wreck_stump"",""at"":[0,-3,4.2],""radius"":2.0,""radio"":""radio.part.uplink"",""fx"":""energy""}"
sky_fortress/engine_1,sky_fortress,5,,,2,5.85,3.5,1.2,,,,,,0.07,engine_1,engine,,Propeller,,1.8,,0.85,,,,wreck_engine,Assets/MachineBrigade/Resources/Data/balance.json: vehicles[222].parts[5],"{""id"":""engine_1"",""kind"":""engine"",""hp"":0.07,""armour"":2,""node"":""Propeller"",""wreck"":""wreck_engine"",""at"":[5.85,3.5,1.2],""radius"":1.8,""speed"":0.85}"
sky_fortress/engine_2,sky_fortress,6,,,2,3.12,3.6,1.2,,,,,,0.07,engine_2,engine,,Propeller_2,,1.8,,0.85,,,,wreck_engine,Assets/MachineBrigade/Resources/Data/balance.json: vehicles[222].parts[6],"{""id"":""engine_2"",""kind"":""engine"",""hp"":0.07,""armour"":2,""node"":""Propeller_2"",""wreck"":""wreck_engine"",""at"":[3.12,3.6,1.2],""radius"":1.8,""speed"":0.85}"
sky_fortress/engine_3,sky_fortress,7,,,2,-3.12,3.6,1.2,,,,,,0.07,engine_3,engine,,Propeller_3,,1.8,,0.85,,,,wreck_engine,Assets/MachineBrigade/Resources/Data/balance.json: vehicles[222].parts[7],"{""id"":""engine_3"",""kind"":""engine"",""hp"":0.07,""armour"":2,""node"":""Propeller_3"",""wreck"":""wreck_engine"",""at"":[-3.12,3.6,1.2],""radius"":1.8,""speed"":0.85}"
sky_fortress/engine_4,sky_fortress,8,,,2,-5.85,3.5,1.2,,,,,,0.07,engine_4,engine,,Propeller_4,,1.8,,0.85,,,,wreck_engine,Assets/MachineBrigade/Resources/Data/balance.json: vehicles[222].parts[8],"{""id"":""engine_4"",""kind"":""engine"",""hp"":0.07,""armour"":2,""node"":""Propeller_4"",""wreck"":""wreck_engine"",""at"":[-5.85,3.5,1.2],""radius"":1.8,""speed"":0.85}"
sky_fortress/griffin,sky_fortress,4,,,2,0,-6.4,-0.5,,,,,,0.08,griffin,missiles,4,,,2.0,,,,,,wreck_launcher,Assets/MachineBrigade/Resources/Data/balance.json: vehicles[222].parts[4],"{""id"":""griffin"",""kind"":""missiles"",""hp"":0.08,""armour"":2,""wreck"":""wreck_launcher"",""at"":[0,-6.4,-0.5],""radius"":2.0,""mounts"":[4]}"
sky_fortress/gun_25,sky_fortress,3,,,2,-1.33,4.29,0,,,,,,0.08,gun_25,gun,3,Mount_mg,,1.6,,,,,,wreck_turret,Assets/MachineBrigade/Resources/Data/balance.json: vehicles[222].parts[3],"{""id"":""gun_25"",""kind"":""gun"",""hp"":0.08,""armour"":2,""node"":""Mount_mg"",""wreck"":""wreck_turret"",""at"":[-1.33,4.29,0],""radius"":1.6,""mounts"":[3]}"
sky_fortress/gun_40a,sky_fortress,1,,,2,-1.33,1.23,0,,,,,,0.08,gun_40a,gun,1,Mount_gun,,1.6,,,,,,wreck_turret,Assets/MachineBrigade/Resources/Data/balance.json: vehicles[222].parts[1],"{""id"":""gun_40a"",""kind"":""gun"",""hp"":0.08,""armour"":2,""node"":""Mount_gun"",""wreck"":""wreck_turret"",""at"":[-1.33,1.23,0],""radius"":1.6,""mounts"":[1]}"
sky_fortress/gun_40b,sky_fortress,2,,,2,-1.33,-0.97,0,,,,,,0.08,gun_40b,gun,2,Mount_gun.001,,1.6,,,,,,wreck_turret,Assets/MachineBrigade/Resources/Data/balance.json: vehicles[222].parts[2],"{""id"":""gun_40b"",""kind"":""gun"",""hp"":0.08,""armour"":2,""node"":""Mount_gun.001"",""wreck"":""wreck_turret"",""at"":[-1.33,-0.97,0],""radius"":1.6,""mounts"":[2]}"
sky_fortress/gun_105,sky_fortress,0,,,2,-1.33,-3.7,0,,,,,,0.09,gun_105,maingun,0,Mount_main,radio.part.maingun,2.0,,,,,,wreck_turret,Assets/MachineBrigade/Resources/Data/balance.json: vehicles[222].parts[0],"{""id"":""gun_105"",""kind"":""maingun"",""hp"":0.09,""armour"":2,""node"":""Mount_main"",""wreck"":""wreck_turret"",""at"":[-1.33,-3.7,0],""radius"":2.0,""mounts"":[0],""radio"":""radio.part.maingun""}"
supreme_command/antenna,supreme_command,0,,,1,0.6,-4.9,4.1,,,,,energy,0.15,antenna,antenna,,Part_antenna,radio.part.antenna,2.0,,,,aura,,wreck_stump,Assets/MachineBrigade/Resources/Data/balance.json: vehicles[221].parts[0],"{""id"":""antenna"",""kind"":""antenna"",""hp"":0.15,""armour"":1,""node"":""Part_antenna"",""wreck"":""wreck_stump"",""at"":[0.6,-4.9,4.1],""radius"":2.0,""stops"":[""aura""],""radio"":""radio.part.antenna"",""fx"":""energy""}"
supreme_command/mg_l,supreme_command,1,,,3,-1.15,2.75,5.6,,,,,,0.1,mg_l,gun,0,Part_mg,,1.5,,,,,,wreck_turret,Assets/MachineBrigade/Resources/Data/balance.json: vehicles[221].parts[1],"{""id"":""mg_l"",""kind"":""gun"",""hp"":0.1,""armour"":3,""node"":""Part_mg"",""wreck"":""wreck_turret"",""at"":[-1.15,2.75,5.6],""radius"":1.5,""mounts"":[0]}"
supreme_command/mg_r,supreme_command,2,,,3,1.15,2.75,5.6,,,,,,0.1,mg_r,gun,1,Part_mg.001,,1.5,,,,,,wreck_turret,Assets/MachineBrigade/Resources/Data/balance.json: vehicles[221].parts[2],"{""id"":""mg_r"",""kind"":""gun"",""hp"":0.1,""armour"":3,""node"":""Part_mg.001"",""wreck"":""wreck_turret"",""at"":[1.15,2.75,5.6],""radius"":1.5,""mounts"":[1]}"
typhon/deck_gun,typhon,6,deck_gun_100,,,0,16.0,4.2,,,,,,,deck_gun,,,Mount_gun,,,,,,,,,Assets/MachineBrigade/Resources/Data/balance.json: vehicles[232].parts[6],"{""use"":""deck_gun_100"",""id"":""deck_gun"",""node"":""Mount_gun"",""at"":[0,16.0,4.2]}"
typhon/doors_l,typhon,1,,,2,-2.2,-6.0,3.6,,,,,,0.08,doors_l,launchdoors,,Part_doors_l,radio.part.launchdoors,3.0,,,,cruise,,wreck_launcher,Assets/MachineBrigade/Resources/Data/balance.json: vehicles[232].parts[1],"{""id"":""doors_l"",""kind"":""launchdoors"",""hp"":0.08,""armour"":2,""node"":""Part_doors_l"",""wreck"":""wreck_launcher"",""at"":[-2.2,-6.0,3.6],""radius"":3.0,""stops"":[""cruise""],""radio"":""radio.part.launchdoors""}"
typhon/doors_r,typhon,2,,,2,2.2,-6.0,3.6,,,,,,0.08,doors_r,launchdoors,,Part_doors_r,,3.0,,,,cruise,,wreck_launcher,Assets/MachineBrigade/Resources/Data/balance.json: vehicles[232].parts[2],"{""id"":""doors_r"",""kind"":""launchdoors"",""hp"":0.08,""armour"":2,""node"":""Part_doors_r"",""wreck"":""wreck_launcher"",""at"":[2.2,-6.0,3.6],""radius"":3.0,""stops"":[""cruise""]}"
typhon/rudder,typhon,3,,,2,0,-27.0,2.6,,,,,,0.08,rudder,rudder,,Part_rudder,,2.6,,0.9,,,0.5,wreck_stump,Assets/MachineBrigade/Resources/Data/balance.json: vehicles[232].parts[3],"{""id"":""rudder"",""kind"":""rudder"",""hp"":0.08,""armour"":2,""node"":""Part_rudder"",""wreck"":""wreck_stump"",""at"":[0,-27.0,2.6],""radius"":2.6,""turn"":0.5,""speed"":0.9}"
typhon/sail,typhon,0,,0,2,0,6.0,7.0,,,,,,0.08,sail,sail,,Part_sail,radio.part.sail,3.0,,,2,,,wreck_stump,Assets/MachineBrigade/Resources/Data/balance.json: vehicles[232].parts[0],"{""id"":""sail"",""kind"":""sail"",""hp"":0.08,""armour"":2,""node"":""Part_sail"",""wreck"":""wreck_stump"",""at"":[0,6.0,7.0],""radius"":3.0,""spread"":2,""affects"":[0],""radio"":""radio.part.sail""}"
typhon/sam,typhon,5,,,2,0,3.0,9.0,,,,,,0.08,sam,sam,0,Mount_missile,,1.8,,,,,,wreck_launcher,Assets/MachineBrigade/Resources/Data/balance.json: vehicles[232].parts[5],"{""id"":""sam"",""kind"":""sam"",""hp"":0.08,""armour"":2,""node"":""Mount_missile"",""wreck"":""wreck_launcher"",""at"":[0,3.0,9.0],""radius"":1.8,""mounts"":[0]}"
typhon/sonar,typhon,4,,,1,0,26.0,2.4,,,,,energy,0.08,sonar,sonar,,Part_sonar,,2.4,,,,radar,,wreck_stump,Assets/MachineBrigade/Resources/Data/balance.json: vehicles[232].parts[4],"{""id"":""sonar"",""kind"":""sonar"",""hp"":0.08,""armour"":1,""node"":""Part_sonar"",""wreck"":""wreck_stump"",""at"":[0,26.0,2.4],""radius"":2.4,""stops"":[""radar""],""fx"":""energy""}"
